"Symbol","Date","rv5","close_price"
".DJI",2000-01-03,0.00012435202436041,11353.16
".DJI",2000-01-04,0.00021091520449902,11001.03
".DJI",2000-01-05,0.00021079764184672,11127.61
".DJI",2000-01-06,0.00011409016770596,11247.37
".DJI",2000-01-07,0.00012151106486787,11521.32
".DJI",2000-01-10,7.22585582279594e-05,11576.23
".DJI",2000-01-11,6.78184143158687e-05,11516.04
".DJI",2000-01-12,0.00010076591690757,11550.48
".DJI",2000-01-13,6.69315081098464e-05,11584.92
".DJI",2000-01-14,8.47414726415374e-05,11712.74
".DJI",2000-01-18,0.00011732865975005,11566.84
".DJI",2000-01-19,6.29266828360943e-05,11489.05
".DJI",2000-01-20,0.0001598440693055,11349.75
".DJI",2000-01-21,7.30765528683428e-05,11246.52
".DJI",2000-01-24,0.00027663840229486,10997.39
".DJI",2000-01-25,0.00016407215165402,11029.19
".DJI",2000-01-26,8.73382704640201e-05,11045.09
".DJI",2000-01-27,0.00017403782640288,11031.36
".DJI",2000-01-28,0.00029119896939797,10768.19
".DJI",2000-01-31,0.00018845436043691,10939.06
".DJI",2000-02-01,0.00012458669867831,11038.57
".DJI",2000-02-02,0.00014576124340148,11007.16
".DJI",2000-02-03,0.00014441398943853,11013.68
".DJI",2000-02-04,0.00010079912304587,10973.42
".DJI",2000-02-07,9.16868729328045e-05,10907.18
".DJI",2000-02-08,8.34030469282398e-05,10953.25
".DJI",2000-02-09,9.7186796221426e-05,10706.61
".DJI",2000-02-10,0.00010619943515195,10645.8
".DJI",2000-02-11,0.00014807333300987,10432.82
".DJI",2000-02-14,0.00010697471651337,10518.91
".DJI",2000-02-15,0.00012702670174174,10721.89
".DJI",2000-02-16,9.67141713383103e-05,10571.65
".DJI",2000-02-17,0.00024463672183945,10509.29
".DJI",2000-02-18,0.00017473829398007,10234.41
".DJI",2000-02-22,0.00022171510151313,10300.81
".DJI",2000-02-23,0.00015926584356281,10239.69
".DJI",2000-02-24,0.00036177252990503,10100.39
".DJI",2000-02-25,0.00030019817598891,9875.46
".DJI",2000-02-28,0.00033440190052649,10044.85
".DJI",2000-02-29,0.00014489246278516,10150.34
".DJI",2000-03-01,0.00014155554626878,10137
".DJI",2000-03-02,0.00010219933890805,10166
".DJI",2000-03-03,0.00020069429170409,10360.37
".DJI",2000-03-06,9.24675193247189e-05,10167.71
".DJI",2000-03-07,0.00059119708379005,9803.17
".DJI",2000-03-08,0.00013207241698144,9903.07
".DJI",2000-03-09,0.00015120191597938,10002.97
".DJI",2000-03-10,0.00018746366809324,9936.58
".DJI",2000-03-13,0.00049335285979037,9938.36
".DJI",2000-03-14,0.0001796076747522,9837.3
".DJI",2000-03-15,0.00019764975630515,10107.83
".DJI",2000-03-16,0.00035407045780228,10601.67
".DJI",2000-03-20,0.00010645828536133,10675.89
".DJI",2000-03-21,0.00014342352416311,10897.33
".DJI",2000-03-22,9.13413871501243e-05,10864.21
".DJI",2000-03-23,0.00016123048122839,11106.21
".DJI",2000-03-24,0.00016782746893988,11125.13
".DJI",2000-03-27,9.65580593053996e-05,11023.06
".DJI",2000-03-28,9.42440573126363e-05,11069.13
".DJI",2000-03-29,0.00013306093347616,11025.85
".DJI",2000-03-30,0.00019854579186197,10983.04
".DJI",2000-03-31,0.00019649239348624,10956.98
".DJI",2000-04-03,0.0002375022587772,11211.07
".DJI",2000-04-04,0.00099431366530269,11177.25
".DJI",2000-04-05,0.00030716869609188,11043.23
".DJI",2000-04-06,0.00014163894330856,11112.1
".DJI",2000-04-07,0.00010226304818458,11110.24
".DJI",2000-04-10,0.0001184782681073,11184.16
".DJI",2000-04-11,0.00024822860654826,11283.05
".DJI",2000-04-12,0.00012560736642448,11371.54
".DJI",2000-04-13,0.00030947488246074,10924.09
".DJI",2000-04-14,0.00092461078179372,10319.73
".DJI",2000-04-17,0.00053515321679097,10567.23
".DJI",2000-04-18,0.00019625502410598,10760.59
".DJI",2000-04-19,0.00014541918338172,10680.32
".DJI",2000-04-20,7.46027263229477e-05,10838.77
".DJI",2000-04-24,0.000360230103274,10901.44
".DJI",2000-04-25,0.00013793970391123,11124.82
".DJI",2000-04-26,0.00011246580229423,10946.43
".DJI",2000-04-27,0.00037890832467749,10883.45
".DJI",2000-04-28,0.00015468681169109,10737.63
".DJI",2000-05-01,9.47536771775445e-05,10817.06
".DJI",2000-05-02,9.96349806640304e-05,10729.64
".DJI",2000-05-03,0.00020214465953783,10482.84
".DJI",2000-05-04,9.35181472236735e-05,10416.53
".DJI",2000-05-05,0.00011728881956287,10573.2
".DJI",2000-05-08,6.45911297593798e-05,10597.84
".DJI",2000-05-09,0.00013270512904299,10551.76
".DJI",2000-05-11,0.00014140552386852,10546.57
".DJI",2000-05-12,7.16421482319455e-05,10611.77
".DJI",2000-05-15,6.48560927867739e-05,10800.16
".DJI",2000-05-16,0.00017936522333618,10932.86
".DJI",2000-05-17,0.00019985451432001,10776.77
".DJI",2000-05-18,5.05033531654805e-05,10783.28
".DJI",2000-05-19,0.00013712312858401,10617.25
".DJI",2000-05-22,0.0002386161148548,10538.78
".DJI",2000-05-23,0.00010099813512666,10419.27
".DJI",2000-05-24,0.00018601551022246,10535.69
".DJI",2000-05-25,0.0001844605110812,10331.71
".DJI",2000-05-26,0.00012686828504066,10309.18
".DJI",2000-05-30,0.00013742034835971,10516.85
".DJI",2000-05-31,9.66926387220925e-05,10521.64
".DJI",2000-06-01,7.31119842371638e-05,10646.72
".DJI",2000-06-02,0.00019521494744348,10775.23
".DJI",2000-06-05,6.64599102839037e-05,10811.47
".DJI",2000-06-06,9.13909554603083e-05,10732.17
".DJI",2000-06-07,6.18208990920045e-05,10817.39
".DJI",2000-06-08,9.47473043531704e-05,10672.2
".DJI",2000-06-09,6.9725488853488e-05,10615.36
".DJI",2000-06-12,3.8801460662906e-05,10573.4
".DJI",2000-06-13,7.12704131304013e-05,10619.36
".DJI",2000-06-14,8.56028555852576e-05,10688.3
".DJI",2000-06-15,8.9453661430195e-05,10710.58
".DJI",2000-06-16,5.92177801935507e-05,10478.29
".DJI",2000-06-19,9.36864630153125e-05,10564.91
".DJI",2000-06-20,7.97689552219044e-05,10440.55
".DJI",2000-06-21,6.30654406249923e-05,10498.44
".DJI",2000-06-22,8.0954107578122e-05,10382.13
".DJI",2000-06-23,8.116445521617e-05,10410.06
".DJI",2000-06-26,9.68606566154002e-05,10542.29
".DJI",2000-06-27,5.02199134829129e-05,10522.66
".DJI",2000-06-28,7.39889828462449e-05,10524.25
".DJI",2000-06-29,0.00016827150931279,10397.33
".DJI",2000-06-30,6.46351367084903e-05,10418.54
".DJI",2000-07-03,1.41842381194071e-05,10456.73
".DJI",2000-07-05,6.44944048744917e-05,10498.09
".DJI",2000-07-06,5.41910810274331e-05,10480.77
".DJI",2000-07-07,3.81677770337127e-05,10640.49
".DJI",2000-07-10,3.52673320902608e-05,10652.59
".DJI",2000-07-11,7.95350233171004e-05,10727.19
".DJI",2000-07-12,5.20462674278187e-05,10788.36
".DJI",2000-07-13,4.91314704551606e-05,10790.04
".DJI",2000-07-14,3.88696850567739e-05,10803.12
".DJI",2000-07-17,3.1437818977862e-05,10804.98
".DJI",2000-07-18,4.67803531599814e-05,10745.58
".DJI",2000-07-19,6.09617327837237e-05,10704.92
".DJI",2000-07-20,0.00010039007518173,10852
".DJI",2000-07-21,3.72995446109491e-05,10737.36
".DJI",2000-07-24,4.6616694196294e-05,10689.01
".DJI",2000-07-25,5.4337638184593e-05,10700.32
".DJI",2000-07-26,7.74619165601972e-05,10558.9
".DJI",2000-07-27,0.00013428575049222,10588.34
".DJI",2000-07-28,0.00011631115000438,10501.1
".DJI",2000-07-31,5.3649855362828e-05,10521.98
".DJI",2000-08-01,6.04683510166031e-05,10602.19
".DJI",2000-08-02,5.20195371673075e-05,10692.66
".DJI",2000-08-03,8.60469572703994e-05,10705.12
".DJI",2000-08-04,6.62739510227994e-05,10760.79
".DJI",2000-08-07,4.08128298586145e-05,10864.72
".DJI",2000-08-08,4.15171341043306e-05,10979.82
".DJI",2000-08-09,4.96443278490082e-05,10919.75
".DJI",2000-08-10,4.23358829470311e-05,10910.96
".DJI",2000-08-11,4.03411498250826e-05,11027.8
".DJI",2000-08-14,3.31086988404294e-05,11172.85
".DJI",2000-08-15,3.82506676692802e-05,11077.62
".DJI",2000-08-16,3.78008635698194e-05,11015.35
".DJI",2000-08-17,4.20667284134432e-05,11057.84
".DJI",2000-08-18,3.75434664256865e-05,11048.22
".DJI",2000-08-21,2.29123349091253e-05,11075.05
".DJI",2000-08-22,3.18060094357179e-05,11145.47
".DJI",2000-08-23,3.18853486544584e-05,11142.81
".DJI",2000-08-24,2.08446591252418e-05,11187.13
".DJI",2000-08-25,2.70742664982939e-05,11188.23
".DJI",2000-08-28,2.49400638824196e-05,11285.39
".DJI",2000-08-29,2.96094036407718e-05,11225.18
".DJI",2000-08-30,4.08622989651558e-05,11111.05
".DJI",2000-08-31,5.58155742293104e-05,11232.12
".DJI",2000-09-01,5.29763252164103e-05,11246.55
".DJI",2000-09-05,3.77862431119519e-05,11264.68
".DJI",2000-09-06,9.76947976854625e-05,11315.73
".DJI",2000-09-07,4.81076364783267e-05,11269.85
".DJI",2000-09-08,4.29597963750881e-05,11215.47
".DJI",2000-09-11,5.11671328010929e-05,11194.38
".DJI",2000-09-12,6.91074360990021e-05,11235.82
".DJI",2000-09-13,4.53799802190402e-05,11179.12
".DJI",2000-09-14,3.01892414592868e-05,11087.84
".DJI",2000-09-15,4.98779576406633e-05,10946.61
".DJI",2000-09-18,4.80364107489397e-05,10812.22
".DJI",2000-09-19,5.55151752692948e-05,10797.8
".DJI",2000-09-20,0.00010930284722525,10689.03
".DJI",2000-09-21,8.8944863279315e-05,10765.42
".DJI",2000-09-22,0.00019744952475955,10848.85
".DJI",2000-09-25,5.78516216908296e-05,10811.48
".DJI",2000-09-26,0.00012282058497896,10635.39
".DJI",2000-09-27,0.00010314059657132,10626.97
".DJI",2000-09-28,6.74893138799477e-05,10836.64
".DJI",2000-09-29,0.00010781015971718,10657.95
".DJI",2000-10-02,0.00010439406324025,10699.39
".DJI",2000-10-03,9.76092208254552e-05,10714.19
".DJI",2000-10-04,7.81008884507978e-05,10785.96
".DJI",2000-10-05,5.94210344812332e-05,10725.29
".DJI",2000-10-06,0.000123691351446,10594.6
".DJI",2000-10-09,5.30801253166999e-05,10565.74
".DJI",2000-10-10,0.00011569627819586,10526.25
".DJI",2000-10-11,0.00025506848215833,10410.55
".DJI",2000-10-12,0.00045176715041414,10036.43
".DJI",2000-10-13,0.00010730709999322,10190.7
".DJI",2000-10-16,8.2620349744858e-05,10234.73
".DJI",2000-10-17,0.00014677911591939,10087.95
".DJI",2000-10-18,0.00099831284965961,10030.14
".DJI",2000-10-19,0.00010469961106597,10140.02
".DJI",2000-10-20,0.00014443746560385,10199.95
".DJI",2000-10-23,0.00010812945130891,10275.42
".DJI",2000-10-24,0.00012242494333224,10395.66
".DJI",2000-10-25,0.00014867688456913,10328.33
".DJI",2000-10-26,0.00020338094196226,10377.53
".DJI",2000-10-27,0.00012039517128523,10570.65
".DJI",2000-10-30,9.98234287056564e-05,10824.3
".DJI",2000-10-31,4.65966426545391e-05,10968.87
".DJI",2000-11-01,6.72076469979998e-05,10904.02
".DJI",2000-11-02,5.7494172341983e-05,10884.31
".DJI",2000-11-03,7.22090756231495e-05,10816.05
".DJI",2000-11-06,5.75084684224884e-05,10973.42
".DJI",2000-11-07,3.55848348541018e-05,10967.35
".DJI",2000-11-08,0.00010178491140762,10907.44
".DJI",2000-11-09,0.00030937504172445,10835.77
".DJI",2000-11-10,0.00015942276726996,10609.01
".DJI",2000-11-13,0.00027722604795894,10529.38
".DJI",2000-11-14,0.00019784452221438,10684.85
".DJI",2000-11-15,0.00011848297390884,10706.84
".DJI",2000-11-16,7.43238767026024e-05,10665.42
".DJI",2000-11-17,0.00017650762717414,10635.27
".DJI",2000-11-20,9.71629834672407e-05,10455.82
".DJI",2000-11-21,7.60487643606329e-05,10500.19
".DJI",2000-11-22,0.00018914561194057,10387
".DJI",2000-11-24,6.35443452422179e-05,10470.23
".DJI",2000-11-27,0.00016475755247716,10554.79
".DJI",2000-11-28,0.00010487822203131,10500.56
".DJI",2000-11-29,0.00011703741057729,10624.18
".DJI",2000-11-30,0.00029227792300532,10412.21
".DJI",2000-12-01,0.00013413315176189,10373.82
".DJI",2000-12-04,0.00014326389810123,10572.52
".DJI",2000-12-05,0.00013465973434819,10891.51
".DJI",2000-12-06,0.00019088945861205,10654.14
".DJI",2000-12-07,6.49500130308138e-05,10614.7
".DJI",2000-12-08,0.00018770535406044,10723.53
".DJI",2000-12-11,8.26701199723256e-05,10732.91
".DJI",2000-12-12,5.76156714129166e-05,10772.44
".DJI",2000-12-13,0.00016564185405998,10791.78
".DJI",2000-12-14,0.00014252131594258,10674.23
".DJI",2000-12-15,0.00019044546035619,10543.03
".DJI",2000-12-18,0.00019745896106033,10648.83
".DJI",2000-12-19,0.00023809738326029,10587.78
".DJI",2000-12-20,0.00033170147382129,10325.76
".DJI",2000-12-21,0.00015784123001743,10469.09
".DJI",2000-12-22,7.51884660994332e-05,10629.11
".DJI",2000-12-26,5.05531623773788e-05,10698.88
".DJI",2000-12-27,7.32675337467575e-05,10801.64
".DJI",2000-12-28,5.88311401633733e-05,10868.76
".DJI",2000-12-29,5.51470803264511e-05,10787.99
".DJI",2001-01-02,0.00020367678784132,10627.45
".DJI",2001-01-03,0.00090707092752511,10951.96
".DJI",2001-01-04,0.00012331233767968,10906
".DJI",2001-01-05,0.00021016132072094,10667.3
".DJI",2001-01-08,7.31803946652958e-05,10631.11
".DJI",2001-01-09,0.00010474971419966,10564.82
".DJI",2001-01-10,0.00013490782890644,10599.39
".DJI",2001-01-11,6.93980218819958e-05,10605.89
".DJI",2001-01-12,0.00010297647641381,10523.75
".DJI",2001-01-16,7.8187223441143e-05,10647.37
".DJI",2001-01-17,9.49279924722544e-05,10573.46
".DJI",2001-01-18,0.00010234554416542,10682.34
".DJI",2001-01-19,8.14044579562298e-05,10587.9
".DJI",2001-01-22,6.50799546664385e-05,10577.02
".DJI",2001-01-23,6.23578848273758e-05,10642.29
".DJI",2001-01-24,5.99534569984308e-05,10645.75
".DJI",2001-01-25,7.63731092150948e-05,10729.92
".DJI",2001-01-26,5.90912390445479e-05,10662.83
".DJI",2001-01-29,3.58877680657378e-05,10708.05
".DJI",2001-01-30,4.25236489528426e-05,10883.46
".DJI",2001-01-31,0.00010989194669858,10886.53
".DJI",2001-02-01,7.12022931911222e-05,10974
".DJI",2001-02-02,6.43693206097597e-05,10858.1
".DJI",2001-02-05,4.07958867453498e-05,10967.72
".DJI",2001-02-06,3.13163492237986e-05,10957.18
".DJI",2001-02-07,7.56145417856559e-05,10943.77
".DJI",2001-02-08,3.65344666727168e-05,10875.68
".DJI",2001-02-09,4.27931706516528e-05,10778.09
".DJI",2001-02-12,4.74668034481996e-05,10940.88
".DJI",2001-02-13,5.80786729733491e-05,10894.54
".DJI",2001-02-14,6.41269524333756e-05,10795.69
".DJI",2001-02-15,4.07777201004045e-05,10894.24
".DJI",2001-02-16,8.96803574681987e-05,10802.4
".DJI",2001-02-20,6.55158574897952e-05,10730.48
".DJI",2001-02-21,0.00010819648905034,10525.8
".DJI",2001-02-22,0.00029456291663475,10521.92
".DJI",2001-02-23,0.0002627976145212,10438.61
".DJI",2001-02-26,8.1210690135268e-05,10637.08
".DJI",2001-02-27,6.08444294422882e-05,10636.88
".DJI",2001-02-28,0.00016204126522396,10498.33
".DJI",2001-03-01,0.00021883468468895,10456.05
".DJI",2001-03-02,0.00017862716917196,10556.04
".DJI",2001-03-05,6.55709724803279e-05,10560.41
".DJI",2001-03-06,8.31906334822527e-05,10589.06
".DJI",2001-03-07,7.47124552828307e-05,10723.48
".DJI",2001-03-09,0.00020574166871693,10634.83
".DJI",2001-03-12,0.00035389954214148,10200.93
".DJI",2001-03-13,0.00028546054468663,10291.65
".DJI",2001-03-14,0.00100539391752409,9972.04
".DJI",2001-03-15,0.00021235673115662,10025.19
".DJI",2001-03-16,0.00018436880702034,9827.22
".DJI",2001-03-19,0.00013244232594561,9956.78
".DJI",2001-03-20,0.00026119685899166,9719.64
".DJI",2001-03-22,0.00072622460844548,9388.15
".DJI",2001-03-23,0.0003721538702724,9508.67
".DJI",2001-03-26,0.00023334665894089,9684.83
".DJI",2001-03-27,0.00014743047639644,9944.4
".DJI",2001-03-28,0.00030294535750717,9780.49
".DJI",2001-03-29,0.00029923385390738,9791.61
".DJI",2001-03-30,0.00022262268158564,9873.11
".DJI",2001-04-02,4.80249920629767e-06,9900.14
".DJI",2001-04-03,0.00031037103691609,9475.6
".DJI",2001-04-04,0.00041198536640567,9509.63
".DJI",2001-04-05,0.00040842868047491,9908.07
".DJI",2001-04-06,0.00045770153884501,9781
".DJI",2001-04-09,0.00016483607634987,9838.9
".DJI",2001-04-10,0.00019546519677259,10095.9
".DJI",2001-04-11,0.00018705316344771,10011.71
".DJI",2001-04-12,0.00013592586796449,10117.24
".DJI",2001-04-16,0.00011738773905428,10147.43
".DJI",2001-04-17,0.00017120341275648,10207.16
".DJI",2001-04-18,3.83877768671039e-05,10359.34
".DJI",2001-04-19,8.61970511267052e-05,10688.77
".DJI",2001-04-20,0.00011820022528413,10578.03
".DJI",2001-04-23,5.92425882331295e-05,10528.71
".DJI",2001-04-24,7.99886825708659e-05,10458.12
".DJI",2001-04-25,9.90123333338884e-05,10625.66
".DJI",2001-04-26,9.06143659095867e-05,10693.58
".DJI",2001-04-27,9.92163127844406e-05,10802.89
".DJI",2001-04-30,7.25126153783785e-05,10733.21
".DJI",2001-05-01,8.57486766111682e-05,10895.61
".DJI",2001-05-02,0.00010189876135805,10871.73
".DJI",2001-05-03,0.000116879461897,10797.1
".DJI",2001-05-04,0.00016021453797904,10950.13
".DJI",2001-05-07,7.71449584626796e-05,10926.32
".DJI",2001-05-08,7.91015983020604e-05,10882.08
".DJI",2001-05-09,7.04048542657111e-05,10861.06
".DJI",2001-05-10,0.00010077720664653,10915.39
".DJI",2001-05-11,7.71725446989989e-05,10812.98
".DJI",2001-05-14,3.56327565369919e-05,10873.29
".DJI",2001-05-15,9.1931861781428e-05,10866.14
".DJI",2001-05-16,0.00010881430029531,11213.19
".DJI",2001-05-17,9.84598984399692e-05,11254.11
".DJI",2001-05-18,5.35891709235631e-05,11300.37
".DJI",2001-05-21,6.28479663581759e-05,11337.2
".DJI",2001-05-22,4.85942095231354e-05,11244.42
".DJI",2001-05-23,7.22659104951899e-05,11106.61
".DJI",2001-05-24,7.06861907146721e-05,11119.68
".DJI",2001-05-25,4.40882783802241e-05,11012.66
".DJI",2001-05-29,6.74893372997068e-05,11038.56
".DJI",2001-05-30,7.44926969246814e-05,10871.02
".DJI",2001-05-31,6.83441378455138e-05,10912.14
".DJI",2001-06-01,6.56261805971167e-05,10994.44
".DJI",2001-06-04,4.30970993751784e-05,11057.94
".DJI",2001-06-05,5.39720640370359e-05,11178.96
".DJI",2001-06-06,6.06873824963491e-05,11064.06
".DJI",2001-06-07,6.37662497516351e-05,11093.86
".DJI",2001-06-08,4.62930392450632e-05,10975.64
".DJI",2001-06-11,4.01067237957707e-05,10920.2
".DJI",2001-06-12,8.67839297712712e-05,10946.62
".DJI",2001-06-13,5.44643524415649e-05,10871.08
".DJI",2001-06-14,8.1637863274415e-05,10685.03
".DJI",2001-06-15,0.00010859613161764,10618.01
".DJI",2001-06-18,6.97836800978401e-05,10647.59
".DJI",2001-06-19,0.00011791189015997,10594.12
".DJI",2001-06-20,0.00010939098341556,10649.07
".DJI",2001-06-21,8.25965492748163e-05,10711.27
".DJI",2001-06-22,6.46715489339038e-05,10597.68
".DJI",2001-06-25,5.88463357425669e-05,10505.02
".DJI",2001-06-26,0.00010266938468659,10472.75
".DJI",2001-06-27,8.77994928103705e-05,10441.88
".DJI",2001-06-28,0.00013371484003354,10564.67
".DJI",2001-06-29,6.87865511554455e-05,10511.73
".DJI",2001-07-02,4.93928603338536e-05,10592.04
".DJI",2001-07-03,2.03404181481025e-05,10571.31
".DJI",2001-07-05,4.44499398896849e-05,10478.12
".DJI",2001-07-06,9.05161947871722e-05,10249.53
".DJI",2001-07-09,5.66922741616387e-05,10294.96
".DJI",2001-07-10,8.3969292311468e-05,10173.42
".DJI",2001-07-11,0.0001365619369288,10239.34
".DJI",2001-07-12,7.10429589861628e-05,10479.46
".DJI",2001-07-13,5.18330130293589e-05,10531.99
".DJI",2001-07-16,6.79684819264376e-05,10469.57
".DJI",2001-07-17,8.77027237777284e-05,10601.88
".DJI",2001-07-18,0.00011535133612714,10561.55
".DJI",2001-07-19,0.00015720206644006,10597.4
".DJI",2001-07-20,6.25370830156207e-05,10573.12
".DJI",2001-07-23,8.62249595406081e-05,10426.84
".DJI",2001-07-24,0.00010717352595796,10239.81
".DJI",2001-07-25,8.30337634939345e-05,10402
".DJI",2001-07-26,9.01239245506125e-05,10454.1
".DJI",2001-07-27,5.4480287043893e-05,10416.67
".DJI",2001-07-30,4.31436128756152e-05,10398.89
".DJI",2001-07-31,5.9695380954519e-05,10518.87
".DJI",2001-08-01,5.61911295751019e-05,10504.55
".DJI",2001-08-02,8.05541489904215e-05,10548.83
".DJI",2001-08-03,7.23139392412162e-05,10513.81
".DJI",2001-08-06,4.3284346974885e-05,10401.38
".DJI",2001-08-07,3.83634785366024e-05,10455.21
".DJI",2001-08-08,9.45944589365316e-05,10289.28
".DJI",2001-08-09,0.0001019890310928,10295.37
".DJI",2001-08-10,0.00012814020795375,10412.52
".DJI",2001-08-13,5.08007748214051e-05,10414.94
".DJI",2001-08-14,6.85303619072062e-05,10411.83
".DJI",2001-08-15,6.68621209327679e-05,10347.82
".DJI",2001-08-16,9.71785664399178e-05,10386.29
".DJI",2001-08-17,9.07018745381712e-05,10235.31
".DJI",2001-08-20,4.73420731691841e-05,10315.02
".DJI",2001-08-21,9.03391002108983e-06,10354.33
".DJI",2001-08-22,3.61908024611968e-05,10166.74
".DJI",2001-08-23,3.2170838712474e-05,10229.15
".DJI",2001-08-24,9.51918027984475e-05,10419.87
".DJI",2001-08-27,3.95928336299517e-05,10386.02
".DJI",2001-08-28,7.45703436039018e-05,10224.93
".DJI",2001-08-29,0.00010883951580431,10094.23
".DJI",2001-08-30,0.00018001534802864,9919.79
".DJI",2001-08-31,0.00012646309514619,9955.7
".DJI",2001-09-04,0.00017635770952618,9986.42
".DJI",2001-09-05,0.00023685582581368,10025.45
".DJI",2001-09-06,0.0002909576245111,9839.11
".DJI",2001-09-07,0.00035373356017866,9606.41
".DJI",2001-09-10,5.92045847930362e-05,9605.51
".DJI",2001-09-17,0.00096317356882875,8929.28
".DJI",2001-09-18,0.00013351630344493,8897.65
".DJI",2001-09-19,0.00053701979073044,8762.03
".DJI",2001-09-20,0.00065204422532549,8377.87
".DJI",2001-09-21,0.00174182280345399,8240.73
".DJI",2001-09-24,0.00091434246310984,8600.4
".DJI",2001-09-25,0.00020230057787401,8652.36
".DJI",2001-09-26,0.00016278921861675,8565.73
".DJI",2001-09-27,0.00021991714134833,8678.03
".DJI",2001-09-28,0.00023985203458811,8838.56
".DJI",2001-10-01,0.0001458451059415,8834.41
".DJI",2001-10-02,0.00013089812119117,8941.59
".DJI",2001-10-03,0.00025821859890549,9117.97
".DJI",2001-10-04,0.00019972017271731,9056.94
".DJI",2001-10-05,0.00025909545437188,9116.45
".DJI",2001-10-09,0.00010605674140976,9046.91
".DJI",2001-10-10,0.00014830015612375,9245.35
".DJI",2001-10-11,0.00019231690458846,9406.58
".DJI",2001-10-12,0.00040352650286002,9340.29
".DJI",2001-10-15,0.00011804568817802,9345.69
".DJI",2001-10-16,9.63824171088557e-05,9383.67
".DJI",2001-10-17,0.00024487982548013,9228.95
".DJI",2001-10-18,0.00010330003883217,9165.78
".DJI",2001-10-19,7.27013954407859e-05,9194.29
".DJI",2001-10-22,9.01718235321132e-05,9376.13
".DJI",2001-10-23,0.00015591336388262,9338.08
".DJI",2001-10-24,1.90100540552552e-05,9298.49
".DJI",2001-10-25,0.0002603702046488,9458.06
".DJI",2001-10-26,0.00017547910158731,9541.23
".DJI",2001-10-29,0.00017846214260008,9272.75
".DJI",2001-10-30,0.0001942470481049,9121.01
".DJI",2001-10-31,0.0001403637719541,9076.66
".DJI",2001-11-01,0.00018916534355843,9262.1
".DJI",2001-11-02,0.00011802012054151,9320.15
".DJI",2001-11-05,0.00012157517489201,9437.64
".DJI",2001-11-06,0.00015061941667064,9588.35
".DJI",2001-11-07,6.92383861321793e-05,9554.37
".DJI",2001-11-08,0.00013049341735808,9586.55
".DJI",2001-11-09,0.00012784182006117,9604.33
".DJI",2001-11-12,0.00033648937159332,9555.14
".DJI",2001-11-13,0.00022602175753531,9749.99
".DJI",2001-11-14,4.33320816976192e-05,9823.61
".DJI",2001-11-15,6.46674245552489e-05,9866.16
".DJI",2001-11-16,6.13301742326748e-05,9860.28
".DJI",2001-11-19,7.13777740958449e-05,9972.17
".DJI",2001-11-20,8.02425572529319e-05,9897.3
".DJI",2001-11-21,6.09636182036413e-05,9835.51
".DJI",2001-11-23,1.71194269960073e-05,9959.71
".DJI",2001-11-26,4.45208138517373e-05,9982.48
".DJI",2001-11-27,0.00013104311240686,9871.5
".DJI",2001-11-28,0.00013194466671262,9714.22
".DJI",2001-11-29,8.06594381726984e-05,9821.12
".DJI",2001-11-30,4.54456577337628e-05,9854.12
".DJI",2001-12-03,0.00010763656292704,9759.95
".DJI",2001-12-04,7.00500182717065e-05,9890.66
".DJI",2001-12-05,0.00010199032731929,10117.28
".DJI",2001-12-06,5.5782600015725e-05,10097.96
".DJI",2001-12-07,7.00288829407417e-05,10044.61
".DJI",2001-12-10,7.26439767102693e-05,9922.56
".DJI",2001-12-11,6.72608324290979e-05,9885.74
".DJI",2001-12-12,7.06343805626237e-05,9890.59
".DJI",2001-12-13,0.00013126038471867,9759.12
".DJI",2001-12-14,7.57249976310156e-05,9813.37
".DJI",2001-12-17,4.35857671296136e-05,9897.3
".DJI",2001-12-18,7.90998930357895e-05,10001.09
".DJI",2001-12-19,8.80366790907463e-05,10070.22
".DJI",2001-12-20,3.49663564867642e-05,9991.68
".DJI",2001-12-21,5.64763573912963e-05,10037.28
".DJI",2001-12-24,5.79819014229641e-06,10035.13
".DJI",2001-12-26,3.69974858130338e-05,10094.09
".DJI",2001-12-27,2.56889884457727e-05,10128.13
".DJI",2001-12-28,3.0481850067603e-05,10129.03
".DJI",2001-12-31,3.66028252358446e-05,10020.46
".DJI",2002-01-02,8.19057600323382e-05,10070.35
".DJI",2002-01-03,5.38944882457522e-05,10171.24
".DJI",2002-01-04,0.00010807017956883,10259.6
".DJI",2002-01-07,3.98311173372813e-05,10193.59
".DJI",2002-01-08,4.84991987000303e-05,10148.27
".DJI",2002-01-09,8.7739074936944e-05,10094.85
".DJI",2002-01-10,5.80344387410007e-05,10067.45
".DJI",2002-01-11,6.72933551622867e-05,9986.08
".DJI",2002-01-14,3.88650045067046e-05,9893.15
".DJI",2002-01-15,7.08806538204055e-05,9928.02
".DJI",2002-01-16,0.00011233539103013,9712.14
".DJI",2002-01-17,9.02497000866491e-05,9791.16
".DJI",2002-01-18,4.05197086807204e-05,9771.85
".DJI",2002-01-22,8.50430876200614e-05,9715.19
".DJI",2002-01-23,7.23529064956994e-05,9730.33
".DJI",2002-01-24,7.44861157093871e-05,9797.11
".DJI",2002-01-25,7.46870456339434e-05,9838
".DJI",2002-01-28,1.12356847475568e-05,9865.75
".DJI",2002-01-29,0.00010494035663046,9628.48
".DJI",2002-01-30,0.0002995208369478,9764.03
".DJI",2002-01-31,7.06818543845792e-05,9912.8
".DJI",2002-02-01,3.11367678585595e-05,9903.74
".DJI",2002-02-04,8.30301503845904e-05,9687.23
".DJI",2002-02-05,0.00020402311277108,9676.71
".DJI",2002-02-06,0.0001667185150713,9655.26
".DJI",2002-02-07,0.00014318837946152,9625.37
".DJI",2002-02-08,0.000108214455344,9740.09
".DJI",2002-02-11,5.89606502176945e-05,9888.92
".DJI",2002-02-12,5.88262811691222e-05,9863.81
".DJI",2002-02-13,7.12586282021173e-05,9988.22
".DJI",2002-02-14,7.07106697617276e-05,9998.88
".DJI",2002-02-15,7.87814818403415e-05,9904.35
".DJI",2002-02-19,0.00012679651531743,9743.07
".DJI",2002-02-20,0.00012494550742366,9942.28
".DJI",2002-02-21,0.00011041759010363,9842.77
".DJI",2002-02-22,0.0001466816890624,9959.99
".DJI",2002-02-25,9.26258446404192e-05,10147.5
".DJI",2002-02-26,0.00012321989114882,10114.78
".DJI",2002-02-27,0.00014113828381907,10128.13
".DJI",2002-02-28,0.0001028560433461,10107.65
".DJI",2002-03-01,0.00011670546085169,10374.81
".DJI",2002-03-04,8.71473789485832e-05,10587.16
".DJI",2002-03-05,0.00014466165065481,10440.33
".DJI",2002-03-06,6.06559846616347e-05,10574.16
".DJI",2002-03-07,0.00010171844182994,10523.23
".DJI",2002-03-08,0.00019382783696038,10573.94
".DJI",2002-03-11,3.64466915680156e-05,10607.09
".DJI",2002-03-12,0.0001095272957388,10632.97
".DJI",2002-03-13,9.56216174316411e-05,10502.47
".DJI",2002-03-14,4.24390313819437e-05,10517
".DJI",2002-03-15,5.47731544075712e-05,10604.53
".DJI",2002-03-18,5.57899986252784e-05,10574.57
".DJI",2002-03-19,7.3434999530269e-05,10632.14
".DJI",2002-03-20,6.15653125059003e-05,10499.08
".DJI",2002-03-21,7.64926050632267e-05,10479.84
".DJI",2002-03-22,7.814283519021e-05,10420.34
".DJI",2002-03-25,4.79428903751172e-05,10283.89
".DJI",2002-03-26,0.00010506360057501,10353.63
".DJI",2002-03-27,4.35865363249993e-05,10427.19
".DJI",2002-03-28,4.65479943799129e-05,10405.67
".DJI",2002-04-01,6.57265644461359e-05,10359.38
".DJI",2002-04-02,7.14415819556659e-05,10314.54
".DJI",2002-04-03,6.8501073538011e-05,10190.82
".DJI",2002-04-04,6.41347319602814e-05,10230.61
".DJI",2002-04-05,7.73162713143163e-05,10274.2
".DJI",2002-04-08,0.0001301095096156,10250.12
".DJI",2002-04-09,4.82161482524283e-05,10206.46
".DJI",2002-04-10,6.05523123886803e-05,10380.76
".DJI",2002-04-11,9.91754565708223e-05,10188.05
".DJI",2002-04-12,9.30540514936167e-05,10188.61
".DJI",2002-04-15,7.9033202338398e-05,10095.06
".DJI",2002-04-16,0.00013275427985596,10299.66
".DJI",2002-04-17,4.20238715598987e-05,10225.69
".DJI",2002-04-18,0.00018643632305717,10206.87
".DJI",2002-04-19,5.32889838318229e-05,10251.64
".DJI",2002-04-22,3.67131503399334e-05,10139.2
".DJI",2002-04-23,7.57810715129488e-05,10085.71
".DJI",2002-04-24,6.11076694289673e-05,10030.43
".DJI",2002-04-25,8.52785665047706e-05,10036.31
".DJI",2002-04-26,8.21187472986201e-05,9917.37
".DJI",2002-04-29,7.50048747510249e-05,9821.81
".DJI",2002-04-30,7.65551683014457e-05,9940.2
".DJI",2002-05-01,0.00013254781859507,10054.79
".DJI",2002-05-02,8.56162472977274e-05,10085.16
".DJI",2002-05-03,8.61580979031943e-05,10002.2
".DJI",2002-05-06,7.82720521978919e-05,9815.03
".DJI",2002-05-07,9.31615790626462e-05,9829.84
".DJI",2002-05-08,0.00031025074595791,10143.63
".DJI",2002-05-09,0.00011826309993172,10033.82
".DJI",2002-05-10,7.60734685717446e-05,9939.78
".DJI",2002-05-13,7.3015743442414e-05,10107.3
".DJI",2002-05-14,0.00015159614001497,10295.58
".DJI",2002-05-15,0.00012201448124807,10241.82
".DJI",2002-05-16,4.99765736709101e-05,10290.81
".DJI",2002-05-17,5.37250406325154e-05,10351.49
".DJI",2002-05-20,8.30953896311064e-05,10230.95
".DJI",2002-05-21,7.40051103108232e-05,10101.84
".DJI",2002-05-22,8.44324454573376e-05,10154.01
".DJI",2002-05-23,5.77787342853402e-05,10211.46
".DJI",2002-05-24,4.86814425085321e-05,10099.35
".DJI",2002-05-28,6.43518829177347e-05,9982.55
".DJI",2002-05-29,3.95662291154558e-05,9926.36
".DJI",2002-05-30,0.00011515371225048,9913.21
".DJI",2002-05-31,5.43955166192636e-05,9933.83
".DJI",2002-06-03,0.00014498247711292,9706.6
".DJI",2002-06-04,0.00017988216367777,9677.94
".DJI",2002-06-05,7.82483307710311e-05,9795.7
".DJI",2002-06-06,0.00010380306111273,9617.44
".DJI",2002-06-07,0.00022969030654099,9586.08
".DJI",2002-06-10,0.00011200144885785,9644.76
".DJI",2002-06-11,0.00013230017796627,9510.9
".DJI",2002-06-12,0.00020393367268103,9615.29
".DJI",2002-06-13,0.00012667385974351,9496.91
".DJI",2002-06-14,0.00043599630420552,9470.47
".DJI",2002-06-17,0.00010543193423948,9685.49
".DJI",2002-06-18,9.15918550622963e-05,9695.32
".DJI",2002-06-19,0.00015009148935253,9560.12
".DJI",2002-06-20,0.00013589393135284,9433.78
".DJI",2002-06-21,0.00016991050606854,9261.33
".DJI",2002-06-24,0.00027152459103847,9283.9
".DJI",2002-06-25,0.00027585840853832,9133.54
".DJI",2002-06-26,0.00078244688686647,9125.51
".DJI",2002-06-27,0.00032372995530074,9264.31
".DJI",2002-06-28,0.00011926031011976,9252.68
".DJI",2002-07-01,0.0001477400869893,9109.24
".DJI",2002-07-02,0.00023501330127924,9010.87
".DJI",2002-07-03,0.00020135355703964,9052.61
".DJI",2002-07-05,0.00015431983697319,9379.5
".DJI",2002-07-08,0.00014677316315904,9273.17
".DJI",2002-07-09,0.00017364975000317,9087.5
".DJI",2002-07-10,0.00030603889305444,8812.67
".DJI",2002-07-11,0.00016016716159661,8805.82
".DJI",2002-07-12,0.00044980201191735,8677.33
".DJI",2002-07-15,0.00063151833706964,8636.7
".DJI",2002-07-16,0.0001771704608402,8473.11
".DJI",2002-07-17,0.00086823912593779,8534.17
".DJI",2002-07-18,0.00028746144887589,8406.31
".DJI",2002-07-19,0.0007218752998282,7986.31
".DJI",2002-07-22,0.00130603484332048,7780.77
".DJI",2002-07-23,0.0008914490352735,7695.97
".DJI",2002-07-24,0.00137163820679291,8199.46
".DJI",2002-07-25,0.00110641367005512,8185.34
".DJI",2002-07-26,0.00043310569908799,8258.86
".DJI",2002-07-29,0.00057567167992148,8709.73
".DJI",2002-07-30,0.00049556875682184,8677.4
".DJI",2002-07-31,0.00033444785420432,8725.24
".DJI",2002-08-01,0.00036413255226532,8489.73
".DJI",2002-08-02,0.00032291448139872,8305.58
".DJI",2002-08-05,0.00026627711818693,8039.61
".DJI",2002-08-06,0.00064074869779736,8280.39
".DJI",2002-08-07,0.0007535473419672,8455.81
".DJI",2002-08-08,0.00029330694207475,8709.25
".DJI",2002-08-09,0.00038622594935019,8746.56
".DJI",2002-08-12,0.00035441847053375,8685.71
".DJI",2002-08-13,0.000346530983961,8474.08
".DJI",2002-08-14,0.0003599937809887,8746.21
".DJI",2002-08-15,0.00040131418222298,8815.93
".DJI",2002-08-16,7.02083708412403e-05,8778.06
".DJI",2002-08-19,0.00012425004376222,8989.75
".DJI",2002-08-20,0.00019520093019945,8865.15
".DJI",2002-08-21,0.00031593955279119,8955.84
".DJI",2002-08-22,0.00016228500471451,9055.86
".DJI",2002-08-23,0.00017869124214154,8865.68
".DJI",2002-08-26,0.00016443922384355,8919.08
".DJI",2002-08-27,0.00028361727577427,8819.14
".DJI",2002-08-28,0.00022285714627711,8689.86
".DJI",2002-08-29,0.00037024714884497,8668.56
".DJI",2002-08-30,0.00021475094830192,8659.2
".DJI",2002-09-03,0.00039446741297476,8307.42
".DJI",2002-09-04,0.00012849169172567,8418.95
".DJI",2002-09-05,0.00042775294060024,8282.94
".DJI",2002-09-06,0.0003470004598848,8423.53
".DJI",2002-09-09,0.00021004220209033,8518.89
".DJI",2002-09-10,8.27887984870529e-05,8602.61
".DJI",2002-09-11,0.00016990854562278,8581.17
".DJI",2002-09-12,0.00016139778034935,8375.11
".DJI",2002-09-13,0.00024749352481538,8306.66
".DJI",2002-09-16,0.00012124082682243,8374.84
".DJI",2002-09-17,0.00024541699473753,8203.59
".DJI",2002-09-18,0.00028854445110208,8174.74
".DJI",2002-09-19,0.00052099103362933,7942.25
".DJI",2002-09-20,0.00018803392922068,7984.98
".DJI",2002-09-23,0.00037662672347175,7870.97
".DJI",2002-09-24,0.00057463537934576,7680.78
".DJI",2002-09-25,0.00042812587504707,7841.55
".DJI",2002-09-26,0.00026415598491427,7993.02
".DJI",2002-09-27,0.0002923396290108,7695.2
".DJI",2002-09-30,0.00070795430593289,7581.6
".DJI",2002-10-01,0.00041146774256501,7934.56
".DJI",2002-10-02,0.00034118422552504,7757.69
".DJI",2002-10-03,0.00050250577320999,7710.25
".DJI",2002-10-04,0.00083921185371039,7524.03
".DJI",2002-10-07,0.000414559204523,7427.9
".DJI",2002-10-08,0.00081435046078382,7501.56
".DJI",2002-10-09,0.0008190479053991,7286.9
".DJI",2002-10-10,0.00052830604913026,7529.44
".DJI",2002-10-11,0.00055888523930834,7842.38
".DJI",2002-10-14,0.00037910107318497,7872.27
".DJI",2002-10-15,0.00093854241330196,8252
".DJI",2002-10-16,0.00026174662380533,8039.63
".DJI",2002-10-17,0.0010031982087595,8271.29
".DJI",2002-10-18,0.00033069043546466,8317.27
".DJI",2002-10-21,0.00023205324572964,8536.23
".DJI",2002-10-22,7.544945614322e-05,8450.16
".DJI",2002-10-23,0.00028553979238148,8493.78
".DJI",2002-10-24,0.00025960694189902,8312.14
".DJI",2002-10-25,0.00024839508121989,8441.9
".DJI",2002-10-28,0.00020267034193474,8370.26
".DJI",2002-10-29,0.00029580075435766,8372.27
".DJI",2002-10-30,0.00017533406947519,8421.44
".DJI",2002-11-01,0.00028246553801938,8523.05
".DJI",2002-11-04,0.00027329820622858,8563.63
".DJI",2002-11-05,9.81595695120331e-05,8675.29
".DJI",2002-11-06,0.00036584436580354,8768.02
".DJI",2002-11-07,0.00017663628410745,8575
".DJI",2002-11-08,0.00016055189087732,8532.55
".DJI",2002-11-11,0.00012044148724899,8358.95
".DJI",2002-11-12,0.00016276615822744,8383.64
".DJI",2002-11-13,0.00032350841506047,8397.38
".DJI",2002-11-14,0.00030630354608562,8541.16
".DJI",2002-11-15,0.00014629047905319,8578.19
".DJI",2002-11-18,0.00012755521703663,8488.65
".DJI",2002-11-19,0.00013692998398882,8477.73
".DJI",2002-11-20,4.59952207817663e-05,8517.7
".DJI",2002-11-21,0.00013413481939792,8847.21
".DJI",2002-11-22,9.04730551000547e-05,8805.52
".DJI",2002-11-25,8.15452006679991e-05,8850.84
".DJI",2002-11-26,0.00012605017333187,8680.81
".DJI",2002-11-27,0.00016317402862956,8929.69
".DJI",2002-11-29,4.4144666665511e-05,8896.09
".DJI",2002-12-02,0.00030883524474965,8852.28
".DJI",2002-12-03,0.00015970425614165,8736.89
".DJI",2002-12-04,0.00021869961247839,8737.44
".DJI",2002-12-05,0.00010728843935095,8623.22
".DJI",2002-12-06,0.0003213847031882,8643.58
".DJI",2002-12-09,0.00014029460145519,8473.96
".DJI",2002-12-10,9.11153476722802e-05,8571.79
".DJI",2002-12-11,0.000147971894871,8591.07
".DJI",2002-12-12,0.00010391764324534,8549.1
".DJI",2002-12-13,0.00016785224826192,8431.24
".DJI",2002-12-16,7.50308114077857e-05,8622.8
".DJI",2002-12-17,8.18329566248205e-05,8534.29
".DJI",2002-12-18,0.00011356517659514,8445.78
".DJI",2002-12-19,0.00010931139675628,8364.12
".DJI",2002-12-20,0.00016000318395501,8505.43
".DJI",2002-12-23,8.82833733807466e-05,8496.44
".DJI",2002-12-24,2.67972035284732e-05,8448.11
".DJI",2002-12-26,8.80846471018146e-05,8424.11
".DJI",2002-12-27,7.94503555005811e-05,8301.38
".DJI",2002-12-30,9.31227594156417e-05,8329.84
".DJI",2002-12-31,0.00012492566864629,8345.2
".DJI",2003-01-02,0.00025968348218701,8607.65
".DJI",2003-01-03,0.00010518346643973,8599.08
".DJI",2003-01-06,7.02104257752196e-05,8750.26
".DJI",2003-01-07,9.34022345119797e-05,8738.54
".DJI",2003-01-08,0.00011226337654695,8589.76
".DJI",2003-01-09,0.00012028332994564,8773.09
".DJI",2003-01-10,0.00016892016371162,8781.32
".DJI",2003-01-13,0.00013105579394251,8785.5
".DJI",2003-01-14,6.85584419173242e-05,8842.55
".DJI",2003-01-15,6.24809973100871e-05,8720.37
".DJI",2003-01-16,9.5828462801581e-05,8701.99
".DJI",2003-01-22,0.0001054236558681,8313.59
".DJI",2003-01-23,0.00015514120743182,8364.32
".DJI",2003-01-24,0.00017742029776494,8130.12
".DJI",2003-01-27,0.00026395958310863,7987.99
".DJI",2003-01-28,0.00013226606451649,8087.74
".DJI",2003-01-29,0.00026583975492055,8113.73
".DJI",2003-01-30,0.00015775937779101,7944.38
".DJI",2003-01-31,0.00015063599836511,8051.61
".DJI",2003-02-03,0.00013304398174502,8107.57
".DJI",2003-02-04,0.00021035021801476,8018.7
".DJI",2003-02-05,0.00019442260230914,7982.98
".DJI",2003-02-06,0.00020269160325472,7933.41
".DJI",2003-02-07,0.00017779310186921,7863.07
".DJI",2003-02-10,0.00012611922742507,7917.92
".DJI",2003-02-11,8.73548108591677e-05,7839.41
".DJI",2003-02-12,0.00010210227349076,7754.05
".DJI",2003-02-13,0.00018770943269395,7745.96
".DJI",2003-02-14,0.00019809431169551,7905.37
".DJI",2003-02-18,0.00016844655323313,8040.94
".DJI",2003-02-19,7.88576670320199e-05,7997.1
".DJI",2003-02-20,8.34952854921654e-05,7909.29
".DJI",2003-02-21,0.00015731346505178,8019.09
".DJI",2003-02-24,9.13806374729955e-05,7859.57
".DJI",2003-02-25,0.00026726882824994,7909.22
".DJI",2003-02-26,0.00012710569678023,7803.26
".DJI",2003-02-27,0.0001933900833502,7879.73
".DJI",2003-02-28,0.00011064404019728,7895.77
".DJI",2003-03-03,0.00014880521028265,7835.48
".DJI",2003-03-04,5.38299464178601e-05,7706.41
".DJI",2003-03-05,0.00014391155357219,7772.03
".DJI",2003-03-06,0.00022205342389189,7676.65
".DJI",2003-03-07,0.00042231323392478,7734.29
".DJI",2003-03-10,0.00012237717166482,7570.84
".DJI",2003-03-11,0.00013518192317095,7523.64
".DJI",2003-03-12,0.00019110839414507,7549.83
".DJI",2003-03-13,0.00029323099013704,7823.71
".DJI",2003-03-14,0.00027278235151534,7859.71
".DJI",2003-03-17,0.00039334802706123,8142.47
".DJI",2003-03-18,0.00019890195118535,8190.66
".DJI",2003-03-19,0.00014735540476501,8266.57
".DJI",2003-03-20,0.00020260595882622,8286.53
".DJI",2003-03-21,0.00024351672769028,8518.11
".DJI",2003-03-24,0.00035298544506121,8217.62
".DJI",2003-03-25,0.00014529031281922,8282.91
".DJI",2003-03-26,0.00011812819444235,8232.12
".DJI",2003-03-27,0.000163740309323,8199.9
".DJI",2003-03-28,0.0001230746051214,8145.63
".DJI",2003-03-31,0.00028009018018921,7988.63
".DJI",2003-04-01,0.0001382157914582,8072.73
".DJI",2003-04-02,0.00028495865360319,8283.31
".DJI",2003-04-03,9.59108695526746e-05,8238.21
".DJI",2003-04-04,0.00018235882738707,8271.75
".DJI",2003-04-07,0.00052704588831088,8297.11
".DJI",2003-04-08,0.00013234839720517,8300.33
".DJI",2003-04-09,0.00016514143787677,8197.38
".DJI",2003-04-10,6.36596661980708e-05,8221.33
".DJI",2003-04-11,0.00018644889070487,8202.5
".DJI",2003-04-14,9.84322936660337e-05,8348.36
".DJI",2003-04-15,8.05354241422193e-05,8399.91
".DJI",2003-04-16,0.00013573563214984,8255.23
".DJI",2003-04-17,5.87873271659065e-05,8339.68
".DJI",2003-04-21,9.15326331034369e-05,8328.83
".DJI",2003-04-22,0.00011800500823676,8474.21
".DJI",2003-04-23,6.42623647674034e-05,8514.26
".DJI",2003-04-24,9.45417439700818e-05,8461.46
".DJI",2003-04-25,8.3268910300533e-05,8304.11
".DJI",2003-04-28,6.90347560087918e-05,8470
".DJI",2003-04-29,0.00012284290666912,8504.67
".DJI",2003-04-30,0.00012084832951605,8472.18
".DJI",2003-05-01,0.00011346377900163,8455.02
".DJI",2003-05-02,0.00012887270371371,8574.98
".DJI",2003-05-05,0.00010396753621233,8529.96
".DJI",2003-05-06,8.81273995266454e-05,8586.89
".DJI",2003-05-07,9.83834646549437e-05,8563.22
".DJI",2003-05-08,0.00013007494046293,8488.99
".DJI",2003-05-09,5.85933058516635e-05,8604.39
".DJI",2003-05-12,4.9866925080908e-05,8724.49
".DJI",2003-05-13,6.60174300525151e-05,8678.06
".DJI",2003-05-14,9.81983540116311e-05,8648.93
".DJI",2003-05-15,9.14010348870348e-05,8714.4
".DJI",2003-05-16,5.4064351809169e-05,8682.47
".DJI",2003-05-19,9.04006016945284e-05,8493
".DJI",2003-05-20,0.00011262439446665,8494.23
".DJI",2003-05-21,0.00010991111116938,8512.08
".DJI",2003-05-22,0.00023077676326751,8594.02
".DJI",2003-05-23,4.28581386557562e-05,8599.26
".DJI",2003-05-27,9.34367305513878e-05,8780.3
".DJI",2003-05-28,7.0557242148342e-05,8794.66
".DJI",2003-05-29,0.00010756046654845,8709.57
".DJI",2003-05-30,0.0001001076078336,8849.91
".DJI",2003-06-02,0.00012869036448317,8895.5
".DJI",2003-06-03,7.86041880783146e-05,8923.44
".DJI",2003-06-04,6.98658037705716e-05,9038.35
".DJI",2003-06-05,8.28680034986174e-05,9038.7
".DJI",2003-06-06,0.00017973312733907,9059.36
".DJI",2003-06-09,5.70874670745825e-05,8978.97
".DJI",2003-06-10,8.26761338737879e-05,9052.08
".DJI",2003-06-11,5.99722218050369e-05,9181.67
".DJI",2003-06-12,0.0001042651263392,9197.53
".DJI",2003-06-13,8.67688971991829e-05,9114.06
".DJI",2003-06-16,7.87269260281308e-05,9316.02
".DJI",2003-06-17,6.19691182623943e-05,9320.57
".DJI",2003-06-18,7.87526077668672e-05,9290.74
".DJI",2003-06-19,8.20321114048126e-05,9176.73
".DJI",2003-06-20,9.0622576136063e-05,9199.28
".DJI",2003-06-23,5.81523765657994e-05,9071.76
".DJI",2003-06-24,5.61688994865061e-05,9112.58
".DJI",2003-06-25,0.0001373136195896,9017.14
".DJI",2003-06-26,6.76432198754792e-05,9074.77
".DJI",2003-06-27,6.86532689658886e-05,8991.44
".DJI",2003-06-30,0.00013544540212649,8994.59
".DJI",2003-07-01,0.00011325326904719,9042.28
".DJI",2003-07-02,5.74680919270638e-05,9139.27
".DJI",2003-07-03,0.00012970391795838,9070.21
".DJI",2003-07-07,0.00012567972246567,9214.27
".DJI",2003-07-08,4.48819885242749e-05,9222.67
".DJI",2003-07-09,8.43417917075956e-05,9154.67
".DJI",2003-07-10,0.00010832337809787,9038.07
".DJI",2003-07-11,6.64945749462773e-05,9120.82
".DJI",2003-07-14,0.00019121295465897,9176.45
".DJI",2003-07-15,0.00012544558069473,9127.15
".DJI",2003-07-16,6.58468666182578e-05,9096.34
".DJI",2003-07-17,8.90585560382539e-05,9053.41
".DJI",2003-07-18,6.8746789002315e-05,9180.65
".DJI",2003-07-21,5.75971423530939e-05,9095.57
".DJI",2003-07-22,8.5761214875929e-05,9155.86
".DJI",2003-07-23,6.05193658772395e-05,9190.04
".DJI",2003-07-24,8.6657148160342e-05,9112.72
".DJI",2003-07-25,8.12358973864474e-05,9277.01
".DJI",2003-07-28,7.68751271677832e-05,9265.11
".DJI",2003-07-29,0.0001147990547223,9205.93
".DJI",2003-07-30,5.65586507206834e-05,9195.99
".DJI",2003-07-31,0.00019801640118958,9229.27
".DJI",2003-08-01,8.21910642695296e-05,9152.36
".DJI",2003-08-04,0.00011806479723061,9186.32
".DJI",2003-08-05,0.00013837656212807,9036.74
".DJI",2003-08-06,9.79211938405298e-05,9063.92
".DJI",2003-08-07,6.32414756888883e-05,9126.24
".DJI",2003-08-08,5.44493746266723e-05,9189.13
".DJI",2003-08-11,5.19950983172159e-05,9215.53
".DJI",2003-08-12,5.77836778204978e-05,9307.54
".DJI",2003-08-13,4.1902475647885e-05,9267.91
".DJI",2003-08-14,6.552751736771e-05,9308.31
".DJI",2003-08-15,2.15721535822015e-05,9317.77
".DJI",2003-08-18,4.11869239848236e-05,9412.45
".DJI",2003-08-19,4.63751035528007e-05,9429.95
".DJI",2003-08-20,4.88505088515461e-05,9397.44
".DJI",2003-08-21,8.23385748136598e-05,9427.05
".DJI",2003-08-22,8.31050091031296e-05,9348.1
".DJI",2003-08-25,3.42502339260798e-05,9313.15
".DJI",2003-08-26,7.24786773817144e-05,9343.54
".DJI",2003-08-27,1.72434232547541e-05,9337.65
".DJI",2003-08-28,6.01943027707604e-05,9382.07
".DJI",2003-08-29,4.58264109479371e-05,9415.75
".DJI",2003-09-02,7.6053915397176e-05,9524.67
".DJI",2003-09-03,5.08447039782521e-05,9568.95
".DJI",2003-09-04,3.2497058609368e-05,9589.09
".DJI",2003-09-05,7.17163031250834e-05,9498.91
".DJI",2003-09-08,4.73737776129236e-05,9586.08
".DJI",2003-09-09,4.41581623821275e-05,9510.42
".DJI",2003-09-10,4.72088754563571e-05,9418.49
".DJI",2003-09-11,4.37396178178856e-05,9457.72
".DJI",2003-09-12,5.21902344684611e-05,9469.09
".DJI",2003-09-15,3.19812641995304e-05,9452.46
".DJI",2003-09-16,3.39207463200146e-05,9563.83
".DJI",2003-09-17,4.6754615596041e-05,9547.9
".DJI",2003-09-18,3.0315133007775e-05,9654.22
".DJI",2003-09-19,3.25163628923174e-05,9645.66
".DJI",2003-09-22,0.00010602632827864,9533.37
".DJI",2003-09-23,4.91044411442446e-05,9572.11
".DJI",2003-09-24,4.56833827409771e-05,9424.81
".DJI",2003-09-25,6.25897688954694e-05,9344.66
".DJI",2003-09-26,7.09197402534732e-05,9315.4
".DJI",2003-09-29,5.33221518247894e-05,9378.77
".DJI",2003-09-30,0.0001307344865573,9276.99
".DJI",2003-10-01,8.58584604807486e-05,9464.39
".DJI",2003-10-02,5.34381391790502e-05,9488.69
".DJI",2003-10-03,0.000220789604453,9575.35
".DJI",2003-10-06,2.41183596794534e-05,9593.42
".DJI",2003-10-07,5.57708009669747e-05,9647.72
".DJI",2003-10-08,3.70561758505235e-05,9628.68
".DJI",2003-10-09,0.00012529272712277,9676.68
".DJI",2003-10-10,2.44672423271453e-05,9679.87
".DJI",2003-10-13,6.05464531599642e-05,9762.75
".DJI",2003-10-14,2.70048438567964e-05,9810.38
".DJI",2003-10-15,1.60427128788716e-05,9805.86
".DJI",2003-10-16,2.38451603249604e-05,9791.72
".DJI",2003-10-17,3.90476137201972e-05,9722.01
".DJI",2003-10-20,3.74152755454659e-05,9773.64
".DJI",2003-10-21,3.35058327770067e-05,9748.98
".DJI",2003-10-22,8.14253527087785e-05,9601.42
".DJI",2003-10-23,7.38416462094117e-05,9610.09
".DJI",2003-10-24,7.3263966811047e-05,9582.98
".DJI",2003-10-27,3.97622276564663e-05,9606.02
".DJI",2003-10-28,4.74213925880092e-05,9745.2
".DJI",2003-10-29,4.21910536134945e-05,9778.01
".DJI",2003-10-30,7.66998949326916e-05,9785.12
".DJI",2003-10-31,3.61804896867759e-05,9797.79
".DJI",2003-11-03,4.6339850169613e-05,9858.75
".DJI",2003-11-04,1.99360501759937e-05,9838.75
".DJI",2003-11-05,5.09435935203561e-05,9819.79
".DJI",2003-11-06,3.36779089941943e-05,9855.79
".DJI",2003-11-07,5.29407830045391e-05,9812.53
".DJI",2003-11-10,2.73047068009424e-05,9751.72
".DJI",2003-11-11,1.83578254645608e-05,9735.57
".DJI",2003-11-12,2.68767490469915e-05,9849.94
".DJI",2003-11-13,4.1847554375125e-05,9836.53
".DJI",2003-11-14,4.58628788157367e-05,9764.98
".DJI",2003-11-17,7.36043696112248e-05,9707.94
".DJI",2003-11-18,4.84759300332144e-05,9622.76
".DJI",2003-11-19,3.27780624919723e-05,9690.09
".DJI",2003-11-20,7.01324185362998e-05,9620.24
".DJI",2003-11-21,5.42683470655388e-05,9629.05
".DJI",2003-11-24,6.15705446342765e-05,9748.24
".DJI",2003-11-25,2.48123980583578e-05,9767.49
".DJI",2003-11-26,3.33082808474286e-05,9780.83
".DJI",2003-11-28,6.40682109468898e-06,9782.46
".DJI",2003-12-01,6.28712463314713e-05,9898.9
".DJI",2003-12-02,2.48910676625182e-05,9851.79
".DJI",2003-12-03,6.10539119556213e-05,9875.2
".DJI",2003-12-04,3.20568494451154e-05,9933.86
".DJI",2003-12-05,4.03211007928319e-05,9864.83
".DJI",2003-12-08,2.49257348425668e-05,9962.9
".DJI",2003-12-09,4.39994736782875e-05,9920.82
".DJI",2003-12-10,2.68171967628119e-05,9919.94
".DJI",2003-12-11,2.90460275831551e-05,10006.67
".DJI",2003-12-12,2.94012485970809e-05,10043.34
".DJI",2003-12-15,0.00011332246738038,10022.53
".DJI",2003-12-16,4.0439375993966e-05,10128.15
".DJI",2003-12-17,2.34429924810459e-05,10144.38
".DJI",2003-12-18,1.93713150407564e-05,10245.26
".DJI",2003-12-19,4.27523630479931e-05,10273.71
".DJI",2003-12-22,1.83346279597594e-05,10333.04
".DJI",2003-12-23,2.04647866465479e-05,10338.74
".DJI",2003-12-24,1.1600146290128e-05,10305.19
".DJI",2003-12-26,6.90732460117461e-06,10324.67
".DJI",2003-12-29,3.53716917542169e-05,10445.78
".DJI",2003-12-30,1.30494443831739e-05,10421.04
".DJI",2003-12-31,1.75894652380793e-05,10439.41
".DJI",2004-01-02,5.61261406650313e-05,10405.85
".DJI",2004-01-05,5.41187667975801e-05,10540.14
".DJI",2004-01-06,2.15545232579766e-05,10536.44
".DJI",2004-01-07,2.7220583770141e-05,10526.44
".DJI",2004-01-08,4.32595628556198e-05,10586.37
".DJI",2004-01-09,7.17264172538183e-05,10462.44
".DJI",2004-01-14,3.1093532258639e-05,10537.85
".DJI",2004-01-15,7.49296336726043e-05,10554
".DJI",2004-01-16,3.20586802147235e-05,10597.03
".DJI",2004-01-20,3.15477458940276e-05,10538.52
".DJI",2004-01-21,4.3187411787868e-05,10624.29
".DJI",2004-01-22,3.72541370804604e-05,10620.37
".DJI",2004-01-23,3.46701609086008e-05,10566.29
".DJI",2004-01-26,3.56947395194133e-05,10701.99
".DJI",2004-01-27,3.27841560778074e-05,10613.25
".DJI",2004-01-28,9.41431833552976e-05,10465.11
".DJI",2004-01-29,8.25012065190992e-05,10510.96
".DJI",2004-01-30,6.01922794552796e-05,10488.22
".DJI",2004-02-02,7.72718047589634e-05,10497.48
".DJI",2004-02-03,3.64664891853833e-05,10505.78
".DJI",2004-02-04,5.53591354416697e-05,10470.74
".DJI",2004-02-05,4.55580430544431e-05,10496.15
".DJI",2004-02-06,5.40354427217151e-05,10591.63
".DJI",2004-02-09,2.25306667296441e-05,10574.88
".DJI",2004-02-10,2.21034433291795e-05,10612.51
".DJI",2004-02-11,5.75769033446125e-05,10733.55
".DJI",2004-02-12,2.06187195279344e-05,10693.92
".DJI",2004-02-13,4.90748903167293e-05,10631.33
".DJI",2004-02-17,6.44967944476213e-05,10715.03
".DJI",2004-02-18,1.75318243272319e-05,10671.92
".DJI",2004-02-19,4.34533451401664e-05,10661.11
".DJI",2004-02-20,3.62560017028959e-05,10623.55
".DJI",2004-02-23,3.29926674528534e-05,10605.4
".DJI",2004-02-24,4.23905485462035e-05,10570.07
".DJI",2004-02-25,1.9355559895065e-05,10604.37
".DJI",2004-02-26,2.75162412260417e-05,10584.22
".DJI",2004-02-27,2.77674556919061e-05,10587.55
".DJI",2004-03-01,3.70567080409728e-05,10676.44
".DJI",2004-03-02,3.92633603203568e-05,10591.77
".DJI",2004-03-03,2.24251083979785e-05,10594.96
".DJI",2004-03-04,1.33135163723171e-05,10586.88
".DJI",2004-03-05,0.0001038898645057,10597.25
".DJI",2004-03-08,2.66154495651076e-05,10527.48
".DJI",2004-03-09,5.31475880362408e-05,10456.89
".DJI",2004-03-10,4.79208493898902e-05,10296.59
".DJI",2004-03-11,0.00011687938911722,10127.26
".DJI",2004-03-12,6.25399861731641e-05,10239.41
".DJI",2004-03-15,7.61980975459129e-05,10101.86
".DJI",2004-03-16,0.00011886216379038,10186.6
".DJI",2004-03-17,4.40883013841854e-05,10304.52
".DJI",2004-03-18,6.52078319450433e-05,10296.67
".DJI",2004-03-19,5.10335894797507e-05,10190.67
".DJI",2004-03-22,0.00012774773102983,10064.82
".DJI",2004-03-23,6.91839477708401e-05,10065.78
".DJI",2004-03-24,8.02839098786865e-05,10048.01
".DJI",2004-03-25,7.45191769969453e-05,10217.56
".DJI",2004-03-26,3.89342722478041e-05,10219.34
".DJI",2004-03-29,7.18019429891141e-05,10327.93
".DJI",2004-03-30,2.65799794319815e-05,10378.96
".DJI",2004-03-31,4.45955067397194e-05,10355.56
".DJI",2004-04-01,4.33051928631401e-05,10375.04
".DJI",2004-04-02,0.00014526708853675,10468.15
".DJI",2004-04-05,2.03358995224278e-05,10556.14
".DJI",2004-04-06,3.5175926863049e-05,10566
".DJI",2004-04-07,3.96832156479028e-05,10484.81
".DJI",2004-04-08,9.43480541805754e-05,10438.56
".DJI",2004-04-12,2.51938553229709e-05,10516.91
".DJI",2004-04-13,5.43764805406347e-05,10380.64
".DJI",2004-04-14,6.61255829102232e-05,10379.51
".DJI",2004-04-15,5.81361633845971e-05,10393.92
".DJI",2004-04-16,3.52631018090271e-05,10449.13
".DJI",2004-04-19,1.88637057148725e-05,10436.5
".DJI",2004-04-20,4.42374400928055e-05,10315.92
".DJI",2004-04-21,6.40914463849382e-05,10323.8
".DJI",2004-04-22,7.11705387304375e-05,10475.96
".DJI",2004-04-23,3.4353328586754e-05,10471.42
".DJI",2004-04-26,3.33244852725131e-05,10445.02
".DJI",2004-04-27,2.86566889087474e-05,10503.35
".DJI",2004-04-28,5.41684921829877e-05,10341.04
".DJI",2004-04-29,8.09712920028487e-05,10257.15
".DJI",2004-04-30,8.09301436785435e-05,10235.08
".DJI",2004-05-03,4.87752597423731e-05,10311.38
".DJI",2004-05-04,9.04010898329929e-05,10318.69
".DJI",2004-05-05,3.63096349152938e-05,10312.72
".DJI",2004-05-06,8.1396304845784e-05,10239.27
".DJI",2004-05-07,0.00010276840596302,10116.06
".DJI",2004-05-10,0.00017434994590877,9991.79
".DJI",2004-05-11,3.65436220108412e-05,10023.02
".DJI",2004-05-12,0.00013298905214858,10047.58
".DJI",2004-05-13,9.49876292945935e-05,10008.68
".DJI",2004-05-14,9.05289448511377e-05,10010.46
".DJI",2004-05-17,0.00019353698855072,9904.43
".DJI",2004-05-18,3.76191189425613e-05,9970.64
".DJI",2004-05-19,0.00010191488915834,9941.47
".DJI",2004-05-20,4.55459795290683e-05,9941.54
".DJI",2004-05-21,5.38661365941472e-05,9971.64
".DJI",2004-05-24,8.22420696474212e-05,9961.77
".DJI",2004-05-25,5.38556185193343e-05,10120.39
".DJI",2004-05-26,3.33002597719129e-05,10111.02
".DJI",2004-05-27,6.87293398938936e-05,10204.85
".DJI",2004-05-28,1.30800906172212e-05,10191.29
".DJI",2004-06-01,3.22078890115143e-05,10202.43
".DJI",2004-06-02,4.02746076847458e-05,10263.26
".DJI",2004-06-03,3.79668952944722e-05,10196.9
".DJI",2004-06-04,6.82424388101883e-05,10245.02
".DJI",2004-06-07,4.01432938778944e-05,10388.73
".DJI",2004-06-08,3.8439215248044e-05,10427.13
".DJI",2004-06-09,2.33763416084801e-05,10366.59
".DJI",2004-06-10,1.58210079604835e-05,10409.03
".DJI",2004-06-14,3.03877688701513e-05,10330.04
".DJI",2004-06-15,6.71826784778902e-05,10381.85
".DJI",2004-06-16,1.37344377992287e-05,10379.22
".DJI",2004-06-17,1.73689791581635e-05,10376.1
".DJI",2004-06-18,1.88303674047954e-05,10409.46
".DJI",2004-06-21,2.06158675567781e-05,10372.06
".DJI",2004-06-22,2.84404880008807e-05,10398.68
".DJI",2004-06-23,2.19747279680369e-05,10477.73
".DJI",2004-06-24,2.01388368823825e-05,10448.97
".DJI",2004-06-25,1.97408931251317e-05,10412.17
".DJI",2004-06-28,6.61825699635339e-05,10359.16
".DJI",2004-06-29,1.9644408145805e-05,10415.64
".DJI",2004-06-30,3.16901768770826e-05,10440.64
".DJI",2004-07-01,5.1609407639917e-05,10329.44
".DJI",2004-07-02,3.6133931512365e-05,10280.77
".DJI",2004-07-06,3.53178381020179e-05,10220.23
".DJI",2004-07-07,2.3525273140752e-05,10237.93
".DJI",2004-07-08,4.01097673210133e-05,10168.91
".DJI",2004-07-09,4.24750846098282e-05,10211.68
".DJI",2004-07-12,3.39416294728102e-05,10236.97
".DJI",2004-07-13,1.12914739451043e-05,10247.88
".DJI",2004-07-14,5.59032282730892e-05,10205.78
".DJI",2004-07-15,3.26971287137252e-05,10167.36
".DJI",2004-07-16,5.78086868063319e-05,10143.17
".DJI",2004-07-19,3.51757485761443e-05,10093.25
".DJI",2004-07-20,4.3683817645737e-05,10146.86
".DJI",2004-07-21,5.81684743176836e-05,10045.91
".DJI",2004-07-22,9.19000687804494e-05,10047.31
".DJI",2004-07-23,5.35289071294224e-05,9961.99
".DJI",2004-07-26,7.49837810913452e-05,9963.84
".DJI",2004-07-27,4.47873319133839e-05,10084.99
".DJI",2004-07-28,6.98061883585036e-05,10121.79
".DJI",2004-07-29,4.58452889137483e-05,10133.36
".DJI",2004-07-30,3.10513840255523e-05,10138.75
".DJI",2004-08-02,3.5813479952828e-05,10180.56
".DJI",2004-08-03,3.15674383364157e-05,10114.27
".DJI",2004-08-04,5.55432549180235e-05,10123.85
".DJI",2004-08-05,5.26906242956022e-05,9960.96
".DJI",2004-08-06,0.00013297993388109,9814.96
".DJI",2004-08-09,3.32545273577064e-05,9818.26
".DJI",2004-08-10,5.28204159296937e-05,9941.86
".DJI",2004-08-11,7.3745645189582e-05,9937.36
".DJI",2004-08-12,5.63486963839476e-05,9814.37
".DJI",2004-08-13,4.24127705661058e-05,9824.32
".DJI",2004-08-16,4.60552187599103e-05,9954.99
".DJI",2004-08-17,4.1241567103561e-05,9970.76
".DJI",2004-08-18,5.50429237341809e-05,10082.26
".DJI",2004-08-19,3.9940829683095e-05,10033.89
".DJI",2004-08-20,3.11345016024972e-05,10107.26
".DJI",2004-08-23,2.39857482852239e-05,10076.88
".DJI",2004-08-24,5.53877369614687e-05,10098.34
".DJI",2004-08-25,3.4799636181974e-05,10181.37
".DJI",2004-08-26,1.97392029773439e-05,10175.91
".DJI",2004-08-27,9.79563529980478e-06,10199.73
".DJI",2004-08-30,1.62187429931296e-05,10125.47
".DJI",2004-08-31,3.35245061520365e-05,10170.01
".DJI",2004-09-01,3.54451680961685e-05,10166.55
".DJI",2004-09-02,2.17775690092952e-05,10293.53
".DJI",2004-09-03,2.48958140467642e-05,10266.17
".DJI",2004-09-07,5.42852969631631e-05,10341.16
".DJI",2004-09-08,2.47139420342228e-05,10311.22
".DJI",2004-09-09,2.94781835613157e-05,10287.18
".DJI",2004-09-10,3.14582383181669e-05,10312.77
".DJI",2004-09-13,2.01502182213604e-05,10311.37
".DJI",2004-09-14,1.30653741694654e-05,10320.74
".DJI",2004-09-15,2.51569869589055e-05,10230.92
".DJI",2004-09-16,1.33968087726931e-05,10245.23
".DJI",2004-09-17,2.91630618753415e-05,10288
".DJI",2004-09-20,3.85390082000953e-05,10205.35
".DJI",2004-09-21,1.83561004717634e-05,10245.3
".DJI",2004-09-22,6.51117708376053e-05,10105.42
".DJI",2004-09-23,2.77628488053819e-05,10039.35
".DJI",2004-09-24,1.48125926740675e-05,10046.57
".DJI",2004-09-27,2.16323814867998e-05,9991.42
".DJI",2004-09-28,3.52304207761394e-05,10080.27
".DJI",2004-09-29,2.33958450118421e-05,10079.61
".DJI",2004-09-30,9.44330063091813e-05,10077.84
".DJI",2004-10-01,3.16823840717814e-05,10193.24
".DJI",2004-10-04,5.07861488094948e-05,10214.7
".DJI",2004-10-05,2.15840166487947e-05,10179.3
".DJI",2004-10-06,1.99085981794954e-05,10239.7
".DJI",2004-10-07,1.74777190987946e-05,10124.96
".DJI",2004-10-08,3.57391420543477e-05,10055.27
".DJI",2004-10-11,1.62081778926855e-05,10085.58
".DJI",2004-10-13,5.36301209296565e-05,10000.85
".DJI",2004-10-14,3.84075174218149e-05,9896.29
".DJI",2004-10-15,7.98219652952715e-05,9930.29
".DJI",2004-10-18,5.47522134103663e-05,9957.64
".DJI",2004-10-19,4.66683936818584e-05,9896.22
".DJI",2004-10-20,5.58035657643842e-05,9885.23
".DJI",2004-10-21,6.0016805288335e-05,9870.19
".DJI",2004-10-22,4.13071057494036e-05,9755.97
".DJI",2004-10-25,5.25671964518642e-05,9749.99
".DJI",2004-10-26,4.54012450254634e-05,9882.28
".DJI",2004-10-27,5.20954848445352e-05,10002.55
".DJI",2004-10-28,3.78405084237712e-05,10004.17
".DJI",2004-10-29,3.0584370011623e-05,10025.26
".DJI",2004-11-01,2.13892261507108e-05,10055.35
".DJI",2004-11-02,5.2872386919569e-05,10034.48
".DJI",2004-11-03,0.00027922264516629,10119.94
".DJI",2004-11-04,4.272260204822e-05,10312.55
".DJI",2004-11-05,4.99145571798996e-05,10385.04
".DJI",2004-11-08,2.69347140229023e-05,10391.08
".DJI",2004-11-09,2.99332361685425e-05,10389.83
".DJI",2004-11-10,3.07481396288953e-05,10389.46
".DJI",2004-11-11,2.53295151365751e-05,10474.85
".DJI",2004-11-12,1.61580932246488e-05,10536.28
".DJI",2004-11-15,2.70529878274494e-05,10549.87
".DJI",2004-11-16,1.92043126592847e-05,10488.83
".DJI",2004-11-17,6.77874420893581e-05,10547.8
".DJI",2004-11-18,2.12799475788891e-05,10573.81
".DJI",2004-11-19,3.3550540844876e-05,10459.94
".DJI",2004-11-22,2.38672397012126e-05,10490.16
".DJI",2004-11-23,3.28325704555311e-05,10492.82
".DJI",2004-11-24,1.9142748678494e-05,10523.26
".DJI",2004-11-26,4.68362482906312e-06,10522.23
".DJI",2004-11-29,5.59130556525611e-05,10479.08
".DJI",2004-11-30,4.04016138911966e-05,10434.45
".DJI",2004-12-01,3.85121191937771e-05,10586.67
".DJI",2004-12-02,3.19286042545632e-05,10586.22
".DJI",2004-12-03,5.48210549185611e-05,10591.62
".DJI",2004-12-06,3.08510131728433e-05,10548.46
".DJI",2004-12-07,4.45982158221268e-05,10440.65
".DJI",2004-12-08,2.67382852563706e-05,10490.83
".DJI",2004-12-09,4.47001388983587e-05,10551.57
".DJI",2004-12-10,2.93632866417794e-05,10544.77
".DJI",2004-12-13,4.87238016721128e-05,10641.13
".DJI",2004-12-14,1.60888909842822e-05,10681.99
".DJI",2004-12-15,2.40685807921597e-05,10694.63
".DJI",2004-12-16,3.71514057602828e-05,10706.01
".DJI",2004-12-17,5.52512586681706e-05,10661.15
".DJI",2004-12-20,5.33282227995047e-05,10664.04
".DJI",2004-12-21,2.72561184156427e-05,10758.47
".DJI",2004-12-22,2.11593915350874e-05,10817.59
".DJI",2004-12-23,1.36833663988988e-05,10834.95
".DJI",2004-12-27,3.39086446605049e-05,10784.71
".DJI",2004-12-28,2.47613099619012e-05,10856.38
".DJI",2004-12-29,1.06926170211334e-05,10830.37
".DJI",2004-12-30,8.9986653004662e-06,10804.14
".DJI",2004-12-31,9.90169835092644e-06,10783.23
".DJI",2005-01-03,6.94869340270957e-05,10724.63
".DJI",2005-01-04,5.74371486194033e-05,10631.45
".DJI",2005-01-05,4.86012069290656e-05,10600.71
".DJI",2005-01-06,4.56620967672076e-05,10621.62
".DJI",2005-01-07,4.04886461406841e-05,10600.93
".DJI",2005-01-10,2.98700104396808e-05,10619.7
".DJI",2005-01-11,3.26891938594246e-05,10561.77
".DJI",2005-01-12,5.72366323451123e-05,10622.14
".DJI",2005-01-13,2.7674198870037e-05,10503.61
".DJI",2005-01-14,2.78538948184531e-05,10558.51
".DJI",2005-01-18,3.89055097977882e-05,10626.05
".DJI",2005-01-19,2.05393149459493e-05,10539.97
".DJI",2005-01-20,5.7973821706392e-05,10473.39
".DJI",2005-01-21,4.26207012317564e-05,10393.06
".DJI",2005-01-24,4.55395474493413e-05,10373.63
".DJI",2005-01-25,6.13653875151404e-05,10461.2
".DJI",2005-01-26,3.54611866075063e-05,10500.21
".DJI",2005-01-27,4.72529223936203e-05,10469.55
".DJI",2005-01-28,3.73446635318931e-05,10426.97
".DJI",2005-01-31,6.71135058945505e-05,10489.72
".DJI",2005-02-01,1.91630026671267e-05,10551.05
".DJI",2005-02-02,1.91141299739467e-05,10596.79
".DJI",2005-02-03,1.84642644313645e-05,10591.99
".DJI",2005-02-04,2.09400065106043e-05,10713.32
".DJI",2005-02-07,1.19309590586489e-05,10715.61
".DJI",2005-02-08,1.47737891699624e-05,10729.36
".DJI",2005-02-09,2.31276201253502e-05,10663.81
".DJI",2005-02-10,3.2679129966598e-05,10747.98
".DJI",2005-02-11,3.78539221665002e-05,10799.78
".DJI",2005-02-14,6.64897318079658e-06,10792.61
".DJI",2005-02-15,1.47122883912569e-05,10838.28
".DJI",2005-02-16,1.77157509285771e-05,10832.66
".DJI",2005-02-17,2.37412686689489e-05,10753.01
".DJI",2005-02-18,1.48415303540531e-05,10786.18
".DJI",2005-02-22,4.21086713995317e-05,10614.3
".DJI",2005-02-23,4.06004835812707e-05,10679.04
".DJI",2005-02-24,3.52252463423959e-05,10745.83
".DJI",2005-02-25,1.92025497250677e-05,10841.16
".DJI",2005-02-28,2.998467215126e-05,10767.27
".DJI",2005-03-01,3.13162534469138e-05,10833.25
".DJI",2005-03-02,5.38454757443398e-05,10812.93
".DJI",2005-03-03,4.06945661750318e-05,10831.41
".DJI",2005-03-04,4.88503825633596e-05,10939.44
".DJI",2005-03-07,1.39509888892541e-05,10938.11
".DJI",2005-03-08,2.33359172566213e-05,10909.22
".DJI",2005-03-09,3.74449355001824e-05,10807.32
".DJI",2005-03-10,4.41987209730154e-05,10846.48
".DJI",2005-03-11,3.38792819215102e-05,10778.35
".DJI",2005-03-14,2.41879471377397e-05,10804.73
".DJI",2005-03-15,2.73288422992003e-05,10749.16
".DJI",2005-03-16,4.59229558058276e-05,10634.11
".DJI",2005-03-17,2.47242274982113e-05,10630.04
".DJI",2005-03-18,3.6313267833176e-05,10629.08
".DJI",2005-03-21,4.56016833494295e-05,10565.98
".DJI",2005-03-22,5.08012395237663e-05,10474.35
".DJI",2005-03-23,4.02435841752382e-05,10451.88
".DJI",2005-03-24,2.7852783556078e-05,10446.79
".DJI",2005-03-28,2.72494015547741e-05,10485.73
".DJI",2005-03-29,4.50467690264699e-05,10405.33
".DJI",2005-03-30,4.10744025101089e-05,10543.44
".DJI",2005-03-31,2.42230249603274e-05,10502.65
".DJI",2005-04-01,7.63082661663539e-05,10402.37
".DJI",2005-04-04,3.57819007065071e-05,10418.85
".DJI",2005-04-05,3.10216844259039e-05,10459.35
".DJI",2005-04-06,3.24849787501376e-05,10483.89
".DJI",2005-04-07,2.19048080951546e-05,10548.32
".DJI",2005-04-08,1.93332293265616e-05,10460.83
".DJI",2005-04-11,1.82452041667608e-05,10450.11
".DJI",2005-04-12,4.6249237458479e-05,10507.53
".DJI",2005-04-13,3.47400125802892e-05,10400.16
".DJI",2005-04-14,5.75350307235806e-05,10280.52
".DJI",2005-04-15,9.59207756992376e-05,10080.34
".DJI",2005-04-18,5.68567736102117e-05,10070.96
".DJI",2005-04-19,6.16417943901693e-05,10129.93
".DJI",2005-04-20,8.14056337785181e-05,10015.09
".DJI",2005-04-21,0.00013611066075417,10218.08
".DJI",2005-04-22,7.95290271844618e-05,10160.15
".DJI",2005-04-25,6.4813667913102e-05,10245.5
".DJI",2005-04-26,4.46613801836184e-05,10153.13
".DJI",2005-04-27,7.58687505637247e-05,10200.2
".DJI",2005-04-28,6.27247359404985e-05,10073.17
".DJI",2005-04-29,0.00011681609400076,10185.57
".DJI",2005-05-02,5.02334278264815e-05,10254.88
".DJI",2005-05-03,0.0001017112030507,10258.58
".DJI",2005-05-04,5.23485755865813e-05,10381.09
".DJI",2005-05-05,6.31027284096968e-05,10342
".DJI",2005-05-06,5.27366426612311e-05,10344
".DJI",2005-05-09,2.05216489859947e-05,10383.98
".DJI",2005-05-10,6.05196373703616e-05,10279.19
".DJI",2005-05-11,5.11809078268082e-05,10296.85
".DJI",2005-05-12,4.93650515670353e-05,10190.89
".DJI",2005-05-13,7.292443474424e-05,10137.76
".DJI",2005-05-16,3.15463333908618e-05,10253.34
".DJI",2005-05-17,3.27888990460399e-05,10328.85
".DJI",2005-05-18,6.32297984972778e-05,10461.93
".DJI",2005-05-19,2.32664044193695e-05,10491.27
".DJI",2005-05-20,2.71520244280489e-05,10472.06
".DJI",2005-05-23,2.69446394051746e-05,10526.59
".DJI",2005-05-24,3.3395510926294e-05,10505.61
".DJI",2005-05-25,2.50180259956992e-05,10461.12
".DJI",2005-05-26,3.01784899175807e-05,10537.23
".DJI",2005-05-27,7.08416229914549e-06,10543.14
".DJI",2005-05-31,2.21972621417832e-05,10471.47
".DJI",2005-06-01,4.74200819356318e-05,10548.83
".DJI",2005-06-02,3.11561099143546e-05,10551.2
".DJI",2005-06-03,3.01669234999008e-05,10468.51
".DJI",2005-06-06,1.27168883096486e-05,10470.95
".DJI",2005-06-07,3.83755256949387e-05,10485.95
".DJI",2005-06-08,3.50104328035954e-05,10478.63
".DJI",2005-06-09,3.33862298261949e-05,10504.72
".DJI",2005-06-10,1.36525614942753e-05,10512.63
".DJI",2005-06-13,3.32071407629144e-05,10525.09
".DJI",2005-06-14,2.71610653524003e-05,10550.11
".DJI",2005-06-15,4.39198413174242e-05,10566.68
".DJI",2005-06-16,1.99089191131258e-05,10579.57
".DJI",2005-06-17,4.32181505113757e-05,10625.99
".DJI",2005-06-20,3.14775133470862e-05,10610.56
".DJI",2005-06-21,2.09491423131191e-05,10600.82
".DJI",2005-06-22,3.29353473734907e-05,10593.3
".DJI",2005-06-23,4.38629200511278e-05,10419.91
".DJI",2005-06-24,3.26286020331183e-05,10302.67
".DJI",2005-06-27,3.28194155754518e-05,10294.61
".DJI",2005-06-28,2.64275897787987e-05,10402.34
".DJI",2005-06-29,2.24196881801549e-05,10374.64
".DJI",2005-06-30,4.11267131042558e-05,10271.21
".DJI",2005-07-01,3.55629438001354e-05,10309.42
".DJI",2005-07-05,2.5113863524625e-05,10373.1
".DJI",2005-07-06,2.26205590596107e-05,10271.75
".DJI",2005-07-07,0.00010787482747397,10302.16
".DJI",2005-07-08,2.64548495588616e-05,10451.82
".DJI",2005-07-11,3.36743397849283e-05,10521.1
".DJI",2005-07-12,2.52301341993315e-05,10513.12
".DJI",2005-07-13,1.89713403165679e-05,10551.79
".DJI",2005-07-14,6.20009949923663e-05,10629.21
".DJI",2005-07-15,1.41600873456905e-05,10637.48
".DJI",2005-07-18,1.85870008014879e-05,10578.73
".DJI",2005-07-19,8.29977953808632e-05,10648.08
".DJI",2005-07-20,3.66708650506113e-05,10686.21
".DJI",2005-07-21,5.85739251229782e-05,10625.78
".DJI",2005-07-22,2.11606013461783e-05,10649.98
".DJI",2005-07-25,1.69379977479148e-05,10597.12
".DJI",2005-07-26,2.27043469435441e-05,10584.54
".DJI",2005-07-27,3.20339442876194e-05,10638.36
".DJI",2005-07-28,2.66212945606976e-05,10707.15
".DJI",2005-07-29,1.53691725103922e-05,10643.3
".DJI",2005-08-01,2.51476824406669e-05,10619.49
".DJI",2005-08-02,1.68351526637261e-05,10682.55
".DJI",2005-08-03,1.49893287478806e-05,10694.25
".DJI",2005-08-04,2.15457994214427e-05,10607.31
".DJI",2005-08-05,2.10501687354267e-05,10560.66
".DJI",2005-08-08,2.73877777705481e-05,10536.14
".DJI",2005-08-09,4.61168147099614e-05,10617.58
".DJI",2005-08-10,6.8606479069098e-05,10596.88
".DJI",2005-08-11,3.94820871150921e-05,10682.55
".DJI",2005-08-12,3.63228401911308e-05,10602.14
".DJI",2005-08-15,2.43054729672986e-05,10635.1
".DJI",2005-08-16,3.78298368494054e-05,10511.94
".DJI",2005-08-17,3.80621653281817e-05,10550.39
".DJI",2005-08-18,3.55152688400112e-05,10551.34
".DJI",2005-08-19,2.90839115838911e-05,10560.1
".DJI",2005-08-22,3.72051675563278e-05,10571.73
".DJI",2005-08-23,2.60276172171682e-05,10522.52
".DJI",2005-08-24,4.1488693605742e-05,10438.69
".DJI",2005-08-25,1.75228811901532e-05,10449.6
".DJI",2005-08-26,3.57549702439676e-05,10396.66
".DJI",2005-08-29,4.28834388216819e-05,10467.59
".DJI",2005-08-30,5.49989036169249e-05,10414.17
".DJI",2005-08-31,6.16420097237897e-05,10482.96
".DJI",2005-09-01,6.23808495641723e-05,10459.87
".DJI",2005-09-02,2.71169870463643e-05,10448.49
".DJI",2005-09-06,4.92652209253192e-05,10592.82
".DJI",2005-09-07,1.71091486455285e-05,10631.51
".DJI",2005-09-08,2.19308207408571e-05,10596.33
".DJI",2005-09-09,2.67059183786801e-05,10673.87
".DJI",2005-09-12,1.32515606128933e-05,10681.03
".DJI",2005-09-13,2.74113639436644e-05,10598.55
".DJI",2005-09-14,3.22505062117314e-05,10544.02
".DJI",2005-09-15,3.28325661610588e-05,10557.08
".DJI",2005-09-16,4.13934763715011e-05,10639.87
".DJI",2005-09-19,2.77876668422499e-05,10555.25
".DJI",2005-09-20,3.91729844573591e-05,10484.47
".DJI",2005-09-21,5.27716037641432e-05,10376.67
".DJI",2005-09-22,5.6769861932074e-05,10422.29
".DJI",2005-09-23,3.18090663944217e-05,10421.66
".DJI",2005-09-26,9.82082240601457e-05,10445.22
".DJI",2005-09-27,4.10194691762984e-05,10454.54
".DJI",2005-09-28,2.97727849867184e-05,10476.51
".DJI",2005-09-29,4.40495866627974e-05,10557.87
".DJI",2005-09-30,2.30782278569551e-05,10568.46
".DJI",2005-10-03,2.73176545954139e-05,10538.2
".DJI",2005-10-04,3.58035075823316e-05,10439.91
".DJI",2005-10-05,5.55203496523517e-05,10317.28
".DJI",2005-10-06,8.08893740287213e-05,10286.3
".DJI",2005-10-07,3.96601168322331e-05,10294.07
".DJI",2005-10-10,4.11883841134795e-05,10239.16
".DJI",2005-10-11,7.20652240917902e-05,10253.01
".DJI",2005-10-12,7.76982348278123e-05,10218.11
".DJI",2005-10-13,7.84870821620524e-05,10217.07
".DJI",2005-10-14,5.44893800662957e-05,10291.03
".DJI",2005-10-17,4.6033085414132e-05,10346.42
".DJI",2005-10-18,2.83377439201451e-05,10288.87
".DJI",2005-10-19,6.73745596663635e-05,10409.17
".DJI",2005-10-20,7.73847693820994e-05,10282.06
".DJI",2005-10-21,0.00010298632022657,10217.79
".DJI",2005-10-24,7.60577286857862e-05,10385.64
".DJI",2005-10-25,3.90832646393582e-05,10378.75
".DJI",2005-10-26,5.96308432435961e-05,10347.94
".DJI",2005-10-27,2.9499965175338e-05,10231.23
".DJI",2005-10-28,6.79024724286564e-05,10400.21
".DJI",2005-10-31,3.40274495547165e-05,10439.91
".DJI",2005-11-01,2.26391120121854e-05,10407.57
".DJI",2005-11-02,2.42594776077822e-05,10469.2
".DJI",2005-11-03,4.72694811867944e-05,10521.39
".DJI",2005-11-04,3.29258535641485e-05,10528.04
".DJI",2005-11-07,2.54934295286924e-05,10584.87
".DJI",2005-11-08,2.41072704828476e-05,10541.72
".DJI",2005-11-09,2.41110978712423e-05,10542.77
".DJI",2005-11-10,3.42409958962817e-05,10645.46
".DJI",2005-11-11,5.59777051277113e-06,10684.84
".DJI",2005-11-14,1.55233053260221e-05,10698.21
".DJI",2005-11-15,2.01018606118251e-05,10685.56
".DJI",2005-11-16,2.42082723484867e-05,10675
".DJI",2005-11-17,1.97992409302081e-05,10721.34
".DJI",2005-11-18,3.80475066889792e-05,10764.65
".DJI",2005-11-21,1.41121968652551e-05,10823
".DJI",2005-11-22,2.36657243716738e-05,10867.9
".DJI",2005-11-23,1.37928032370599e-05,10915.77
".DJI",2005-11-25,9.25636261271333e-06,10931.62
".DJI",2005-11-28,1.55370686121359e-05,10895.28
".DJI",2005-11-29,3.65029736864592e-05,10889.92
".DJI",2005-11-30,3.17606342847623e-05,10805.63
".DJI",2005-12-01,4.2273350551976e-05,10915.13
".DJI",2005-12-02,1.42829530910434e-05,10877.83
".DJI",2005-12-05,2.05823075865483e-05,10837.49
".DJI",2005-12-06,4.09821775609865e-05,10853.9
".DJI",2005-12-07,3.14111600638984e-05,10812.27
".DJI",2005-12-08,4.17712147445959e-05,10755.76
".DJI",2005-12-09,1.97239909906111e-05,10780.66
".DJI",2005-12-12,2.04954978240761e-05,10770.65
".DJI",2005-12-13,2.99825433061445e-05,10824.36
".DJI",2005-12-14,2.03350782125058e-05,10884.31
".DJI",2005-12-15,2.29816274475778e-05,10882.15
".DJI",2005-12-16,2.42104852905753e-05,10877.59
".DJI",2005-12-19,2.37202545943941e-05,10836.45
".DJI",2005-12-20,2.37790557744383e-05,10807.79
".DJI",2005-12-21,3.94297366147443e-05,10838.45
".DJI",2005-12-22,2.31475390015842e-05,10889.84
".DJI",2005-12-23,8.39347501371478e-06,10887.68
".DJI",2005-12-27,3.84815682048517e-05,10780.5
".DJI",2005-12-28,1.97730152382778e-05,10795.46
".DJI",2005-12-29,1.52655550456307e-05,10787.7
".DJI",2005-12-30,2.33023140956198e-05,10714.54
".DJI",2006-01-03,6.70571440033341e-05,10843.73
".DJI",2006-01-04,2.77635586265848e-05,10881.19
".DJI",2006-01-05,2.45945686252962e-05,10879.27
".DJI",2006-01-06,5.812624221047e-05,10956.03
".DJI",2006-01-09,1.70400088975153e-05,11011.34
".DJI",2006-01-10,3.25749409099975e-05,11009.98
".DJI",2006-01-11,1.73045034222298e-05,11044.24
".DJI",2006-01-12,1.8014386495274e-05,10962.68
".DJI",2006-01-13,2.32645033491764e-05,10960.6
".DJI",2006-01-17,3.67415310747017e-05,10897.76
".DJI",2006-01-18,3.33213150965543e-05,10856.46
".DJI",2006-01-19,2.10063073233879e-05,10877.83
".DJI",2006-01-20,4.51115104534341e-05,10666.19
".DJI",2006-01-23,2.67665386978017e-05,10687.48
".DJI",2006-01-24,2.85409094219558e-05,10711.18
".DJI",2006-01-25,5.99106193253023e-05,10714.94
".DJI",2006-01-26,6.02754806391628e-05,10810.67
".DJI",2006-01-27,3.47864746869984e-05,10904.16
".DJI",2006-01-30,1.35338316842728e-05,10902.8
".DJI",2006-01-31,3.09162703065939e-05,10868.62
".DJI",2006-02-01,3.04735513142557e-05,10947.47
".DJI",2006-02-02,4.51699346717151e-05,10854.46
".DJI",2006-02-03,4.94175909829368e-05,10793.62
".DJI",2006-02-06,2.13590532485715e-05,10798.19
".DJI",2006-02-07,3.72094951343592e-05,10754.08
".DJI",2006-02-08,3.01730489365467e-05,10853.74
".DJI",2006-02-09,2.43987185664903e-05,10884.79
".DJI",2006-02-10,4.00844343223586e-05,10920.81
".DJI",2006-02-13,2.55108375093295e-05,10895.2
".DJI",2006-02-14,4.03914349147387e-05,11028.63
".DJI",2006-02-15,3.79572502601713e-05,11059.61
".DJI",2006-02-16,1.49345996330334e-05,11118.2
".DJI",2006-02-17,1.35858027278444e-05,11110.36
".DJI",2006-02-21,2.17695203230817e-05,11068.25
".DJI",2006-02-22,1.93540771922459e-05,11137.09
".DJI",2006-02-23,2.93843398669904e-05,11069.7
".DJI",2006-02-24,1.91855967793458e-05,11064.01
".DJI",2006-02-27,1.88654056434862e-05,11098.67
".DJI",2006-02-28,3.5499007126642e-05,10994.05
".DJI",2006-03-01,2.6498959573261e-05,11054.17
".DJI",2006-03-02,3.14348703412111e-05,11028.23
".DJI",2006-03-03,4.21745843432287e-05,11020.55
".DJI",2006-03-06,2.53335857320072e-05,10960.68
".DJI",2006-03-07,3.21402225307778e-05,10977
".DJI",2006-03-08,2.92860713570496e-05,11004.86
".DJI",2006-03-09,1.86122049336042e-05,10973.32
".DJI",2006-03-10,3.71655388336222e-05,11076.9
".DJI",2006-03-13,2.16060618970591e-05,11074.18
".DJI",2006-03-14,1.54635714741059e-05,11150.3
".DJI",2006-03-15,1.76278788430974e-05,11213.45
".DJI",2006-03-16,2.36748686349e-05,11256.92
".DJI",2006-03-17,1.22189733346561e-05,11280.13
".DJI",2006-03-20,1.81396203872217e-05,11277.25
".DJI",2006-03-21,2.03728477355708e-05,11235.87
".DJI",2006-03-22,2.07308945185293e-05,11315.67
".DJI",2006-03-23,2.00865027664841e-05,11272.29
".DJI",2006-03-24,1.99812173241529e-05,11277.57
".DJI",2006-03-27,1.61624584655865e-05,11252.52
".DJI",2006-03-28,3.79156177846305e-05,11156.7
".DJI",2006-03-29,2.35694051386012e-05,11218.42
".DJI",2006-03-30,4.40207386266671e-05,11153.26
".DJI",2006-03-31,3.48566918987741e-05,11110.6
".DJI",2006-04-03,4.21894857013284e-05,11145.58
".DJI",2006-04-04,3.57836831188972e-05,11200.97
".DJI",2006-04-05,3.31995978544644e-05,11238.19
".DJI",2006-04-06,2.12958799291409e-05,11214.17
".DJI",2006-04-07,5.78050333957084e-05,11121.32
".DJI",2006-04-10,1.97807077357035e-05,11140.45
".DJI",2006-04-11,4.1465435627089e-05,11088.03
".DJI",2006-04-12,2.64407957476657e-05,11132.21
".DJI",2006-04-13,2.15131793374376e-05,11134.21
".DJI",2006-04-17,1.78656388499309e-05,11076.02
".DJI",2006-04-18,6.20199791264343e-05,11266.6
".DJI",2006-04-19,4.08844359780842e-05,11281.57
".DJI",2006-04-20,3.32964401150229e-05,11343.13
".DJI",2006-04-21,4.78603565818401e-05,11346.17
".DJI",2006-04-24,2.22185239035209e-05,11336.24
".DJI",2006-04-25,2.7040180650744e-05,11286.94
".DJI",2006-04-26,3.95663662659467e-05,11354.49
".DJI",2006-04-27,0.00010711147873716,11384.43
".DJI",2006-04-28,2.29317868046763e-05,11368.82
".DJI",2006-05-01,4.65606265534308e-05,11345.77
".DJI",2006-05-02,2.2164721481574e-05,11415.81
".DJI",2006-05-03,3.15934773699398e-05,11402.04
".DJI",2006-05-04,1.94092000363201e-05,11440.14
".DJI",2006-05-05,4.30515312236615e-05,11580.7
".DJI",2006-05-08,6.52125438495436e-06,11583.26
".DJI",2006-05-09,5.36413885837777e-06,11638.33
".DJI",2006-05-10,2.35324972258944e-05,11639.53
".DJI",2006-05-11,3.07096181541234e-05,11501.77
".DJI",2006-05-12,6.28452417253276e-05,11379.31
".DJI",2006-05-15,5.17655523202472e-05,11425.57
".DJI",2006-05-16,2.49531871781969e-05,11419.41
".DJI",2006-05-17,7.73997668868695e-05,11206.09
".DJI",2006-05-18,6.33920718995756e-05,11129.49
".DJI",2006-05-19,8.81158591946554e-05,11143.5
".DJI",2006-05-22,0.00010612194875718,11123
".DJI",2006-05-23,7.44146947419235e-05,11099.39
".DJI",2006-05-24,0.00013932206281846,11118.44
".DJI",2006-05-25,4.20655393162057e-05,11213.85
".DJI",2006-05-26,2.31434777542095e-05,11279.65
".DJI",2006-05-30,4.86108618856851e-05,11101.87
".DJI",2006-05-31,6.19475889415416e-05,11164.87
".DJI",2006-06-01,3.78453277555684e-05,11258.52
".DJI",2006-06-02,5.36700893871504e-05,11246.35
".DJI",2006-06-05,5.91731779479647e-05,11050.56
".DJI",2006-06-06,9.95560771157761e-05,11000.7
".DJI",2006-06-07,6.02569896028425e-05,10935.94
".DJI",2006-06-08,0.00016303027448643,10939.22
".DJI",2006-06-09,5.61191971153743e-05,10887.27
".DJI",2006-06-12,5.7872376476679e-05,10792.9
".DJI",2006-06-13,0.00014238888040848,10701.09
".DJI",2006-06-14,7.55481052756677e-05,10814.11
".DJI",2006-06-15,6.4177604835703e-05,11006.46
".DJI",2006-06-16,3.23818906144011e-05,11013.58
".DJI",2006-06-19,5.28568020668598e-05,10945.55
".DJI",2006-06-20,3.13342604700213e-05,10972.2
".DJI",2006-06-21,3.63874419435415e-05,11074.74
".DJI",2006-06-22,4.32300905875741e-05,11021.51
".DJI",2006-06-23,6.76224435035749e-05,10994.45
".DJI",2006-06-26,3.05279709798047e-05,11048.24
".DJI",2006-06-27,3.66624361212484e-05,10927.3
".DJI",2006-06-28,2.51672384944189e-05,10976.6
".DJI",2006-06-29,9.60581328054842e-05,11188.88
".DJI",2006-06-30,3.12283195651974e-05,11166.47
".DJI",2006-07-03,2.04100516811002e-05,11228.02
".DJI",2006-07-05,5.51877717451472e-05,11151.42
".DJI",2006-07-06,3.48239858979895e-05,11223.7
".DJI",2006-07-07,4.64056651366993e-05,11090.51
".DJI",2006-07-10,3.04744449779171e-05,11106.92
".DJI",2006-07-11,3.7444410504867e-05,11133.25
".DJI",2006-07-12,2.91102218030239e-05,11013.34
".DJI",2006-07-13,7.83247245830552e-05,10847.97
".DJI",2006-07-14,7.06368487949593e-05,10747.04
".DJI",2006-07-17,6.33005156478773e-05,10747.38
".DJI",2006-07-18,9.02740630387516e-05,10802.11
".DJI",2006-07-19,0.00010076634100117,11009.5
".DJI",2006-07-20,4.74885546407099e-05,10929.46
".DJI",2006-07-21,8.232609100636e-05,10871.19
".DJI",2006-07-24,6.91552680280249e-05,11048.24
".DJI",2006-07-25,5.05046294393942e-05,11106.6
".DJI",2006-07-26,4.33379301086736e-05,11105.07
".DJI",2006-07-27,5.67489488037972e-05,11099.95
".DJI",2006-07-28,8.05509298125423e-05,11215.3
".DJI",2006-07-31,2.51504343488285e-05,11183.04
".DJI",2006-08-01,3.08801960255241e-05,11125.73
".DJI",2006-08-02,3.47610203685002e-05,11194.56
".DJI",2006-08-03,4.79427732815754e-05,11240.75
".DJI",2006-08-04,9.09527977000779e-05,11240.83
".DJI",2006-08-07,2.3311866524554e-05,11222.1
".DJI",2006-08-08,5.39578120832464e-05,11170.15
".DJI",2006-08-09,7.93769791383359e-05,11072.74
".DJI",2006-08-10,4.67643006832722e-05,11120.28
".DJI",2006-08-11,2.08398486906972e-05,11085.86
".DJI",2006-08-14,6.19940037949063e-05,11097.15
".DJI",2006-08-15,8.22999942813845e-05,11224.02
".DJI",2006-08-16,2.2121474901664e-05,11327.04
".DJI",2006-08-17,1.65863030077262e-05,11336.08
".DJI",2006-08-18,2.6043902966044e-05,11376.26
".DJI",2006-08-21,1.88766064112366e-05,11348.81
".DJI",2006-08-22,1.85719402668255e-05,11340
".DJI",2006-08-23,2.02993222309045e-05,11288.7
".DJI",2006-08-24,2.36383528745433e-05,11303.26
".DJI",2006-08-25,2.16591757740472e-05,11285.89
".DJI",2006-08-28,1.37216764510154e-05,11352.09
".DJI",2006-08-29,1.71267952642537e-05,11371.78
".DJI",2006-08-30,1.76894906261687e-05,11382.75
".DJI",2006-08-31,8.87705070976509e-06,11382.99
".DJI",2006-09-01,2.23659572475544e-05,11464.47
".DJI",2006-09-05,1.28036152962959e-05,11472.24
".DJI",2006-09-06,2.80810236168951e-05,11404.44
".DJI",2006-09-07,4.36185452060695e-05,11329.68
".DJI",2006-09-08,1.96295201619694e-05,11390.11
".DJI",2006-09-11,2.23437176125001e-05,11396.2
".DJI",2006-09-12,1.72079349493161e-05,11496.65
".DJI",2006-09-13,1.29654260924555e-05,11541.72
".DJI",2006-09-14,1.65307889602705e-05,11527.87
".DJI",2006-09-15,4.58272291612091e-05,11556.6
".DJI",2006-09-18,2.19572884635792e-05,11555.56
".DJI",2006-09-19,1.84730454453973e-05,11543.4
".DJI",2006-09-20,2.98213015132516e-05,11615.04
".DJI",2006-09-21,2.95608362020739e-05,11533.07
".DJI",2006-09-22,1.8223678358008e-05,11505.54
".DJI",2006-09-25,5.20995142806594e-05,11579.74
".DJI",2006-09-26,2.92453132187855e-05,11668.67
".DJI",2006-09-27,3.39442333479427e-05,11693.24
".DJI",2006-09-28,1.69727783215855e-05,11712.13
".DJI",2006-09-29,1.15221974981146e-05,11679.87
".DJI",2006-10-02,1.65925278507686e-05,11675.47
".DJI",2006-10-03,2.2859968609854e-05,11727.58
".DJI",2006-10-04,1.97102576538482e-05,11849.97
".DJI",2006-10-05,1.23116817972381e-05,11864.21
".DJI",2006-10-06,3.46683183017391e-05,11852.29
".DJI",2006-10-09,1.1851286695294e-05,11857.57
".DJI",2006-10-10,1.42350894481639e-05,11866.45
".DJI",2006-10-11,2.90651073675357e-05,11850.53
".DJI",2006-10-12,1.99050180348096e-05,11948.82
".DJI",2006-10-13,1.04760423676222e-05,11958.99
".DJI",2006-10-16,6.54453070585187e-06,11981.72
".DJI",2006-10-17,2.03856288409799e-05,11956.42
".DJI",2006-10-18,7.50253811027154e-05,11990.84
".DJI",2006-10-19,1.2233723117854e-05,12011.33
".DJI",2006-10-20,3.93113498202956e-05,12000.45
".DJI",2006-10-23,2.06284670111338e-05,12114.19
".DJI",2006-10-24,2.38715214030613e-05,12127.48
".DJI",2006-10-25,2.68750501789136e-05,12133.32
".DJI",2006-10-26,1.90297519990927e-05,12160.46
".DJI",2006-10-27,3.29025964356118e-05,12095.62
".DJI",2006-10-30,1.53602244045968e-05,12087.06
".DJI",2006-10-31,2.98237086307989e-05,12076.01
".DJI",2006-11-01,2.53393520987503e-05,12032.31
".DJI",2006-11-02,2.16710458671286e-05,12014.22
".DJI",2006-11-03,4.47057094812899e-05,11988.28
".DJI",2006-11-06,2.52999044808568e-05,12103.3
".DJI",2006-11-07,1.82096995307956e-05,12155.65
".DJI",2006-11-08,3.69429729890461e-05,12175.42
".DJI",2006-11-09,2.25573303351722e-05,12107.95
".DJI",2006-11-10,1.23576525442585e-05,12105.95
".DJI",2006-11-13,1.65857263685372e-05,12132.36
".DJI",2006-11-14,4.08303035225055e-05,12217.69
".DJI",2006-11-15,1.43224895837925e-05,12253.07
".DJI",2006-11-16,1.9186779901986e-05,12305.42
".DJI",2006-11-17,1.59221265789537e-05,12337.43
".DJI",2006-11-20,1.39836322374291e-05,12317.1
".DJI",2006-11-21,6.38674464631991e-06,12319.42
".DJI",2006-11-22,1.42720529448331e-05,12325.83
".DJI",2006-11-24,3.16993555659641e-05,12280.17
".DJI",2006-11-27,3.52342239518484e-05,12124.51
".DJI",2006-11-28,3.6694722526455e-05,12135.41
".DJI",2006-11-29,3.80561199825121e-05,12224.25
".DJI",2006-11-30,5.26232242348966e-05,12230.18
".DJI",2006-12-01,6.30195457797878e-05,12192.21
".DJI",2006-12-04,2.25583350371522e-05,12281.69
".DJI",2006-12-05,2.66016886192163e-05,12329.04
".DJI",2006-12-06,8.95307081825633e-06,12311.49
".DJI",2006-12-07,2.66240218927369e-05,12274.88
".DJI",2006-12-08,2.2854886962431e-05,12301.8
".DJI",2006-12-11,6.8470036007562e-06,12325.35
".DJI",2006-12-12,2.78030579178753e-05,12313.1
".DJI",2006-12-13,3.38849869338518e-05,12319.5
".DJI",2006-12-14,1.59974658800141e-05,12414.52
".DJI",2006-12-15,2.28932784144207e-05,12449.05
".DJI",2006-12-18,1.32394123125553e-05,12442.88
".DJI",2006-12-19,1.94907097309179e-05,12470.84
".DJI",2006-12-20,6.24865099958369e-06,12464.75
".DJI",2006-12-21,1.68991278181196e-05,12426.29
".DJI",2006-12-22,1.50233313643287e-05,12347.94
".DJI",2006-12-26,6.54497376180521e-06,12414.36
".DJI",2006-12-27,2.27763868457061e-05,12518.02
".DJI",2006-12-28,1.13243681316656e-05,12498.39
".DJI",2006-12-29,1.79177387424771e-05,12462.34
".DJI",2007-01-03,5.48650944302588e-05,12475.56
".DJI",2007-01-04,3.42899777756363e-05,12480.85
".DJI",2007-01-05,3.38969333195588e-05,12402.5
".DJI",2007-01-08,3.19067046584217e-05,12424.29
".DJI",2007-01-09,2.81216480631854e-05,12418.04
".DJI",2007-01-10,2.43356350823906e-05,12442.56
".DJI",2007-01-11,1.34213146586846e-05,12513.06
".DJI",2007-01-12,1.25343137744689e-05,12553.43
".DJI",2007-01-16,1.4360819422691e-05,12580.83
".DJI",2007-01-17,2.20766904070352e-05,12579.79
".DJI",2007-01-18,2.11383184563893e-05,12560.88
".DJI",2007-01-19,1.03384626218948e-05,12563.21
".DJI",2007-01-22,1.8939071997665e-05,12479.17
".DJI",2007-01-23,1.86649923712465e-05,12535.97
".DJI",2007-01-24,1.51773190326217e-05,12619.76
".DJI",2007-01-25,1.85220999293451e-05,12505.52
".DJI",2007-01-26,3.20870427734436e-05,12487.74
".DJI",2007-01-29,2.0635437883373e-05,12492.47
".DJI",2007-01-30,1.66559568407571e-05,12524.35
".DJI",2007-01-31,3.90563013982337e-05,12619.44
".DJI",2007-02-01,1.7828571798478e-05,12669.67
".DJI",2007-02-02,1.0323754507852e-05,12656.22
".DJI",2007-02-05,8.38466576150581e-06,12661.98
".DJI",2007-02-06,8.77095083776732e-06,12664.55
".DJI",2007-02-07,1.00014358663052e-05,12666.15
".DJI",2007-02-08,2.8096649132846e-05,12637.95
".DJI",2007-02-09,2.54734751078335e-05,12582.51
".DJI",2007-02-12,1.41982395997383e-05,12555.92
".DJI",2007-02-13,3.39614546525032e-05,12652.53
".DJI",2007-02-14,1.73081764267006e-05,12742.42
".DJI",2007-02-15,1.012914847886e-05,12767.25
".DJI",2007-02-16,4.37295569121462e-06,12764.13
".DJI",2007-02-20,1.83651237785837e-05,12785.76
".DJI",2007-02-21,2.9043808404872e-05,12739.21
".DJI",2007-02-22,2.84010158648694e-05,12687.06
".DJI",2007-02-23,1.38043988865039e-05,12649.89
".DJI",2007-02-26,1.68983394255123e-05,12636.43
".DJI",2007-02-27,0.00044662970895858,12233.3
".DJI",2007-02-28,0.00013029205165454,12264.39
".DJI",2007-03-01,0.0004035456381848,12234.18
".DJI",2007-03-02,8.10561877447513e-05,12109.93
".DJI",2007-03-05,0.00016382090818949,12047.76
".DJI",2007-03-06,9.46126118850674e-05,12204.94
".DJI",2007-03-07,2.6810732728468e-05,12188.36
".DJI",2007-03-08,5.48822443490344e-05,12259.1
".DJI",2007-03-09,6.40030209285912e-05,12276.96
".DJI",2007-03-12,2.2909707260726e-05,12316.14
".DJI",2007-03-13,8.74401126068965e-05,12074.84
".DJI",2007-03-14,0.00013380807640467,12132.28
".DJI",2007-03-15,4.03695500366437e-05,12156.72
".DJI",2007-03-16,2.96861621289505e-05,12109.77
".DJI",2007-03-19,5.16993179289822e-05,12224.49
".DJI",2007-03-20,1.45347376957309e-05,12286.58
".DJI",2007-03-21,5.20717951360074e-05,12445.52
".DJI",2007-03-22,1.81301666176124e-05,12460.74
".DJI",2007-03-23,2.62525775988208e-05,12482.53
".DJI",2007-03-26,4.05949066011611e-05,12468.43
".DJI",2007-03-27,3.65206168277776e-05,12397.69
".DJI",2007-03-28,6.79905478739074e-05,12293.07
".DJI",2007-03-29,7.01724022427149e-05,12345.86
".DJI",2007-03-30,4.55264416683886e-05,12351.15
".DJI",2007-04-02,2.22485292690742e-05,12382.87
".DJI",2007-04-03,5.56568320905296e-05,12509.65
".DJI",2007-04-04,1.26884445097559e-05,12528.34
".DJI",2007-04-05,7.01355546992862e-06,12558
".DJI",2007-04-09,8.01576495523118e-06,12568.97
".DJI",2007-04-10,1.01901852099459e-05,12573.85
".DJI",2007-04-11,2.29680218749456e-05,12484.78
".DJI",2007-04-12,2.08592791362666e-05,12553.21
".DJI",2007-04-13,2.46346066409136e-05,12611.8
".DJI",2007-04-16,2.44309439275458e-05,12717.69
".DJI",2007-04-17,1.69971609183391e-05,12773.52
".DJI",2007-04-18,1.72236430462239e-05,12798.55
".DJI",2007-04-19,3.93209049114851e-05,12808.63
".DJI",2007-04-20,9.16151661510883e-05,12964.01
".DJI",2007-04-23,1.3997332925407e-05,12922.57
".DJI",2007-04-24,1.92784836992081e-05,12955.72
".DJI",2007-04-25,4.98214079520057e-05,13085.18
".DJI",2007-04-26,1.92046214712252e-05,13103.79
".DJI",2007-04-27,1.89919097274274e-05,13121.18
".DJI",2007-04-30,2.27178786451007e-05,13062.1
".DJI",2007-05-01,3.94300436518267e-05,13135.24
".DJI",2007-05-02,1.61627653769773e-05,13212.36
".DJI",2007-05-03,1.94103797655691e-05,13241.29
".DJI",2007-05-04,1.46090182092246e-05,13265.19
".DJI",2007-05-07,1.38586830254068e-05,13308.75
".DJI",2007-05-08,2.275519557891e-05,13312.73
".DJI",2007-05-09,1.63173787908592e-05,13361.98
".DJI",2007-05-10,4.38928014630998e-05,13215.78
".DJI",2007-05-11,2.59264314417145e-05,13332.39
".DJI",2007-05-14,2.61070059006636e-05,13351.25
".DJI",2007-05-15,4.91392154408469e-05,13387.74
".DJI",2007-05-16,3.25158764664378e-05,13488.1
".DJI",2007-05-17,2.31442179186615e-05,13472.26
".DJI",2007-05-18,3.41632605410544e-05,13555.63
".DJI",2007-05-21,1.36326533014543e-05,13539.54
".DJI",2007-05-22,1.67872146236818e-05,13536.37
".DJI",2007-05-23,2.9064863399837e-05,13520.2
".DJI",2007-05-24,5.97053040609937e-05,13444.22
".DJI",2007-05-25,2.59184350379454e-05,13509.31
".DJI",2007-05-29,2.83951473803257e-05,13517.28
".DJI",2007-05-30,5.08109436178808e-05,13635.93
".DJI",2007-05-31,1.6062789426857e-05,13626.5
".DJI",2007-06-01,2.78241774458949e-05,13665.67
".DJI",2007-06-04,1.72592893031058e-05,13673.31
".DJI",2007-06-05,3.02048823848313e-05,13596.67
".DJI",2007-06-06,3.80775123715989e-05,13464.7
".DJI",2007-06-07,7.21883276869197e-05,13260.56
".DJI",2007-06-08,4.92694416967698e-05,13422.36
".DJI",2007-06-11,3.05709240250779e-05,13423.17
".DJI",2007-06-12,5.76633331728105e-05,13295.09
".DJI",2007-06-13,7.58899395491636e-05,13482.03
".DJI",2007-06-14,2.46286113093617e-05,13555.11
".DJI",2007-06-15,6.11455889041613e-05,13641.76
".DJI",2007-06-18,1.70447554542522e-05,13616.48
".DJI",2007-06-19,1.71402615400679e-05,13639.65
".DJI",2007-06-20,5.10569734423823e-05,13483.65
".DJI",2007-06-21,7.49113361680733e-05,13545.6
".DJI",2007-06-22,6.42739358812493e-05,13386.92
".DJI",2007-06-25,0.00011934706387232,13356.03
".DJI",2007-06-26,7.57295784232143e-05,13337.9
".DJI",2007-06-27,6.96370533257729e-05,13429.92
".DJI",2007-06-28,6.90093353111015e-05,13421.87
".DJI",2007-06-29,7.26362192864555e-05,13404.56
".DJI",2007-07-02,4.93066977226216e-05,13536.17
".DJI",2007-07-03,7.42531679857789e-06,13577.3
".DJI",2007-07-05,2.86529823832572e-05,13567.79
".DJI",2007-07-06,1.7069236258436e-05,13614.04
".DJI",2007-07-09,1.755652515928e-05,13650.46
".DJI",2007-07-10,5.64027347675567e-05,13497.07
".DJI",2007-07-11,3.98541597777295e-05,13578.35
".DJI",2007-07-12,5.8503682451609e-05,13869.21
".DJI",2007-07-13,1.51966090923823e-05,13903.67
".DJI",2007-07-16,1.73893521035875e-05,13952.04
".DJI",2007-07-17,2.06155804614033e-05,13974.39
".DJI",2007-07-18,6.38631392885522e-05,13924.73
".DJI",2007-07-19,5.15312381011859e-05,14000.49
".DJI",2007-07-20,6.00112272786455e-05,13847.1
".DJI",2007-07-23,3.55633491618426e-05,13939.93
".DJI",2007-07-24,8.77127556209702e-05,13727.03
".DJI",2007-07-25,0.00012095708698062,13782.23
".DJI",2007-07-26,0.00028447417578732,13502.11
".DJI",2007-07-27,0.00014906061093591,13269.29
".DJI",2007-07-30,0.00011344968012796,13353.1
".DJI",2007-07-31,0.00013584251762374,13203.04
".DJI",2007-08-01,0.00024170200799319,13368.95
".DJI",2007-08-02,8.95932084508612e-05,13461.14
".DJI",2007-08-03,0.0001352761540415,13179.23
".DJI",2007-08-06,0.00017691187108955,13465.85
".DJI",2007-08-07,0.00021979851532334,13495.28
".DJI",2007-08-08,0.00011253867471578,13648.1
".DJI",2007-08-09,0.00036214523336438,13293.92
".DJI",2007-08-10,0.00038821468387487,13237.67
".DJI",2007-08-13,0.00010364381774191,13236.86
".DJI",2007-08-14,0.00012756324772285,13018.84
".DJI",2007-08-15,0.00016344096221148,12856.26
".DJI",2007-08-16,0.00044904604596429,12874.88
".DJI",2007-08-17,0.00062795048836774,13068.75
".DJI",2007-08-20,0.00010259330662408,13118.91
".DJI",2007-08-21,7.47686618285754e-05,13090.21
".DJI",2007-08-22,9.99677579863489e-05,13238.08
".DJI",2007-08-23,7.1258667680174e-05,13237.02
".DJI",2007-08-24,3.27550567486453e-05,13378.63
".DJI",2007-08-27,3.49700168523955e-05,13320.75
".DJI",2007-08-28,4.95166613805736e-05,13052.01
".DJI",2007-08-29,9.89267247223522e-05,13291.24
".DJI",2007-08-30,0.00010319528284749,13239.79
".DJI",2007-08-31,0.0001408915594776,13341.4
".DJI",2007-09-04,3.70988957341614e-05,13450.57
".DJI",2007-09-05,7.14906557533484e-05,13300.1
".DJI",2007-09-06,3.55152079121519e-05,13363.59
".DJI",2007-09-07,0.00017692392517511,13115.58
".DJI",2007-09-10,0.00010423690286238,13120.94
".DJI",2007-09-11,8.02937001183657e-05,13311.97
".DJI",2007-09-12,4.1787314205424e-05,13294.66
".DJI",2007-09-13,6.74044367083302e-05,13424.23
".DJI",2007-09-14,7.76380711308087e-05,13442.44
".DJI",2007-09-17,2.94035043815494e-05,13402.28
".DJI",2007-09-18,0.00013874167020391,13735.81
".DJI",2007-09-19,5.41980037829687e-05,13816.86
".DJI",2007-09-20,2.33277292859495e-05,13761.74
".DJI",2007-09-21,3.71220776899275e-05,13817.1
".DJI",2007-09-24,3.43357800025237e-05,13759.22
".DJI",2007-09-25,3.97280502388234e-05,13786.7
".DJI",2007-09-26,3.80094294822229e-05,13878.47
".DJI",2007-09-27,1.954310643956e-05,13915.05
".DJI",2007-09-28,2.00475118952225e-05,13898.63
".DJI",2007-10-01,2.98379432055473e-05,14088.2
".DJI",2007-10-02,1.61289249464645e-05,14044.55
".DJI",2007-10-03,2.57020617302195e-05,13969.92
".DJI",2007-10-04,1.80628997215491e-05,13975.61
".DJI",2007-10-05,5.64778279816695e-05,14063.81
".DJI",2007-10-08,1.03994744124622e-05,14043.41
".DJI",2007-10-09,2.68355823430579e-05,14165.26
".DJI",2007-10-10,2.73290188805529e-05,14068.12
".DJI",2007-10-11,8.87718934954101e-05,14011.54
".DJI",2007-10-12,2.14309683523137e-05,14091.86
".DJI",2007-10-15,5.18466727286409e-05,13989.76
".DJI",2007-10-16,4.58719724706792e-05,13913.51
".DJI",2007-10-17,9.37073848865117e-05,13886.52
".DJI",2007-10-18,4.88504460592487e-05,13887.82
".DJI",2007-10-19,0.00012705807820829,13515.76
".DJI",2007-10-22,0.00013083155584357,13572.5
".DJI",2007-10-23,7.86050395305695e-05,13684.11
".DJI",2007-10-24,0.00014922965704893,13677.45
".DJI",2007-10-25,0.00012235567707284,13670.94
".DJI",2007-10-26,8.6007483514031e-05,13807.02
".DJI",2007-10-29,3.26763742808357e-05,13870.35
".DJI",2007-10-30,2.59865670355554e-05,13796.13
".DJI",2007-10-31,0.00010384906976975,13923.43
".DJI",2007-11-01,0.00019803086841167,13559.01
".DJI",2007-11-02,0.00016955408282748,13607.94
".DJI",2007-11-05,0.00014763463989952,13543.08
".DJI",2007-11-06,7.77143761720086e-05,13669.4
".DJI",2007-11-07,0.00020355697171055,13289.29
".DJI",2007-11-08,0.00027855671590653,13262.22
".DJI",2007-11-09,0.00023874199000404,13025.18
".DJI",2007-11-12,0.00013249708888233,12981.53
".DJI",2007-11-13,0.00011175904724322,13309.94
".DJI",2007-11-14,9.20247575241633e-05,13214.42
".DJI",2007-11-15,0.00011060127737359,13108.34
".DJI",2007-11-16,0.00014578453837099,13165.49
".DJI",2007-11-19,0.00011414370036069,12962.35
".DJI",2007-11-20,0.00024051649960303,13011.45
".DJI",2007-11-21,0.00021158272239959,12787.17
".DJI",2007-11-23,8.33925036756019e-05,12980.88
".DJI",2007-11-26,0.00010223822724922,12728.97
".DJI",2007-11-27,0.00019012666919103,12966.09
".DJI",2007-11-28,0.00014310464525366,13297.01
".DJI",2007-11-29,9.75621381958545e-05,13312.7
".DJI",2007-11-30,0.00015856268861587,13386.84
".DJI",2007-12-03,5.99197569165181e-05,13316.85
".DJI",2007-12-04,5.52854856415135e-05,13247.43
".DJI",2007-12-05,0.00012981706563846,13445.61
".DJI",2007-12-06,3.13560052668085e-05,13624.04
".DJI",2007-12-07,2.25067809882121e-05,13623.23
".DJI",2007-12-10,3.20547193430511e-05,13732.07
".DJI",2007-12-11,0.00017323555361552,13428.38
".DJI",2007-12-12,0.00055897294684827,13479.75
".DJI",2007-12-13,9.84717065954542e-05,13526.09
".DJI",2007-12-14,0.00010856874110696,13336.6
".DJI",2007-12-17,9.2163145829503e-05,13164.76
".DJI",2007-12-18,0.00011526426656906,13221.33
".DJI",2007-12-19,8.43131914153789e-05,13199.63
".DJI",2007-12-20,6.82019665982017e-05,13250.11
".DJI",2007-12-21,0.0001103981473487,13456.58
".DJI",2007-12-24,2.765912441841e-05,13549.33
".DJI",2007-12-26,1.53340581520064e-05,13549.82
".DJI",2007-12-27,4.70478817696363e-05,13363.91
".DJI",2007-12-28,6.95129135192035e-05,13357.49
".DJI",2007-12-31,4.8626723398476e-05,13250.44
".DJI",2008-01-02,9.77109310003572e-05,13046.89
".DJI",2008-01-03,5.37694894248197e-05,13055.99
".DJI",2008-01-04,0.00013651030589278,12789.77
".DJI",2008-01-07,0.00015663318137169,12835.94
".DJI",2008-01-08,0.0001627110223869,12580.04
".DJI",2008-01-09,0.00017516866392557,12737.34
".DJI",2008-01-10,0.00028792225580812,12847.32
".DJI",2008-01-11,0.00019374192494242,12607.11
".DJI",2008-01-14,0.00012259103711783,12779.28
".DJI",2008-01-15,0.00013337204154684,12495.26
".DJI",2008-01-16,0.00019737738284137,12459.01
".DJI",2008-01-17,0.00022053094361187,12164.09
".DJI",2008-01-18,0.0003450404574799,12104.02
".DJI",2008-01-22,0.00195216904110704,11976.8
".DJI",2008-01-23,0.00102367016777438,12273.34
".DJI",2008-01-24,0.00026555832974977,12369.42
".DJI",2008-01-25,0.00024023172438834,12203.43
".DJI",2008-01-28,0.00018479753766722,12384.95
".DJI",2008-01-29,8.66036003719605e-05,12475.34
".DJI",2008-01-30,0.00018884882244207,12430.47
".DJI",2008-01-31,0.00044931582152533,12609.15
".DJI",2008-02-01,0.00011396570360006,12745.31
".DJI",2008-02-04,6.44860832976434e-05,12633.29
".DJI",2008-02-05,0.00024123968820985,12271.63
".DJI",2008-02-06,0.00011022508807026,12199.12
".DJI",2008-02-07,0.00021931456560016,12246.43
".DJI",2008-02-08,0.00013901319919649,12179.53
".DJI",2008-02-11,7.83027749201834e-05,12235.05
".DJI",2008-02-12,0.00014284504916782,12373.9
".DJI",2008-02-13,0.00015166509806129,12543.55
".DJI",2008-02-14,0.00010225561086894,12372.35
".DJI",2008-02-15,6.37351176862213e-05,12347.64
".DJI",2008-02-19,0.00019656606020239,12335.83
".DJI",2008-02-20,0.00017782845473377,12430.43
".DJI",2008-02-21,0.00011208586980091,12279.66
".DJI",2008-02-22,0.00013710318282213,12396.57
".DJI",2008-02-25,0.00018212883049636,12567.37
".DJI",2008-02-26,0.00010668327621945,12686.71
".DJI",2008-02-27,9.44073714695899e-05,12688.83
".DJI",2008-02-28,0.00011298656221877,12579.66
".DJI",2008-02-29,0.00017946187048196,12269.08
".DJI",2008-03-03,0.00010455814542941,12262.81
".DJI",2008-03-04,0.00023773778955309,12212.74
".DJI",2008-03-05,0.0001321975754045,12256.21
".DJI",2008-03-06,0.00014705542079871,12038.44
".DJI",2008-03-07,0.00031250040949499,11894.59
".DJI",2008-03-10,0.00011523194890488,11753.91
".DJI",2008-03-11,0.00060165868811427,12155.51
".DJI",2008-03-12,0.00011448520754598,12109.92
".DJI",2008-03-13,0.00037657837986265,12142.16
".DJI",2008-03-14,0.00040043719657606,11954.26
".DJI",2008-03-17,0.00046078298024975,11970.79
".DJI",2008-03-18,0.00045514905746458,12375.48
".DJI",2008-03-19,0.00019772776466605,12099.17
".DJI",2008-03-20,0.00014801409609744,12368.15
".DJI",2008-03-24,8.86382175028051e-05,12548.23
".DJI",2008-03-25,7.21399863913179e-05,12531.22
".DJI",2008-03-26,0.00010427758496259,12421.23
".DJI",2008-03-27,0.0001073497045791,12300.58
".DJI",2008-03-28,8.40031982734889e-05,12217.3
".DJI",2008-03-31,8.01614005045085e-05,12259.14
".DJI",2008-04-01,0.00021895071996895,12654.6
".DJI",2008-04-02,5.8956860826268e-05,12607.53
".DJI",2008-04-03,7.93045442430508e-05,12625.78
".DJI",2008-04-04,6.65082785860251e-05,12612.51
".DJI",2008-04-07,7.5883511104388e-05,12611.94
".DJI",2008-04-08,7.35832307345699e-05,12578.64
".DJI",2008-04-09,5.45318773151122e-05,12529.95
".DJI",2008-04-10,7.14607830669456e-05,12581.65
".DJI",2008-04-11,0.00014883374770294,12329.25
".DJI",2008-04-14,4.35919161085372e-05,12313.29
".DJI",2008-04-15,7.48909180577599e-05,12368.66
".DJI",2008-04-16,0.00010561905432723,12606
".DJI",2008-04-17,5.45427125437676e-05,12623.01
".DJI",2008-04-18,0.00024600663783741,12851.97
".DJI",2008-04-21,5.18931352509268e-05,12821.19
".DJI",2008-04-22,5.51673246962413e-05,12729.1
".DJI",2008-04-23,5.79191679554021e-05,12765.82
".DJI",2008-04-24,0.00010469085411968,12843.17
".DJI",2008-04-25,8.12197098237725e-05,12899.19
".DJI",2008-04-28,3.50714088263169e-05,12873.87
".DJI",2008-04-29,3.08351286090366e-05,12833.73
".DJI",2008-04-30,0.00010735324303861,12813.05
".DJI",2008-05-01,5.68780706509505e-05,13011.96
".DJI",2008-05-02,0.00011837485688206,13054.54
".DJI",2008-05-05,4.71450870390876e-05,12971
".DJI",2008-05-06,7.42841616152542e-05,13031.33
".DJI",2008-05-07,4.37742303802414e-05,12809.38
".DJI",2008-05-08,6.23922571786306e-05,12865.48
".DJI",2008-05-09,0.00012979667831168,12746.53
".DJI",2008-05-12,3.79737652861934e-05,12878.59
".DJI",2008-05-13,2.63211743591987e-05,12829.82
".DJI",2008-05-14,4.53134046110572e-05,12890.15
".DJI",2008-05-15,5.07777800043977e-05,12987.53
".DJI",2008-05-16,3.53707792607918e-05,12983.05
".DJI",2008-05-19,4.75597106420815e-05,13027.67
".DJI",2008-05-20,0.00011418295497747,12835.11
".DJI",2008-05-21,9.08631050204696e-05,12602.66
".DJI",2008-05-22,4.05969021602891e-05,12623.34
".DJI",2008-05-23,5.82389222106571e-05,12482.08
".DJI",2008-05-27,6.02134619105794e-05,12549.9
".DJI",2008-05-28,6.25294721670828e-05,12598.67
".DJI",2008-05-29,4.47637297880819e-05,12641.25
".DJI",2008-05-30,4.61520044220807e-05,12622.36
".DJI",2008-06-02,6.17514700496202e-05,12502.11
".DJI",2008-06-03,8.10327097510183e-05,12399.52
".DJI",2008-06-04,8.8387404165778e-05,12390.15
".DJI",2008-06-05,6.79120020134202e-05,12595.82
".DJI",2008-06-06,0.00026784274806756,12192.47
".DJI",2008-06-09,0.00010732479629131,12288.87
".DJI",2008-06-10,0.00012422924905974,12282.76
".DJI",2008-06-11,0.0001192488257657,12082.22
".DJI",2008-06-12,0.00013391703139708,12147.93
".DJI",2008-06-13,0.00012816253532987,12308.49
".DJI",2008-06-16,7.944174484699e-05,12267.13
".DJI",2008-06-17,7.42737356980731e-05,12156.48
".DJI",2008-06-18,0.00010144803742797,12037.12
".DJI",2008-06-19,8.34470832777658e-05,12063.17
".DJI",2008-06-20,0.00015070682796838,11844.8
".DJI",2008-06-23,5.80639106993452e-05,11849.36
".DJI",2008-06-24,7.82422248862669e-05,11810.12
".DJI",2008-06-25,7.04435244211898e-05,11816.22
".DJI",2008-06-26,0.0001595435718776,11457
".DJI",2008-06-27,0.00011781801927349,11359.78
".DJI",2008-06-30,8.81117595078732e-05,11339.59
".DJI",2008-07-01,0.00028014795555676,11383.15
".DJI",2008-07-02,0.00011979779698754,11216.08
".DJI",2008-07-03,0.00013694858631348,11288.54
".DJI",2008-07-07,0.00024381790262069,11223.32
".DJI",2008-07-08,0.00012974418600406,11382.83
".DJI",2008-07-09,0.00012866207250364,11144.67
".DJI",2008-07-10,0.00023408675643135,11232.93
".DJI",2008-07-11,0.00057953696847494,11106.49
".DJI",2008-07-14,0.0002397327812855,11051.77
".DJI",2008-07-15,0.00034647931155256,10957.49
".DJI",2008-07-16,0.00023343443144067,11240.1
".DJI",2008-07-17,0.00019190722143386,11431.52
".DJI",2008-07-18,7.48224293521271e-05,11489.73
".DJI",2008-07-21,6.2979702911971e-05,11467.34
".DJI",2008-07-22,0.00011483036003362,11603.88
".DJI",2008-07-23,0.00012114399671941,11634.9
".DJI",2008-07-24,7.20048025611839e-05,11359.21
".DJI",2008-07-25,0.00012222824984088,11366.54
".DJI",2008-07-28,7.83750805392138e-05,11132.3
".DJI",2008-07-29,0.00010451352301603,11393.09
".DJI",2008-07-30,0.00018366060334407,11583.61
".DJI",2008-07-31,0.00018600956399834,11374.6
".DJI",2008-08-01,0.00012598250289482,11328.27
".DJI",2008-08-04,8.43948128155871e-05,11283.98
".DJI",2008-08-05,0.00017019882705578,11608.93
".DJI",2008-08-06,6.33400189404764e-05,11655.58
".DJI",2008-08-07,0.00021247860662854,11438.52
".DJI",2008-08-08,9.00430101387923e-05,11728.05
".DJI",2008-08-11,8.79837542664275e-05,11776
".DJI",2008-08-12,0.00011271664384736,11648.91
".DJI",2008-08-13,0.00012719048921966,11538.83
".DJI",2008-08-14,0.00012258961557201,11619.11
".DJI",2008-08-15,0.00011778858694212,11657.7
".DJI",2008-08-18,0.00010612719775306,11486.15
".DJI",2008-08-19,0.00011670417584065,11354.33
".DJI",2008-08-20,0.00011265045549833,11418.9
".DJI",2008-08-21,0.0001590792485916,11428.75
".DJI",2008-08-22,0.00013725729904648,11625.38
".DJI",2008-08-25,0.00012327978380856,11393.17
".DJI",2008-08-26,8.61557815085526e-05,11412.3
".DJI",2008-08-27,7.15198350158496e-05,11503.98
".DJI",2008-08-28,0.00010889973951234,11704.11
".DJI",2008-08-29,7.69662380219651e-05,11549.98
".DJI",2008-09-02,0.00032379422368657,11516.84
".DJI",2008-09-03,0.0001230926850261,11539.15
".DJI",2008-09-04,0.00021639578013779,11185.06
".DJI",2008-09-05,0.00019031781386048,11220.47
".DJI",2008-09-08,0.00107987432816822,11513.83
".DJI",2008-09-09,0.0001807214947879,11234.97
".DJI",2008-09-10,0.00017653255996983,11266.64
".DJI",2008-09-11,0.00037998719021966,11440.96
".DJI",2008-09-12,0.00025099527245029,11431.92
".DJI",2008-09-15,0.00074346241384673,10957.24
".DJI",2008-09-16,0.00110117708287312,11059.83
".DJI",2008-09-17,0.00081488319363658,10605.1
".DJI",2008-09-18,0.00121470965180393,10985.17
".DJI",2008-09-19,0.0009720564384187,11386.33
".DJI",2008-09-22,0.00024358188390833,11010.28
".DJI",2008-09-23,0.00040679701371013,10847.48
".DJI",2008-09-24,0.00026981170825137,10851.38
".DJI",2008-09-25,0.00028604256477348,11033.77
".DJI",2008-09-26,0.00039312093306715,11161.45
".DJI",2008-09-29,0.00201625017557634,10548.88
".DJI",2008-09-30,0.00064659915275574,10854.8
".DJI",2008-10-01,0.00046246940520149,10836.25
".DJI",2008-10-02,0.0004041824930996,10471.62
".DJI",2008-10-03,0.00089200870037141,10323.07
".DJI",2008-10-06,0.0016395983863629,10021.77
".DJI",2008-10-07,0.00081716101196735,9457.54
".DJI",2008-10-08,0.002125056911611,9237.55
".DJI",2008-10-09,0.00176311759915268,8683.76
".DJI",2008-10-10,0.0086240125999664,8539.76
".DJI",2008-10-13,0.00269204715803169,9423.21
".DJI",2008-10-14,0.00319915802397833,9321.42
".DJI",2008-10-15,0.00146792690809913,8552.03
".DJI",2008-10-16,0.00297586442502535,8979.26
".DJI",2008-10-17,0.00196869041319216,8851.98
".DJI",2008-10-20,0.00082822805312302,9258.82
".DJI",2008-10-21,0.00078397400340375,9026.17
".DJI",2008-10-22,0.00154644094356128,8545.18
".DJI",2008-10-23,0.00351537367178985,8696.75
".DJI",2008-10-24,0.00465541964362441,8365.49
".DJI",2008-10-27,0.00179610440924007,8160
".DJI",2008-10-28,0.00226830985890991,9066.31
".DJI",2008-10-29,0.0021963268213489,8928.28
".DJI",2008-10-30,0.00135752675689498,9182.6
".DJI",2008-10-31,0.00092668424667677,9347.55
".DJI",2008-11-03,0.00024585197800901,9319.67
".DJI",2008-11-04,0.0006672566721844,9623.21
".DJI",2008-11-05,0.0007477232953373,9128.84
".DJI",2008-11-06,0.00064789105137038,8697.54
".DJI",2008-11-07,0.00087174281195242,8954.65
".DJI",2008-11-10,0.00105374837655818,8880.81
".DJI",2008-11-11,0.00110323003242872,8689.58
".DJI",2008-11-12,0.00086020588386608,8294.68
".DJI",2008-11-13,0.00265611598286519,8865.28
".DJI",2008-11-14,0.00182716588810032,8487.59
".DJI",2008-11-17,0.00135865787826694,8265.61
".DJI",2008-11-18,0.00124207142691559,8422.44
".DJI",2008-11-19,0.00102439668504611,7997.04
".DJI",2008-11-20,0.00215784707347526,7565.83
".DJI",2008-11-21,0.00338942554153595,8050.24
".DJI",2008-11-24,0.00126620571922015,8399.26
".DJI",2008-11-25,0.00104245828343837,8481.46
".DJI",2008-11-26,0.00079639773784278,8723.67
".DJI",2008-11-28,8.48741728452557e-05,8829.04
".DJI",2008-12-01,0.00135426559409388,8155.3
".DJI",2008-12-02,0.00090919855464607,8428.33
".DJI",2008-12-03,0.00101921025023631,8599.73
".DJI",2008-12-04,0.00078397194699745,8369.07
".DJI",2008-12-05,0.00104859657937472,8662.58
".DJI",2008-12-08,0.00093377524789372,8917.29
".DJI",2008-12-09,0.00069294629026542,8695.95
".DJI",2008-12-10,0.00064623805041255,8760.07
".DJI",2008-12-11,0.0004857774129121,8565.96
".DJI",2008-12-12,0.0010823571562695,8630
".DJI",2008-12-15,0.00032958504875939,8571.62
".DJI",2008-12-16,0.00052841177709819,8933.78
".DJI",2008-12-17,0.00054206836206187,8819.64
".DJI",2008-12-18,0.00040190292316194,8604.59
".DJI",2008-12-19,0.00044534254192234,8569.87
".DJI",2008-12-22,0.00023941478786925,8514.19
".DJI",2008-12-23,0.00031336346377111,8420.53
".DJI",2008-12-24,5.63491697335028e-05,8468.48
".DJI",2008-12-26,5.41136300891109e-05,8511.33
".DJI",2008-12-29,0.00010976174099897,8480.98
".DJI",2008-12-30,0.00017680810703478,8668.47
".DJI",2008-12-31,0.00012981852415133,8776.39
".DJI",2009-01-02,0.0001220733324569,9026.89
".DJI",2009-01-05,0.00019484675893386,8957.51
".DJI",2009-01-06,0.00025429489676839,9014.62
".DJI",2009-01-07,0.00031032131862,8771.85
".DJI",2009-01-08,0.00020933515896274,8745.65
".DJI",2009-01-09,0.00022724533352264,8595.35
".DJI",2009-01-12,0.00013156759820981,8472.38
".DJI",2009-01-13,0.00023147608246706,8440.6
".DJI",2009-01-14,0.00046768855257426,8198.95
".DJI",2009-01-15,0.00052534292700607,8215.59
".DJI",2009-01-16,0.00057642745727021,8271.9
".DJI",2009-01-20,0.00050073923436287,7944.87
".DJI",2009-01-21,0.00063780498514362,8230.01
".DJI",2009-01-22,0.00083399229965267,8116.19
".DJI",2009-01-23,0.00102919411606304,8071.11
".DJI",2009-01-26,0.00037616410760136,8113.88
".DJI",2009-01-27,0.00027943020811097,8171.95
".DJI",2009-01-28,0.00037642613372857,8373.3
".DJI",2009-01-29,0.0002607053877285,8146.94
".DJI",2009-01-30,0.00023938384551236,8005.64
".DJI",2009-02-02,0.00034359738147497,7935.47
".DJI",2009-02-03,0.00020385776984966,8070.87
".DJI",2009-02-04,0.00023097880339407,7954.83
".DJI",2009-02-05,0.00036177740534343,8058.93
".DJI",2009-02-06,0.00022765692014448,8275.09
".DJI",2009-02-09,0.00018376023872475,8267.92
".DJI",2009-02-10,0.00059972440408753,7884.34
".DJI",2009-02-11,0.00029118972852925,7941.13
".DJI",2009-02-12,0.00071175881687293,7930.14
".DJI",2009-02-13,0.00027890891603962,7843.32
".DJI",2009-02-17,0.00093240360974905,7555.23
".DJI",2009-02-18,0.00036315760331426,7551.33
".DJI",2009-02-19,0.00027591589341987,7466.35
".DJI",2009-02-20,0.00068742194204017,7369.41
".DJI",2009-02-23,0.00034927567428277,7114.62
".DJI",2009-02-24,0.00043714438720547,7346
".DJI",2009-02-25,0.000487571655849,7270.89
".DJI",2009-02-26,0.00047284408207757,7178.74
".DJI",2009-02-27,0.00074752245595907,7068.9
".DJI",2009-03-02,0.00066847268576624,6762.26
".DJI",2009-03-03,0.00058892142502398,6723.39
".DJI",2009-03-04,0.00051169603311532,6876.39
".DJI",2009-03-05,0.0008134029336932,6594.76
".DJI",2009-03-06,0.00076800894932491,6633.47
".DJI",2009-03-09,0.00050560992471258,6547.13
".DJI",2009-03-10,0.00068914638227534,6901.48
".DJI",2009-03-11,0.00038692248031471,6929.2
".DJI",2009-03-12,0.00025120660226287,7166.79
".DJI",2009-03-13,0.00031677543108541,7219.12
".DJI",2009-03-16,0.00030413639960732,7215.3
".DJI",2009-03-17,0.00029132240373491,7396.42
".DJI",2009-03-18,0.00076936777678153,7487.53
".DJI",2009-03-19,0.00034412998414367,7396.73
".DJI",2009-03-20,0.00024621230318853,7271.37
".DJI",2009-03-23,0.00071876229864597,7779.52
".DJI",2009-03-24,0.00027279420314895,7659.49
".DJI",2009-03-25,0.0004905797945449,7746.55
".DJI",2009-03-26,0.00044468569878362,7921.69
".DJI",2009-03-27,0.00031744534554323,7776.1
".DJI",2009-03-30,0.00083429561940333,7527.28
".DJI",2009-03-31,0.00038924600235212,7598.4
".DJI",2009-04-01,0.00054101061585072,7748.94
".DJI",2009-04-02,0.00062481302518897,7972.91
".DJI",2009-04-03,0.00021206945299724,8017.27
".DJI",2009-04-06,0.00025982213334492,7972.35
".DJI",2009-04-07,0.00045796946894947,7785.42
".DJI",2009-04-08,0.00018115663196756,7834.72
".DJI",2009-04-09,0.00044838899251717,8086.56
".DJI",2009-04-13,0.00024413062577496,8047.78
".DJI",2009-04-14,0.00026229514151684,7919.62
".DJI",2009-04-15,0.00014879727808442,8027.86
".DJI",2009-04-16,0.00019867378168909,8123.36
".DJI",2009-04-17,0.00013769945651472,8136.74
".DJI",2009-04-20,0.00036641693939206,7843.32
".DJI",2009-04-21,0.00015421384193343,7965.98
".DJI",2009-04-22,0.0002698468374668,7883.46
".DJI",2009-04-23,0.00023481982667521,7959.13
".DJI",2009-04-24,0.00019947029863407,8073.82
".DJI",2009-04-27,0.00026020582965384,8022.93
".DJI",2009-04-28,0.00022190537297787,8012.97
".DJI",2009-04-29,0.00024339828929095,8181.58
".DJI",2009-04-30,0.00025751376967483,8169
".DJI",2009-05-01,0.00014820426349519,8209.46
".DJI",2009-05-04,0.00020014481988199,8433.35
".DJI",2009-05-05,9.32220521245894e-05,8411.61
".DJI",2009-05-06,0.00024635756577484,8514.91
".DJI",2009-05-07,0.00025005091646537,8407.23
".DJI",2009-05-08,0.00030255871684727,8575.6
".DJI",2009-05-11,0.00018728076879318,8420.53
".DJI",2009-05-12,0.000157581493218,8468.4
".DJI",2009-05-13,0.000320144633547,8284.57
".DJI",2009-05-14,0.0001112664717027,8324.55
".DJI",2009-05-15,0.00010469184251688,8273.5
".DJI",2009-05-18,0.00022023401581943,8510.37
".DJI",2009-05-19,9.57572006690905e-05,8476.36
".DJI",2009-05-20,0.00019387916233811,8417.82
".DJI",2009-05-21,0.00027676825124104,8292.53
".DJI",2009-05-22,0.0001023289522424,8280.11
".DJI",2009-05-26,0.00016884423183968,8473.25
".DJI",2009-05-27,0.0001752147264174,8300.9
".DJI",2009-05-28,0.00027238512417871,8401.57
".DJI",2009-05-29,0.00019861257062443,8519.37
".DJI",2009-06-01,0.00020800478419226,8732.19
".DJI",2009-06-02,9.58394713635172e-05,8742.53
".DJI",2009-06-03,0.00012406198595855,8682.65
".DJI",2009-06-04,7.51100884722377e-05,8742.73
".DJI",2009-06-05,0.00021640855421248,8768.43
".DJI",2009-06-08,0.0001497347796339,8763.21
".DJI",2009-06-09,6.85726204664385e-05,8760.03
".DJI",2009-06-10,0.00017247015767675,8738.87
".DJI",2009-06-11,0.00013783960078856,8768.57
".DJI",2009-06-12,8.59682128665851e-05,8801.07
".DJI",2009-06-15,0.00028045088454491,8615.08
".DJI",2009-06-16,7.97270536402073e-05,8503.15
".DJI",2009-06-17,9.91592420214002e-05,8499.6
".DJI",2009-06-18,7.08592017183023e-05,8550.31
".DJI",2009-06-19,8.26919541856415e-05,8535.65
".DJI",2009-06-22,0.00017773587196014,8336.89
".DJI",2009-06-23,0.00011658786277134,8317.54
".DJI",2009-06-24,0.00012494206032502,8301.29
".DJI",2009-06-25,0.00012740401691295,8473.38
".DJI",2009-06-26,8.88205153812471e-05,8430.45
".DJI",2009-06-29,6.59886647868261e-05,8529.76
".DJI",2009-06-30,8.93899725521959e-05,8448.51
".DJI",2009-07-01,0.00012574511578924,8501.42
".DJI",2009-07-02,0.00030228687369858,8291.77
".DJI",2009-07-06,9.8674526961153e-05,8324.19
".DJI",2009-07-07,7.59090066358204e-05,8159.82
".DJI",2009-07-08,0.00013509571425045,8179.77
".DJI",2009-07-09,0.00013601918600327,8177.58
".DJI",2009-07-10,0.00014845479661569,8141.15
".DJI",2009-07-13,0.00010433512663319,8330.16
".DJI",2009-07-14,6.06141068497642e-05,8360.02
".DJI",2009-07-15,0.00016746435077998,8618.03
".DJI",2009-07-16,6.8639788022254e-05,8709.25
".DJI",2009-07-17,4.90704302136655e-05,8746.35
".DJI",2009-07-20,0.00011479967204173,8843.24
".DJI",2009-07-21,0.00014793469804795,8916.17
".DJI",2009-07-22,8.16738540823206e-05,8879.67
".DJI",2009-07-23,0.00010343330119878,9067.02
".DJI",2009-07-24,7.29813611716502e-05,9094.38
".DJI",2009-07-27,6.34760516405882e-05,9111.99
".DJI",2009-07-28,0.00011811480928566,9097.48
".DJI",2009-07-29,0.00010856025416105,9073.67
".DJI",2009-07-30,0.00017378572537734,9148.11
".DJI",2009-07-31,7.96761155710051e-05,9163.3
".DJI",2009-08-03,0.00013555800339903,9285.81
".DJI",2009-08-04,4.66587947513806e-05,9319.67
".DJI",2009-08-05,9.05088411157633e-05,9277.27
".DJI",2009-08-06,7.43661831538916e-05,9255.96
".DJI",2009-08-07,0.00015134414090967,9368.34
".DJI",2009-08-10,5.52540096530294e-05,9339.16
".DJI",2009-08-11,7.28767772404145e-05,9240.24
".DJI",2009-08-12,0.00010229554596085,9358.89
".DJI",2009-08-13,9.2370270350513e-05,9399.17
".DJI",2009-08-14,8.02185894030451e-05,9321.86
".DJI",2009-08-17,0.00027826106336043,9137.45
".DJI",2009-08-18,5.93345915450613e-05,9215.98
".DJI",2009-08-19,0.00011260342867411,9281.27
".DJI",2009-08-20,2.56139587050898e-05,9348.38
".DJI",2009-08-21,8.88945805452808e-05,9502.33
".DJI",2009-08-24,7.16341402943939e-05,9510.64
".DJI",2009-08-25,8.82970782181188e-05,9539.59
".DJI",2009-08-26,7.1208296306219e-05,9544.95
".DJI",2009-08-27,5.18904100148106e-05,9581.08
".DJI",2009-08-28,6.71473319314674e-05,9546.84
".DJI",2009-08-31,9.13144403045181e-05,9499.31
".DJI",2009-09-01,0.00013826228261254,9309.01
".DJI",2009-09-02,7.02933316401944e-05,9276.36
".DJI",2009-09-03,5.03679013674456e-05,9339.69
".DJI",2009-09-04,5.34376199613381e-05,9438.7
".DJI",2009-09-08,8.19619762295742e-05,9495.68
".DJI",2009-09-09,4.6016513804626e-05,9544.43
".DJI",2009-09-10,4.06242599999523e-05,9624.99
".DJI",2009-09-11,4.58425486787495e-05,9607.3
".DJI",2009-09-14,6.45283904116831e-05,9623.33
".DJI",2009-09-15,5.30800829716706e-05,9681.52
".DJI",2009-09-16,5.42275657705091e-05,9792.61
".DJI",2009-09-17,5.69508942274504e-05,9792.24
".DJI",2009-09-18,5.9279481924537e-05,9814.38
".DJI",2009-09-21,0.00011553847798896,9778.33
".DJI",2009-09-22,4.9827496344436e-05,9827.08
".DJI",2009-09-23,8.0363118730851e-05,9747.65
".DJI",2009-09-24,0.00012010820865447,9703.43
".DJI",2009-09-25,6.97521095619098e-05,9669.65
".DJI",2009-09-28,5.69687889949238e-05,9789.89
".DJI",2009-09-29,7.00316971234085e-05,9742.88
".DJI",2009-09-30,0.00014682243540988,9703.43
".DJI",2009-10-01,0.00011362215705545,9501.73
".DJI",2009-10-02,0.00010811679167761,9485.78
".DJI",2009-10-05,6.11979082063703e-05,9597.93
".DJI",2009-10-06,0.00011340246488371,9731.25
".DJI",2009-10-07,5.03168722747583e-05,9724.82
".DJI",2009-10-08,7.27438561406811e-05,9784.45
".DJI",2009-10-09,2.00613744310743e-05,9863.2
".DJI",2009-10-12,2.92356895373346e-05,9884.36
".DJI",2009-10-13,4.28701235068658e-05,9878.92
".DJI",2009-10-14,0.00013896022816263,10018.43
".DJI",2009-10-15,3.35207138275482e-05,10058.41
".DJI",2009-10-16,0.000118357474867,9997.65
".DJI",2009-10-19,3.09954682347154e-05,10090.76
".DJI",2009-10-20,4.62604318782823e-05,10040.2
".DJI",2009-10-21,8.46624943836016e-05,9947.54
".DJI",2009-10-22,6.15331341792879e-05,10077.08
".DJI",2009-10-23,9.5716508656468e-05,9974.52
".DJI",2009-10-26,0.00016448538074116,9866.9
".DJI",2009-10-27,0.00013629356086487,9881.94
".DJI",2009-10-28,9.96132682656048e-05,9761.02
".DJI",2009-10-29,8.61949667955697e-05,9952.38
".DJI",2009-10-30,0.00020049623954736,9706.68
".DJI",2009-11-02,0.00024444026784452,9785.74
".DJI",2009-11-03,0.00016480751714535,9769.26
".DJI",2009-11-04,0.00018402977810875,9802.82
".DJI",2009-11-05,0.00011022754491301,10006.26
".DJI",2009-11-06,0.00010179267889681,10023.57
".DJI",2009-11-09,6.13948506517264e-05,10227.7
".DJI",2009-11-10,3.17564525349555e-05,10247.42
".DJI",2009-11-11,7.31594068322847e-05,10294.2
".DJI",2009-11-12,5.71530289161624e-05,10197.85
".DJI",2009-11-13,4.00410362576056e-05,10271.38
".DJI",2009-11-16,8.36836376907946e-05,10406.96
".DJI",2009-11-17,4.29086709279368e-05,10437.49
".DJI",2009-11-18,3.67977069832592e-05,10424.34
".DJI",2009-11-19,9.26806737347804e-05,10333.58
".DJI",2009-11-20,2.96388492276735e-05,10319.14
".DJI",2009-11-23,0.00012438159839179,10449.81
".DJI",2009-11-24,4.33647444556231e-05,10436.44
".DJI",2009-11-25,1.45994878909084e-05,10460.92
".DJI",2009-11-27,0.00034438816933422,10309.92
".DJI",2009-11-30,5.88189061745829e-05,10346.8
".DJI",2009-12-01,0.00013926522731897,10471.43
".DJI",2009-12-02,3.12856281330359e-05,10448.75
".DJI",2009-12-03,6.61600472836641e-05,10365.24
".DJI",2009-12-04,0.00018434919766607,10387.84
".DJI",2009-12-07,3.68259770043276e-05,10388.97
".DJI",2009-12-08,0.00011233348325388,10285.21
".DJI",2009-12-09,4.67116921531341e-05,10335.24
".DJI",2009-12-10,8.09794926716283e-05,10403.18
".DJI",2009-12-11,3.06612555439119e-05,10474.53
".DJI",2009-12-14,1.48358296480688e-05,10501.43
".DJI",2009-12-15,3.1340173946989e-05,10453.97
".DJI",2009-12-16,4.64176417316295e-05,10447.85
".DJI",2009-12-17,6.97275470480178e-05,10310.45
".DJI",2009-12-18,4.59271077514016e-05,10339.4
".DJI",2009-12-21,7.87813919404403e-05,10416.18
".DJI",2009-12-22,2.20299588197394e-05,10463.64
".DJI",2009-12-23,1.36391072392789e-05,10465.83
".DJI",2009-12-24,1.05935817985559e-05,10520.1
".DJI",2009-12-28,1.51630348511263e-05,10548.06
".DJI",2009-12-29,1.47414033287859e-05,10544.43
".DJI",2009-12-30,2.57679790449501e-05,10544.66
".DJI",2009-12-31,2.37847204187958e-05,10423.29
".DJI",2010-01-04,6.5513297883939e-05,10585.17
".DJI",2010-01-05,2.33104506997897e-05,10569.9
".DJI",2010-01-06,1.89527435697588e-05,10573.15
".DJI",2010-01-07,3.5477737345154e-05,10605.87
".DJI",2010-01-08,2.55462179005079e-05,10617.29
".DJI",2010-01-11,2.47011813760017e-05,10664.75
".DJI",2010-01-12,6.53848713640419e-05,10627.04
".DJI",2010-01-13,3.58409709620085e-05,10682.51
".DJI",2010-01-14,1.74857969134346e-05,10709.56
".DJI",2010-01-15,3.40115555029305e-05,10608.29
".DJI",2010-01-19,1.84469688530478e-05,10724.75
".DJI",2010-01-20,0.00010250964247149,10602.55
".DJI",2010-01-21,0.00012991491572122,10383.84
".DJI",2010-01-22,0.00013639476605152,10169.13
".DJI",2010-01-25,0.00011345679240058,10195.28
".DJI",2010-01-26,9.01427256596197e-05,10191.35
".DJI",2010-01-27,8.33532868201029e-05,10236.01
".DJI",2010-01-28,0.00014923704661707,10119.02
".DJI",2010-01-29,0.00016557104026844,10060.6
".DJI",2010-02-01,9.37176029586583e-05,10186.28
".DJI",2010-02-02,4.38149460803785e-05,10296.77
".DJI",2010-02-03,6.07219853948003e-05,10267.68
".DJI",2010-02-04,0.00017031996320852,9999.69
".DJI",2010-02-05,0.00021583061902005,10015.56
".DJI",2010-02-08,8.87229674510236e-05,9908.24
".DJI",2010-02-09,0.00027850708552431,10058.33
".DJI",2010-02-10,7.39270389035639e-05,10037.1
".DJI",2010-02-11,9.1271130335735e-05,10146.91
".DJI",2010-02-12,0.00022087379372245,10111.09
".DJI",2010-02-16,8.37227820519147e-05,10269.79
".DJI",2010-02-17,5.45800963274337e-05,10310.75
".DJI",2010-02-18,3.35554754132254e-05,10392
".DJI",2010-02-19,3.79567155656558e-05,10399.4
".DJI",2010-02-22,3.58330657620098e-05,10383.23
".DJI",2010-02-23,8.05456717754919e-05,10283.47
".DJI",2010-02-24,7.35237779562103e-05,10373.93
".DJI",2010-02-25,0.00025239934751797,10325.49
".DJI",2010-02-26,4.35703468746314e-05,10326.02
".DJI",2010-03-01,3.89065557667162e-05,10400.69
".DJI",2010-03-02,4.38099729760803e-05,10401.52
".DJI",2010-03-03,2.2462106928065e-05,10395.62
".DJI",2010-03-04,2.97659815298654e-05,10442.71
".DJI",2010-03-05,4.19909408026995e-05,10567.1
".DJI",2010-03-08,1.82520773542197e-05,10550.25
".DJI",2010-03-09,1.89589347128565e-05,10564.61
".DJI",2010-03-10,3.36877601511947e-05,10566.5
".DJI",2010-03-11,3.13767331447072e-05,10610.33
".DJI",2010-03-12,2.40045624728019e-05,10623.94
".DJI",2010-03-15,2.47824647730524e-05,10640.71
".DJI",2010-03-16,2.84897547144281e-05,10685
".DJI",2010-03-17,2.92911176398163e-05,10733.67
".DJI",2010-03-18,2.01463947783582e-05,10777.43
".DJI",2010-03-19,4.27863473527913e-05,10738.58
".DJI",2010-03-22,3.54044870246796e-05,10785.59
".DJI",2010-03-23,2.01445605159637e-05,10887.92
".DJI",2010-03-24,3.10798366946999e-05,10837.81
".DJI",2010-03-25,7.57341121930719e-05,10842.65
".DJI",2010-03-26,3.88001959173192e-05,10850.59
".DJI",2010-03-29,2.92441655818444e-05,10896.76
".DJI",2010-03-30,2.3333308610479e-05,10905.91
".DJI",2010-03-31,4.77804728998477e-05,10857.77
".DJI",2010-04-01,7.41284890885362e-05,10926.61
".DJI",2010-04-05,1.47644921025617e-05,10974.45
".DJI",2010-04-06,2.07575062923395e-05,10970.75
".DJI",2010-04-07,3.69824636297083e-05,10898.27
".DJI",2010-04-08,3.01483833226692e-05,10928.05
".DJI",2010-04-09,2.64875031100992e-05,10997.28
".DJI",2010-04-12,1.60482348308922e-05,11007.25
".DJI",2010-04-13,1.96027390006348e-05,11019.04
".DJI",2010-04-14,2.06814499501037e-05,11121.97
".DJI",2010-04-15,1.42553458731136e-05,11146.69
".DJI",2010-04-16,0.00010587578903085,11021.38
".DJI",2010-04-19,3.05525154981977e-05,11092.5
".DJI",2010-04-20,2.11016704355035e-05,11118.27
".DJI",2010-04-21,2.58210707422491e-05,11121.9
".DJI",2010-04-22,7.96207606293003e-05,11134.97
".DJI",2010-04-23,3.83361603901599e-05,11201.86
".DJI",2010-04-26,2.03399920780858e-05,11206.17
".DJI",2010-04-27,0.00010336494489155,10990.02
".DJI",2010-04-28,7.73345909089056e-05,11048.52
".DJI",2010-04-29,5.64213373237896e-05,11167.47
".DJI",2010-04-30,7.09905716029558e-05,11004
".DJI",2010-05-03,5.49909806616923e-05,11152.43
".DJI",2010-05-04,0.00026418444346545,10929.11
".DJI",2010-05-05,0.00014680366808624,10868.35
".DJI",2010-05-06,0.00135182664736327,10513.9
".DJI",2010-05-07,0.00077481360661164,10375.82
".DJI",2010-05-10,0.00143082393165011,10787.33
".DJI",2010-05-11,0.00015102287207655,10749.47
".DJI",2010-05-12,7.44513578890524e-05,10896.99
".DJI",2010-05-13,8.86644912989157e-05,10779.09
".DJI",2010-05-14,0.00018936224061094,10623.33
".DJI",2010-05-17,0.00019921414855306,10626.58
".DJI",2010-05-18,0.00021530773297935,10512.16
".DJI",2010-05-19,0.00026828540521975,10441.35
".DJI",2010-05-20,0.00067845223184308,10067.48
".DJI",2010-05-21,0.0005248904780976,10196.26
".DJI",2010-05-24,0.00014983212116383,10062.87
".DJI",2010-05-25,0.00071234676266199,10046.17
".DJI",2010-05-26,0.00021983329112796,9971.65
".DJI",2010-05-27,0.00038071218701441,10260.72
".DJI",2010-05-28,0.00019127231095642,10133.46
".DJI",2010-06-01,0.00020102529009206,10020.62
".DJI",2010-06-02,9.8764501582156e-05,10250.29
".DJI",2010-06-03,0.00011756188977246,10253.7
".DJI",2010-06-04,0.00037740537411664,9933.94
".DJI",2010-06-07,0.00010748894454844,9817.17
".DJI",2010-06-08,0.000217588213945,9936.58
".DJI",2010-06-09,0.00012795316851072,9899.93
".DJI",2010-06-10,0.00041069642775974,10172
".DJI",2010-06-11,0.00012742587047994,10211.52
".DJI",2010-06-14,0.00011607129135454,10193.92
".DJI",2010-06-15,7.50918387602184e-05,10402.73
".DJI",2010-06-16,7.30447111037101e-05,10409.38
".DJI",2010-06-17,7.03879852664334e-05,10432.51
".DJI",2010-06-18,3.1383925308314e-05,10449.51
".DJI",2010-06-21,0.00019898318480778,10445.05
".DJI",2010-06-22,9.16363006986602e-05,10295.71
".DJI",2010-06-23,0.00013164549132703,10299.87
".DJI",2010-06-24,0.00011953104879251,10154.16
".DJI",2010-06-25,0.00011085033019223,10168.82
".DJI",2010-06-28,7.04756794697063e-05,10136.55
".DJI",2010-06-29,0.00035697611252454,9872.72
".DJI",2010-06-30,9.96387205128519e-05,9767.45
".DJI",2010-07-01,0.00022123796718502,9730.79
".DJI",2010-07-02,0.00014939570031101,9681.94
".DJI",2010-07-06,0.00024868797319342,9745.59
".DJI",2010-07-07,9.29618521869777e-05,10017.29
".DJI",2010-07-08,0.00011208870540071,10137.71
".DJI",2010-07-09,4.2297826371337e-05,10197.19
".DJI",2010-07-12,5.68839219703063e-05,10216.27
".DJI",2010-07-13,0.00012764052785181,10360.82
".DJI",2010-07-14,6.11592649804511e-05,10367.56
".DJI",2010-07-15,9.04460485325927e-05,10357.42
".DJI",2010-07-16,0.00012824693945768,10099.26
".DJI",2010-07-19,6.81354431564616e-05,10156.93
".DJI",2010-07-20,0.0002345811961774,10230.95
".DJI",2010-07-21,0.00010051587256151,10120.3
".DJI",2010-07-22,0.00021003434168949,10319.88
".DJI",2010-07-23,9.15403184292938e-05,10423.71
".DJI",2010-07-26,3.19322003028194e-05,10522.48
".DJI",2010-07-27,7.03798774666689e-05,10537.39
".DJI",2010-07-28,4.30124350437157e-05,10498.72
".DJI",2010-07-29,0.00010677886226646,10465.42
".DJI",2010-07-30,0.00016974310085934,10463.83
".DJI",2010-08-02,0.00019859756998641,10673.39
".DJI",2010-08-03,3.66476437766419e-05,10634.57
".DJI",2010-08-04,4.62857805684402e-05,10682.32
".DJI",2010-08-05,5.84060862239214e-05,10676.04
".DJI",2010-08-06,9.71913581197858e-05,10651.67
".DJI",2010-08-09,2.42007866755302e-05,10697.84
".DJI",2010-08-10,0.00012415348868482,10646.83
".DJI",2010-08-11,0.0003767254408424,10383.9
".DJI",2010-08-12,0.00010210643169455,10319.95
".DJI",2010-08-13,4.39083187024876e-05,10304.29
".DJI",2010-08-16,8.31635481603799e-05,10301.49
".DJI",2010-08-17,8.08023179657331e-05,10405.17
".DJI",2010-08-18,5.86352422681961e-05,10416.37
".DJI",2010-08-19,0.00016556315959153,10271.44
".DJI",2010-08-20,6.36321461873494e-05,10211.95
".DJI",2010-08-23,7.20519760940192e-05,10173.28
".DJI",2010-08-24,0.00015763683483037,10038.56
".DJI",2010-08-25,8.14327337843847e-05,10060.59
".DJI",2010-08-26,8.88139894939875e-05,9990.28
".DJI",2010-08-27,0.00012032885134721,10152.16
".DJI",2010-08-30,5.81190966640925e-05,10008.44
".DJI",2010-08-31,0.00015206086324529,10007.76
".DJI",2010-09-01,0.0002641026620253,10268.49
".DJI",2010-09-02,2.48112146757712e-05,10319.8
".DJI",2010-09-03,0.00013137539078196,10448.31
".DJI",2010-09-07,6.7452132405195e-05,10342.05
".DJI",2010-09-08,5.21356614228922e-05,10387.84
".DJI",2010-09-09,9.50346771414093e-05,10415.92
".DJI",2010-09-10,1.69141870897864e-05,10465.57
".DJI",2010-09-13,8.6018432224082e-05,10545.41
".DJI",2010-09-14,3.58303827637297e-05,10526.57
".DJI",2010-09-15,3.86500543892062e-05,10573.95
".DJI",2010-09-16,2.32007125429566e-05,10598.84
".DJI",2010-09-17,4.31660542488824e-05,10603.76
".DJI",2010-09-20,3.28678418412261e-05,10753.16
".DJI",2010-09-21,5.11018839142762e-05,10764.59
".DJI",2010-09-22,4.40926953351432e-05,10740.07
".DJI",2010-09-23,9.52565656907397e-05,10666.2
".DJI",2010-09-24,0.00014040568907053,10858.36
".DJI",2010-09-27,2.21778896857152e-05,10816.89
".DJI",2010-09-28,5.28182540070476e-05,10858.59
".DJI",2010-09-29,4.81886898024282e-05,10831.87
".DJI",2010-09-30,0.00012693880145902,10788.13
".DJI",2010-10-01,8.15245393250472e-05,10829.15
".DJI",2010-10-04,3.69823745476906e-05,10751.88
".DJI",2010-10-05,0.0001016642619515,10941.01
".DJI",2010-10-06,2.94771708399203e-05,10966.06
".DJI",2010-10-07,4.05531568667572e-05,10947.06
".DJI",2010-10-08,3.27214314615906e-05,11004.66
".DJI",2010-10-11,1.42811749840702e-05,11010.26
".DJI",2010-10-12,6.58399807571666e-05,11019.72
".DJI",2010-10-13,4.69328945552719e-05,11096.84
".DJI",2010-10-14,4.33661492775605e-05,11093.36
".DJI",2010-10-15,5.29017378262813e-05,11062.71
".DJI",2010-10-18,2.28789233618751e-05,11142.93
".DJI",2010-10-19,0.00022547750448495,10982.64
".DJI",2010-10-20,6.96202786561024e-05,11105.54
".DJI",2010-10-21,8.28588356005924e-05,11146.49
".DJI",2010-10-22,1.79019794020065e-05,11131.13
".DJI",2010-10-25,5.86793958761447e-05,11165.79
".DJI",2010-10-26,5.96531724568746e-05,11169.35
".DJI",2010-10-27,6.72288484890689e-05,11124.69
".DJI",2010-10-28,5.38078547899709e-05,11107.44
".DJI",2010-10-29,3.22581046618888e-05,11120.91
".DJI",2010-11-01,7.57673082424523e-05,11123.1
".DJI",2010-11-02,6.39518669241366e-05,11187.66
".DJI",2010-11-03,8.67655027542538e-05,11215.74
".DJI",2010-11-04,0.00011132404118189,11432.72
".DJI",2010-11-05,2.93513595713604e-05,11442.79
".DJI",2010-11-08,3.57149082414067e-05,11404.57
".DJI",2010-11-09,4.03946755820764e-05,11347.66
".DJI",2010-11-10,4.25011301989663e-05,11353.41
".DJI",2010-11-11,7.45418790366982e-05,11284.61
".DJI",2010-11-12,7.47951507946187e-05,11192.73
".DJI",2010-11-15,4.03645821002082e-05,11201.28
".DJI",2010-11-16,0.00014651198759935,11024.03
".DJI",2010-11-17,2.83427812241042e-05,11008.06
".DJI",2010-11-18,0.00012749625438014,11178.73
".DJI",2010-11-19,2.57503672637154e-05,11202.42
".DJI",2010-11-22,8.88472489489665e-05,11178.13
".DJI",2010-11-23,0.00015165020572449,11038.64
".DJI",2010-11-24,9.18983252053408e-05,11188.12
".DJI",2010-11-26,0.0001051945083644,11092
".DJI",2010-11-29,0.00011766738998794,11053.51
".DJI",2010-11-30,0.00010608323296917,11006.78
".DJI",2010-12-01,0.00024590905181545,11253.43
".DJI",2010-12-02,2.11374989981762e-05,11362.26
".DJI",2010-12-03,2.66263633210684e-05,11378.99
".DJI",2010-12-06,1.60076792723902e-05,11362.57
".DJI",2010-12-07,8.55350047844959e-05,11359.01
".DJI",2010-12-08,2.19098424695981e-05,11370.97
".DJI",2010-12-09,2.13789978302959e-05,11369.15
".DJI",2010-12-10,1.14607295280553e-05,11403.36
".DJI",2010-12-13,2.08511926805873e-05,11428.56
".DJI",2010-12-14,1.81395022252028e-05,11479.34
".DJI",2010-12-15,1.90955847324629e-05,11461.48
".DJI",2010-12-16,2.8964720193976e-05,11500.38
".DJI",2010-12-17,1.14403882977211e-05,11495.01
".DJI",2010-12-20,1.28178846854308e-05,11477.38
".DJI",2010-12-21,1.13558249006249e-05,11534.74
".DJI",2010-12-22,5.22775151770456e-06,11559.34
".DJI",2010-12-23,7.13564883344092e-06,11574.71
".DJI",2010-12-27,2.22732182697407e-05,11556.09
".DJI",2010-12-28,8.3274994504275e-06,11579.85
".DJI",2010-12-29,1.36022421617085e-05,11588.48
".DJI",2010-12-30,8.3216135673588e-06,11570.47
".DJI",2010-12-31,1.20975282739622e-05,11581.97
".DJI",2011-01-03,8.05603945072942e-05,11666.66
".DJI",2011-01-04,1.66694849153227e-05,11689.97
".DJI",2011-01-05,1.80273444581642e-05,11724.63
".DJI",2011-01-06,2.20330863251851e-05,11694.74
".DJI",2011-01-07,3.03068132060778e-05,11674.15
".DJI",2011-01-10,4.42237824779351e-05,11637.14
".DJI",2011-01-11,4.14839148918893e-05,11672.64
".DJI",2011-01-12,3.08874070001763e-05,11755.82
".DJI",2011-01-13,1.56133217756391e-05,11731.29
".DJI",2011-01-14,1.71456866858287e-05,11785.94
".DJI",2011-01-18,1.79177763164685e-05,11838.31
".DJI",2011-01-19,2.02807000615875e-05,11826.66
".DJI",2011-01-20,4.21247303760315e-05,11825.22
".DJI",2011-01-21,5.04533958509107e-05,11872.97
".DJI",2011-01-24,1.15259693340876e-05,11979.91
".DJI",2011-01-25,4.08419305178242e-05,11976.96
".DJI",2011-01-26,2.63477641967667e-05,11984.99
".DJI",2011-01-27,1.80516310021479e-05,11989.22
".DJI",2011-01-28,4.84504579850577e-05,11825.29
".DJI",2011-01-31,2.04942036608499e-05,11890.08
".DJI",2011-02-01,4.1282568123882e-05,12036.07
".DJI",2011-02-02,1.1975228688185e-05,12040.61
".DJI",2011-02-03,2.40377447071713e-05,12062.33
".DJI",2011-02-04,2.08061515968263e-05,12089.88
".DJI",2011-02-07,1.67629503413698e-05,12160.34
".DJI",2011-02-08,1.16331720724352e-05,12233
".DJI",2011-02-09,1.75594558503779e-05,12239.96
".DJI",2011-02-10,4.81111440499971e-05,12227.17
".DJI",2011-02-11,3.13076729755183e-05,12275.68
".DJI",2011-02-14,1.31403051016601e-05,12267.51
".DJI",2011-02-15,3.00854261475288e-05,12224.07
".DJI",2011-02-16,3.53247615388845e-05,12286.28
".DJI",2011-02-17,1.72737696597194e-05,12315.95
".DJI",2011-02-18,1.19171570244595e-05,12389.59
".DJI",2011-02-22,0.00012176396274283,12212.94
".DJI",2011-02-23,5.75383404078575e-05,12108.58
".DJI",2011-02-24,7.03745295278049e-05,12067.52
".DJI",2011-02-25,3.39629810281287e-05,12133.17
".DJI",2011-02-28,3.66532571743943e-05,12232.32
".DJI",2011-03-01,6.13547392347849e-05,12055.67
".DJI",2011-03-02,4.17527018639013e-05,12066.04
".DJI",2011-03-03,0.00012439106324792,12259.34
".DJI",2011-03-04,6.0785159522515e-05,12166.1
".DJI",2011-03-07,6.35824443312432e-05,12092.61
".DJI",2011-03-08,3.75984244638468e-05,12215.06
".DJI",2011-03-09,4.91422756058842e-05,12213.7
".DJI",2011-03-10,0.00025304892539943,11985.21
".DJI",2011-03-11,5.59740777631408e-05,12041.22
".DJI",2011-03-14,8.33347190952144e-05,11991.49
".DJI",2011-03-15,0.0006660127873608,11853.14
".DJI",2011-03-16,0.00017600853870227,11614.44
".DJI",2011-03-17,0.00020218365934804,11772.92
".DJI",2011-03-18,0.00019065620928364,11859.58
".DJI",2011-03-21,0.00020325818162976,12036.07
".DJI",2011-03-22,2.22940241084676e-05,12016.89
".DJI",2011-03-23,2.83452923953308e-05,12084.96
".DJI",2011-03-24,4.03428192910654e-05,12172.53
".DJI",2011-03-25,2.44811961676466e-05,12220.06
".DJI",2011-03-28,1.33199437334032e-05,12201.52
".DJI",2011-03-29,1.67871327711272e-05,12278.56
".DJI",2011-03-30,2.88826795008762e-05,12350.23
".DJI",2011-03-31,1.43716578143189e-05,12323.21
".DJI",2011-04-01,3.16248625138951e-05,12372.11
".DJI",2011-04-04,1.53479615349468e-05,12398.67
".DJI",2011-04-05,2.03971768252115e-05,12393.75
".DJI",2011-04-06,2.83027525842244e-05,12428.41
".DJI",2011-04-07,5.2797009735644e-05,12406.39
".DJI",2011-04-08,2.69617010299338e-05,12377.78
".DJI",2011-04-11,2.56682558437051e-05,12380.66
".DJI",2011-04-12,7.6944345645204e-05,12264.79
".DJI",2011-04-13,4.85444136565306e-05,12270.16
".DJI",2011-04-14,5.08863130775065e-05,12289.38
".DJI",2011-04-15,2.43826068348836e-05,12343.72
".DJI",2011-04-18,0.00025688989395901,12200.91
".DJI",2011-04-19,3.00708343773292e-05,12265.47
".DJI",2011-04-20,0.00017044432544994,12454.83
".DJI",2011-04-21,1.41707932941467e-05,12503.26
".DJI",2011-04-25,1.0257564830135e-05,12479.73
".DJI",2011-04-26,2.14681381314223e-05,12595.14
".DJI",2011-04-27,2.14693503732585e-05,12691.79
".DJI",2011-04-28,1.51098877010146e-05,12761.8
".DJI",2011-04-29,1.20681935502149e-05,12810.39
".DJI",2011-05-02,4.65877920922774e-05,12806.15
".DJI",2011-05-03,2.57775779762597e-05,12804.86
".DJI",2011-05-04,5.62346202611912e-05,12719.04
".DJI",2011-05-05,0.00011095121275061,12584.62
".DJI",2011-05-06,0.0002047629019264,12638.13
".DJI",2011-05-09,2.68261896675621e-05,12684.37
".DJI",2011-05-10,1.79759027191492e-05,12762.48
".DJI",2011-05-11,4.67302784208238e-05,12628.07
".DJI",2011-05-12,5.47663402874789e-05,12696.86
".DJI",2011-05-13,4.84578862661236e-05,12594.54
".DJI",2011-05-16,4.70955344321771e-05,12547.99
".DJI",2011-05-17,0.00010220749918915,12479.73
".DJI",2011-05-18,2.86856346087065e-05,12560.18
".DJI",2011-05-19,4.88673638417691e-05,12603.85
".DJI",2011-05-20,4.33366988402575e-05,12510.38
".DJI",2011-05-23,0.00020535404016774,12380.58
".DJI",2011-05-24,2.9233268672039e-05,12357.95
".DJI",2011-05-25,3.18916419526115e-05,12394.73
".DJI",2011-05-26,3.97936088610671e-05,12405.78
".DJI",2011-05-27,3.51387933569381e-05,12441.28
".DJI",2011-05-31,0.00011356152884068,12569.03
".DJI",2011-06-01,6.21551081398173e-05,12290.75
".DJI",2011-06-02,5.71816771764218e-05,12248.51
".DJI",2011-06-03,0.000141758822677,12150.5
".DJI",2011-06-06,3.17181599045552e-05,12089.73
".DJI",2011-06-07,4.55729030992651e-05,12072.02
".DJI",2011-06-08,4.03607243153846e-05,12048.18
".DJI",2011-06-09,2.18775741443891e-05,12127.88
".DJI",2011-06-10,7.6568095107523e-05,11950.47
".DJI",2011-06-13,5.06959649587283e-05,11953.95
".DJI",2011-06-14,7.92104592758982e-05,12074.75
".DJI",2011-06-15,0.00012536095304226,11895.15
".DJI",2011-06-16,6.24393011980036e-05,11961.45
".DJI",2011-06-17,9.73021938807339e-05,12004.44
".DJI",2011-06-20,3.45458310148276e-05,12080.42
".DJI",2011-06-21,2.86098527404003e-05,12189.33
".DJI",2011-06-22,3.51751853449664e-05,12112.21
".DJI",2011-06-23,0.00033335211462632,12053.78
".DJI",2011-06-24,4.60704931978515e-05,11939.84
".DJI",2011-06-27,3.92259074759209e-05,12044.7
".DJI",2011-06-28,3.38871245071384e-05,12190.01
".DJI",2011-06-29,3.45619944398442e-05,12264.14
".DJI",2011-06-30,4.04160050669525e-05,12409.49
".DJI",2011-07-01,4.70928647161765e-05,12580.84
".DJI",2011-07-05,2.84967383189796e-05,12571.15
".DJI",2011-07-06,2.47474243871488e-05,12625.8
".DJI",2011-07-07,3.43587144762514e-05,12722.44
".DJI",2011-07-08,9.24472650398448e-05,12655.84
".DJI",2011-07-11,0.00011873827133409,12505.69
".DJI",2011-07-12,6.77930309993621e-05,12449.53
".DJI",2011-07-13,7.90440605978098e-05,12492.97
".DJI",2011-07-14,7.92381820473354e-05,12435.6
".DJI",2011-07-15,8.1115109533499e-05,12482.3
".DJI",2011-07-18,8.62457561314797e-05,12387.39
".DJI",2011-07-19,0.00011342763356644,12586.48
".DJI",2011-07-20,2.16936743462051e-05,12572.97
".DJI",2011-07-21,7.52421252041729e-05,12726.53
".DJI",2011-07-22,2.08053176119138e-05,12678.89
".DJI",2011-07-25,9.88519064415989e-05,12593.1
".DJI",2011-07-26,3.13574887140693e-05,12504.32
".DJI",2011-07-27,8.78679992290489e-05,12304.52
".DJI",2011-07-28,4.01537037626942e-05,12243.44
".DJI",2011-07-29,0.00018106844055121,12142.78
".DJI",2011-08-01,0.00028729514940377,12131.58
".DJI",2011-08-02,0.00011378167685578,11866.24
".DJI",2011-08-03,0.00017978145208723,11895.68
".DJI",2011-08-04,0.00037606755463255,11383.45
".DJI",2011-08-05,0.00087173019076682,11443.85
".DJI",2011-08-08,0.00087452731765705,10824.68
".DJI",2011-08-09,0.0013080241372612,11231.41
".DJI",2011-08-10,0.0014275216207561,10713.96
".DJI",2011-08-11,0.00062492339065131,11126.05
".DJI",2011-08-12,0.00032924935250499,11269.85
".DJI",2011-08-15,0.00016719326504232,11479.65
".DJI",2011-08-16,0.00022530549333922,11405.1
".DJI",2011-08-17,0.00011602515583399,11408.51
".DJI",2011-08-18,0.00097885829607035,10994.21
".DJI",2011-08-19,0.00037508447740295,10818.93
".DJI",2011-08-22,0.00043787005698562,10856.09
".DJI",2011-08-23,0.00019756220397687,11170.86
".DJI",2011-08-24,0.00015577376166346,11318.97
".DJI",2011-08-25,0.00023822479883608,11148
".DJI",2011-08-26,0.00030656208565498,11283.93
".DJI",2011-08-29,0.00025354382269696,11536.37
".DJI",2011-08-30,0.00014549497937336,11558.06
".DJI",2011-08-31,0.00016013162618258,11609.22
".DJI",2011-09-01,0.00017236836118272,11497.13
".DJI",2011-09-02,0.00041133567896276,11242.68
".DJI",2011-09-06,0.00067650616604135,11140.96
".DJI",2011-09-07,0.00016369093047794,11411.46
".DJI",2011-09-08,0.00013648346062342,11295.81
".DJI",2011-09-09,0.00036642398120053,10994.03
".DJI",2011-09-12,0.0002954806104207,11061.65
".DJI",2011-09-13,0.0001495314787269,11105.7
".DJI",2011-09-14,0.00023765314413558,11247.3
".DJI",2011-09-15,0.00015725861121827,11432.35
".DJI",2011-09-16,0.00010210983428827,11507.04
".DJI",2011-09-19,0.00029950782526934,11399.65
".DJI",2011-09-20,8.11152478101803e-05,11412.21
".DJI",2011-09-21,0.00018742020815098,11124.43
".DJI",2011-09-22,0.00119907062605993,10735.98
".DJI",2011-09-23,0.00027132723415165,10769.21
".DJI",2011-09-26,0.00030540222985726,11042.39
".DJI",2011-09-27,0.00047786375970888,11195.08
".DJI",2011-09-28,0.00023134351583698,11015.1
".DJI",2011-09-29,0.00054356794238021,11152.54
".DJI",2011-09-30,0.0004631734748102,10912.63
".DJI",2011-10-03,0.0003922278871469,10654.55
".DJI",2011-10-04,0.0006373397253342,10808.98
".DJI",2011-10-05,0.00021495572762115,10937.38
".DJI",2011-10-06,0.00013495830935239,11121.32
".DJI",2011-10-07,0.00019746652791047,11103.58
".DJI",2011-10-10,0.00032654195415767,11431.97
".DJI",2011-10-11,9.42716270396605e-05,11417.51
".DJI",2011-10-12,0.00012461696801848,11515.75
".DJI",2011-10-13,0.00013336513486564,11476.77
".DJI",2011-10-14,0.00015427048963173,11646.76
".DJI",2011-10-17,0.00012640490570245,11402
".DJI",2011-10-18,0.00019190152579336,11576.67
".DJI",2011-10-19,0.00010240393183569,11505.53
".DJI",2011-10-20,0.00013935816821418,11538
".DJI",2011-10-21,0.00018548355006975,11810.01
".DJI",2011-10-24,5.58747016814674e-05,11914.75
".DJI",2011-10-25,0.00018251056337679,11710.56
".DJI",2011-10-26,0.00031810339025826,11866.92
".DJI",2011-10-27,0.00054498459060806,12211.13
".DJI",2011-10-28,5.79393103754299e-05,12230.88
".DJI",2011-10-31,0.00019101768772586,11959.25
".DJI",2011-11-01,0.00076407564448669,11660.83
".DJI",2011-11-02,0.00026140424238701,11836.34
".DJI",2011-11-03,0.00024697297260284,12041.67
".DJI",2011-11-04,0.00012912851494898,11984.99
".DJI",2011-11-07,8.24720193672208e-05,12066.8
".DJI",2011-11-08,0.00010074763953768,12171.47
".DJI",2011-11-09,0.00046410691693393,11783.36
".DJI",2011-11-10,0.0002391686292337,11893.64
".DJI",2011-11-11,0.00024083299378347,12151.64
".DJI",2011-11-14,5.45782530955646e-05,12079.59
".DJI",2011-11-15,8.92394148734926e-05,12096.39
".DJI",2011-11-16,0.0002062304313718,11906.73
".DJI",2011-11-17,0.00018048392891247,11767.02
".DJI",2011-11-18,7.75032885572157e-05,11800.92
".DJI",2011-11-21,0.00026305700159698,11548.75
".DJI",2011-11-22,9.9005115650376e-05,11495.01
".DJI",2011-11-23,0.00019490157023091,11261.3
".DJI",2011-11-25,6.2555484271819e-05,11231.78
".DJI",2011-11-28,0.00060839872486256,11526.65
".DJI",2011-11-29,5.9166577944448e-05,11559.19
".DJI",2011-11-30,0.00075559694153899,12033.08
".DJI",2011-12-01,5.39333655606706e-05,12020.93
".DJI",2011-12-02,0.00010595347088093,12017
".DJI",2011-12-05,0.00021256844336805,12100.86
".DJI",2011-12-06,4.25152051141056e-05,12150.2
".DJI",2011-12-07,8.4511607358388e-05,12197.43
".DJI",2011-12-08,0.00011430381490409,11999.82
".DJI",2011-12-09,9.82092671910135e-05,12178.96
".DJI",2011-12-12,0.00013374168938813,12024.19
".DJI",2011-12-13,0.00016724187687023,11951.61
".DJI",2011-12-14,0.00012868851880125,11822.04
".DJI",2011-12-15,0.00014399558027052,11870.93
".DJI",2011-12-16,9.44990556712621e-05,11860.79
".DJI",2011-12-19,7.50891147592481e-05,11766.79
".DJI",2011-12-20,0.00027442633310742,12102.07
".DJI",2011-12-21,5.74380883117617e-05,12108.05
".DJI",2011-12-22,1.93583349242296e-05,12173.74
".DJI",2011-12-23,2.17952258807436e-05,12294.08
".DJI",2011-12-27,1.76301814054092e-05,12292.86
".DJI",2011-12-28,3.23466714734936e-05,12152.7
".DJI",2011-12-29,2.86322272563664e-05,12283.86
".DJI",2011-12-30,2.06940294934426e-05,12214.38
".DJI",2012-01-03,0.00029323511126463,12395.72
".DJI",2012-01-04,2.40337708982946e-05,12418.57
".DJI",2012-01-05,6.1548047203616e-05,12414.64
".DJI",2012-01-06,2.9974738905271e-05,12360.98
".DJI",2012-01-09,1.9868611018388e-05,12390.19
".DJI",2012-01-10,9.7739120304493e-05,12462.55
".DJI",2012-01-11,3.6187040585773e-05,12448.17
".DJI",2012-01-12,2.44858406933581e-05,12471.33
".DJI",2012-01-13,0.00010340216466874,12421.15
".DJI",2012-01-17,9.0935271290957e-05,12481.16
".DJI",2012-01-18,3.18379829506367e-05,12577.81
".DJI",2012-01-19,1.79955116920807e-05,12625.27
".DJI",2012-01-20,1.65660633637769e-05,12719.34
".DJI",2012-01-23,2.20014445381549e-05,12709.2
".DJI",2012-01-24,4.09029075034978e-05,12674.91
".DJI",2012-01-25,7.00093025738863e-05,12756.65
".DJI",2012-01-26,4.78484840963104e-05,12735.99
".DJI",2012-01-27,3.43361332591782e-05,12663.56
".DJI",2012-01-30,8.41011317458613e-05,12653.42
".DJI",2012-01-31,7.46026940427684e-05,12634.5
".DJI",2012-02-01,8.58209423336904e-05,12716.01
".DJI",2012-02-02,1.97950996853719e-05,12707.42
".DJI",2012-02-03,9.63729685572837e-05,12858.52
".DJI",2012-02-06,3.62669192948203e-05,12841.95
".DJI",2012-02-07,2.1909138795865e-05,12880.77
".DJI",2012-02-08,1.58157429446518e-05,12884.33
".DJI",2012-02-09,2.72296611473908e-05,12891.75
".DJI",2012-02-10,8.55151583449839e-05,12799.94
".DJI",2012-02-13,3.98272954660241e-05,12872.41
".DJI",2012-02-14,2.70634412559902e-05,12877.82
".DJI",2012-02-15,4.32553933725361e-05,12782.08
".DJI",2012-02-16,2.46596215449047e-05,12904.23
".DJI",2012-02-17,2.10514092895255e-05,12950.55
".DJI",2012-02-21,2.70628586079659e-05,12966.3
".DJI",2012-02-22,2.24660658047711e-05,12938.29
".DJI",2012-02-23,2.64977872636955e-05,12984.53
".DJI",2012-02-24,1.70737512775007e-05,12981.85
".DJI",2012-02-27,5.79517690536848e-05,12984.46
".DJI",2012-02-28,2.27232166458e-05,13006.67
".DJI",2012-02-29,4.05056919553628e-05,12951.46
".DJI",2012-03-01,4.9097255883917e-05,12981.43
".DJI",2012-03-02,2.17225629439687e-05,12975.26
".DJI",2012-03-05,3.09884613635024e-05,12961.53
".DJI",2012-03-06,0.00014089118041763,12758.36
".DJI",2012-03-07,2.13353818525342e-05,12839.26
".DJI",2012-03-08,4.57035225684075e-05,12907.68
".DJI",2012-03-09,1.83658192511999e-05,12925.31
".DJI",2012-03-12,1.88457823498859e-05,12959.22
".DJI",2012-03-13,4.1261246294874e-05,13179.42
".DJI",2012-03-14,1.5418275226609e-05,13195.31
".DJI",2012-03-15,1.3062769295849e-05,13249.35
".DJI",2012-03-16,1.37992170149088e-05,13236.11
".DJI",2012-03-19,1.09154105037045e-05,13238.49
".DJI",2012-03-20,4.80743694029344e-05,13170.56
".DJI",2012-03-21,1.48457837749717e-05,13127.69
".DJI",2012-03-22,3.76557643765919e-05,13046.44
".DJI",2012-03-23,1.37846834278044e-05,13084.82
".DJI",2012-03-26,6.3971036902698e-05,13243.07
".DJI",2012-03-27,1.25545533135381e-05,13199.85
".DJI",2012-03-28,2.99166910225185e-05,13126.78
".DJI",2012-03-29,5.114200324171e-05,13143.81
".DJI",2012-03-30,2.34529002025752e-05,13210.37
".DJI",2012-04-02,2.25340727006223e-05,13262.9
".DJI",2012-04-03,4.6008239076327e-05,13196.07
".DJI",2012-04-04,0.00011065375267096,13074.45
".DJI",2012-04-05,2.42860051346432e-05,13058.02
".DJI",2012-04-09,0.0001220641558969,12931.71
".DJI",2012-04-10,5.49876809283499e-05,12716.96
".DJI",2012-04-11,8.11325895880207e-05,12807.66
".DJI",2012-04-12,1.93987602423442e-05,12986.35
".DJI",2012-04-13,4.46719822517685e-05,12851.48
".DJI",2012-04-16,0.00012310765933649,12927.47
".DJI",2012-04-17,9.88592945365498e-05,13111.42
".DJI",2012-04-18,5.10608721532234e-05,13032.29
".DJI",2012-04-19,7.07170678736845e-05,12963.04
".DJI",2012-04-20,4.97051888056764e-05,13028.73
".DJI",2012-04-23,0.00012724701879771,12926.67
".DJI",2012-04-24,3.80058111810088e-05,13002.47
".DJI",2012-04-25,6.07596242756651e-05,13090.79
".DJI",2012-04-26,1.90029228773398e-05,13206.55
".DJI",2012-04-27,2.12069218681913e-05,13231.11
".DJI",2012-04-30,1.61230775102415e-05,13211.51
".DJI",2012-05-01,3.69550544001754e-05,13281.44
".DJI",2012-05-02,2.94184164882795e-05,13267.33
".DJI",2012-05-03,3.35679145879767e-05,13205.76
".DJI",2012-05-04,5.12400262097479e-05,13035.32
".DJI",2012-05-07,4.07723031281609e-05,13010.04
".DJI",2012-05-08,8.474792457268e-05,12930.88
".DJI",2012-05-09,0.00014015998524315,12838.16
".DJI",2012-05-10,6.66782464778776e-05,12854.13
".DJI",2012-05-11,5.38928018877534e-05,12816.67
".DJI",2012-05-14,8.31146076999559e-05,12693.84
".DJI",2012-05-15,5.36042470105559e-05,12630.94
".DJI",2012-05-16,6.86087568404466e-05,12598.47
".DJI",2012-05-17,6.68461100769505e-05,12440.6
".DJI",2012-05-18,6.9846144053773e-05,12366.66
".DJI",2012-05-21,4.41119265243061e-05,12504.29
".DJI",2012-05-22,6.43009415764723e-05,12504.89
".DJI",2012-05-23,0.00010495151786453,12494.41
".DJI",2012-05-24,6.83969807846677e-05,12529.98
".DJI",2012-05-25,3.42021233619667e-05,12451.72
".DJI",2012-05-29,6.82468484330039e-05,12582.13
".DJI",2012-05-30,0.00011667571584119,12419.18
".DJI",2012-05-31,7.21834553084813e-05,12394.43
".DJI",2012-06-01,0.00019684006915869,12114.37
".DJI",2012-06-04,4.16146853926841e-05,12100.4
".DJI",2012-06-05,3.87701582206733e-05,12126.25
".DJI",2012-06-06,9.53477271041853e-05,12411.84
".DJI",2012-06-07,0.00014810040144623,12461.11
".DJI",2012-06-08,4.72581469030125e-05,12553.52
".DJI",2012-06-11,8.10497166935265e-05,12412.18
".DJI",2012-06-12,7.03820180486299e-05,12571
".DJI",2012-06-13,5.78061716035803e-05,12495.24
".DJI",2012-06-14,8.41327760430016e-05,12653.12
".DJI",2012-06-15,4.03955754252575e-05,12766.64
".DJI",2012-06-18,5.71930716176995e-05,12742.31
".DJI",2012-06-19,5.50510861992743e-05,12838.09
".DJI",2012-06-20,6.55255080490863e-05,12823.59
".DJI",2012-06-21,6.6275274025125e-05,12571.38
".DJI",2012-06-22,4.23472135786106e-05,12653.65
".DJI",2012-06-25,0.00013066979117179,12503.34
".DJI",2012-06-26,3.70807968929482e-05,12536.87
".DJI",2012-06-27,3.28359174642074e-05,12627.65
".DJI",2012-06-28,0.00011852802639244,12602.18
".DJI",2012-06-29,0.00023641797990076,12877.82
".DJI",2012-07-02,4.31064421313821e-05,12866.89
".DJI",2012-07-03,1.72109192011321e-05,12943.82
".DJI",2012-07-05,4.32759920655644e-05,12898.1
".DJI",2012-07-06,0.00010272722679066,12771.79
".DJI",2012-07-09,2.32728483336642e-05,12736.48
".DJI",2012-07-10,8.60891322058599e-05,12652.74
".DJI",2012-07-11,5.32061464261643e-05,12604.98
".DJI",2012-07-12,8.12665530056662e-05,12574.44
".DJI",2012-07-13,4.71246573769098e-05,12777.31
".DJI",2012-07-16,3.28085821398871e-05,12728.04
".DJI",2012-07-17,8.9873446466687e-05,12804.26
".DJI",2012-07-18,2.97522630740641e-05,12905.9
".DJI",2012-07-19,4.14646644146339e-05,12941.55
".DJI",2012-07-20,5.98667386246931e-05,12826.21
".DJI",2012-07-23,0.00032530512078234,12720.97
".DJI",2012-07-24,7.19738506594547e-05,12618
".DJI",2012-07-25,0.00010787018195204,12677.18
".DJI",2012-07-26,0.00037293312168894,12886.37
".DJI",2012-07-27,7.56026760497646e-05,13079.44
".DJI",2012-07-30,2.59533732221202e-05,13071.68
".DJI",2012-07-31,2.88429251815107e-05,13008.15
".DJI",2012-08-01,8.05260642537672e-05,12978.44
".DJI",2012-08-02,0.00010945321522512,12879.18
".DJI",2012-08-03,0.00019436905105546,13097.08
".DJI",2012-08-06,1.99113427859791e-05,13121.29
".DJI",2012-08-07,2.94343509085323e-05,13165.34
".DJI",2012-08-08,2.30892911704628e-05,13175.41
".DJI",2012-08-09,1.52030728728471e-05,13163.68
".DJI",2012-08-10,3.62398025531392e-05,13204.17
".DJI",2012-08-13,2.34121333037026e-05,13171.91
".DJI",2012-08-14,2.0244985664988e-05,13172.29
".DJI",2012-08-15,1.2202774231809e-05,13163.39
".DJI",2012-08-16,1.55321770851751e-05,13248.41
".DJI",2012-08-17,9.54021256513575e-06,13274.04
".DJI",2012-08-20,1.14933301391926e-05,13271.72
".DJI",2012-08-21,2.09772651303115e-05,13204.89
".DJI",2012-08-22,2.49976458565217e-05,13172.6
".DJI",2012-08-23,3.45818190466788e-05,13060.41
".DJI",2012-08-24,2.37743827508387e-05,13156.96
".DJI",2012-08-27,1.29618171658169e-05,13127.08
".DJI",2012-08-28,2.12133902641231e-05,13103.07
".DJI",2012-08-29,1.24203745661635e-05,13110.16
".DJI",2012-08-30,4.76248477199757e-05,13002.14
".DJI",2012-08-31,0.00012633976199196,13092.54
".DJI",2012-09-04,2.94619304079477e-05,13035.09
".DJI",2012-09-05,2.20907690208335e-05,13047.4
".DJI",2012-09-06,0.00013110133538862,13289.76
".DJI",2012-09-07,9.80754891647921e-06,13305.09
".DJI",2012-09-10,1.37196509966266e-05,13254.8
".DJI",2012-09-11,1.53519023508781e-05,13324.99
".DJI",2012-09-12,2.22709108930113e-05,13334.09
".DJI",2012-09-13,5.4580310609188e-05,13539.4
".DJI",2012-09-14,3.89633020102374e-05,13591.12
".DJI",2012-09-17,1.13340832230852e-05,13553.33
".DJI",2012-09-18,1.66698631407519e-05,13566.03
".DJI",2012-09-19,2.64264667103561e-05,13579.23
".DJI",2012-09-20,2.59061903668142e-05,13598.86
".DJI",2012-09-21,2.22431155176185e-05,13578.27
".DJI",2012-09-24,2.4660922041328e-05,13561
".DJI",2012-09-25,2.78582946096506e-05,13460.17
".DJI",2012-09-26,2.87313594567177e-05,13415.78
".DJI",2012-09-27,3.07983701843211e-05,13485.97
".DJI",2012-09-28,5.24845752836078e-05,13435.94
".DJI",2012-10-01,8.60561749262779e-05,13513.38
".DJI",2012-10-02,4.25539952403941e-05,13481.28
".DJI",2012-10-03,2.54356080689747e-05,13494.8
".DJI",2012-10-04,3.35876515503262e-05,13576.09
".DJI",2012-10-05,4.94596165976479e-05,13608
".DJI",2012-10-08,2.11510718909706e-05,13583.84
".DJI",2012-10-09,2.47178417637255e-05,13475.45
".DJI",2012-10-10,2.34946824132702e-05,13348.12
".DJI",2012-10-11,3.40152739607059e-05,13328.5
".DJI",2012-10-12,2.55190052391832e-05,13328.96
".DJI",2012-10-15,2.47816677846249e-05,13423.3
".DJI",2012-10-16,2.64235517808258e-05,13548.86
".DJI",2012-10-17,2.15819219661165e-05,13556.35
".DJI",2012-10-18,1.90182400316359e-05,13549.4
".DJI",2012-10-19,6.22964431991989e-05,13343.24
".DJI",2012-10-22,4.23259355628817e-05,13344.01
".DJI",2012-10-23,0.00018060502076533,13102.99
".DJI",2012-10-24,3.12450263827064e-05,13077.95
".DJI",2012-10-25,7.73998647649691e-05,13105.03
".DJI",2012-10-26,4.90909710215564e-05,13107.18
".DJI",2012-10-31,5.31437161423989e-05,13099.19
".DJI",2012-11-01,5.93636342693907e-05,13229.74
".DJI",2012-11-02,3.58706607153559e-05,13093.16
".DJI",2012-11-05,2.01149023841131e-05,13113.73
".DJI",2012-11-06,5.07763207374366e-05,13242.99
".DJI",2012-11-07,0.00023897741510674,12932.27
".DJI",2012-11-08,5.67493071513765e-05,12811.78
".DJI",2012-11-09,8.6719244020295e-05,12815.31
".DJI",2012-11-12,1.81664155612357e-05,12818.08
".DJI",2012-11-13,6.40777551891829e-05,12756.1
".DJI",2012-11-14,7.39073754908376e-05,12570.64
".DJI",2012-11-15,6.7125163166287e-05,12540.77
".DJI",2012-11-16,7.50403597487662e-05,12586.46
".DJI",2012-11-19,9.0198094980485e-05,12793.89
".DJI",2012-11-20,5.84418770394501e-05,12788.13
".DJI",2012-11-21,1.26268503209598e-05,12837.12
".DJI",2012-11-23,3.99955592202942e-05,13009.68
".DJI",2012-11-26,5.40063160590881e-05,12964.8
".DJI",2012-11-27,4.03315863575903e-05,12877.67
".DJI",2012-11-28,8.0762149816745e-05,12984.34
".DJI",2012-11-29,6.84949845870393e-05,13023.89
".DJI",2012-11-30,2.73457504434092e-05,13022.7
".DJI",2012-12-03,4.74950911586741e-05,12967.6
".DJI",2012-12-04,3.1393416035391e-05,12951.24
".DJI",2012-12-05,4.85686634928028e-05,13034.45
".DJI",2012-12-06,2.00014873716641e-05,13074.19
".DJI",2012-12-07,4.48804877107146e-05,13155.29
".DJI",2012-12-10,1.23000731319277e-05,13169.49
".DJI",2012-12-11,3.60314497799083e-05,13250.13
".DJI",2012-12-12,2.82251738867859e-05,13246.14
".DJI",2012-12-13,2.57033934058712e-05,13171.11
".DJI",2012-12-14,2.07756433376275e-05,13138.12
".DJI",2012-12-17,2.45782102981342e-05,13235.88
".DJI",2012-12-18,2.20791113439237e-05,13350.04
".DJI",2012-12-19,2.24169644789724e-05,13253.01
".DJI",2012-12-20,3.76194598678862e-05,13312.68
".DJI",2012-12-21,0.00015823832318444,13194.84
".DJI",2012-12-24,9.7741838612695e-06,13139.08
".DJI",2012-12-26,2.39282247955785e-05,13113.74
".DJI",2012-12-27,6.53033805145168e-05,13093.85
".DJI",2012-12-28,6.76155526545578e-05,12937.65
".DJI",2012-12-31,9.65915582331517e-05,13108.44
".DJI",2013-01-02,0.00032038010680477,13408.25
".DJI",2013-01-03,3.51520612115274e-05,13391.05
".DJI",2013-01-04,1.87836877747062e-05,13431.67
".DJI",2013-01-07,3.22975534487611e-05,13383.6
".DJI",2013-01-08,1.52673478113373e-05,13328
".DJI",2013-01-09,1.95022940423434e-05,13391.13
".DJI",2013-01-10,2.20823331353251e-05,13471.19
".DJI",2013-01-11,1.33263173524275e-05,13486.89
".DJI",2013-01-14,1.08916129132789e-05,13509.85
".DJI",2013-01-15,1.6673154363777e-05,13533.51
".DJI",2013-01-16,2.3732905731791e-05,13509.62
".DJI",2013-01-17,1.79290198476936e-05,13596.17
".DJI",2013-01-18,9.36154180358764e-06,13647.01
".DJI",2013-01-22,1.0303897492661e-05,13707.68
".DJI",2013-01-23,2.02143934953296e-05,13779.02
".DJI",2013-01-24,2.23206173617473e-05,13825.38
".DJI",2013-01-25,2.05825517766207e-05,13893.75
".DJI",2013-01-28,9.35220763034483e-06,13882.19
".DJI",2013-01-29,1.33696267461947e-05,13954.96
".DJI",2013-01-30,1.5558900361073e-05,13909.65
".DJI",2013-01-31,2.55940052815238e-05,13867.26
".DJI",2013-02-01,4.50786782596549e-05,14007.56
".DJI",2013-02-04,6.79238198165805e-05,13881.23
".DJI",2013-02-05,4.01753899107387e-05,13979.03
".DJI",2013-02-06,3.74571151698117e-05,13985.75
".DJI",2013-02-07,2.92943588058374e-05,13943.17
".DJI",2013-02-08,1.29192500448443e-05,13989.52
".DJI",2013-02-11,1.06566853021778e-05,13969.82
".DJI",2013-02-12,6.9782441936201e-06,14019.31
".DJI",2013-02-13,1.19424313860515e-05,13981.45
".DJI",2013-02-14,2.23027380501746e-05,13974.31
".DJI",2013-02-15,2.28014157589289e-05,13976.92
".DJI",2013-02-19,1.09720540466598e-05,14033.64
".DJI",2013-02-20,2.17292376294016e-05,13926.7
".DJI",2013-02-21,3.00350719192553e-05,13878.12
".DJI",2013-02-22,3.66801172311117e-05,13998.55
".DJI",2013-02-25,7.39257133256458e-05,13785.89
".DJI",2013-02-26,6.92187140005919e-05,13901.05
".DJI",2013-02-27,2.43764597181816e-05,14076.22
".DJI",2013-02-28,2.82852630775407e-05,14053.49
".DJI",2013-03-01,7.47551056890375e-05,14091.65
".DJI",2013-03-04,2.5518375727686e-05,14127.63
".DJI",2013-03-05,4.74348373117351e-05,14254.77
".DJI",2013-03-06,2.25736454722359e-05,14296.01
".DJI",2013-03-07,1.40575065268989e-05,14330.83
".DJI",2013-03-08,3.83693662501344e-05,14392.46
".DJI",2013-03-11,7.43520807308061e-06,14445.83
".DJI",2013-03-12,1.19411547168406e-05,14448.25
".DJI",2013-03-13,1.03757508264548e-05,14455.2
".DJI",2013-03-14,1.21352415628693e-05,14536.72
".DJI",2013-03-15,1.43085684730069e-05,14511.42
".DJI",2013-03-18,6.59797072608049e-05,14453.51
".DJI",2013-03-19,5.81088352839791e-05,14458.2
".DJI",2013-03-20,4.34508080796385e-05,14514.49
".DJI",2013-03-21,4.82074625853717e-05,14421.3
".DJI",2013-03-22,2.87210901159894e-05,14511.3
".DJI",2013-03-25,3.80731043061355e-05,14450.75
".DJI",2013-03-26,2.67076673002658e-05,14560.11
".DJI",2013-03-27,7.32318619569028e-05,14526.47
".DJI",2013-03-28,1.34640402702918e-05,14575.89
".DJI",2013-04-01,1.9564409253436e-05,14571.47
".DJI",2013-04-02,2.84021180313655e-05,14658.56
".DJI",2013-04-03,3.02320436008685e-05,14550.66
".DJI",2013-04-04,3.83828973397239e-05,14606.8
".DJI",2013-04-05,0.00013742074351496,14564.22
".DJI",2013-04-08,1.99099267749297e-05,14612.56
".DJI",2013-04-09,2.12065807791278e-05,14674.45
".DJI",2013-04-10,3.76068554908899e-05,14799.7
".DJI",2013-04-11,2.05910249434649e-05,14863.53
".DJI",2013-04-12,3.38131937529562e-05,14863.8
".DJI",2013-04-15,0.00010216340628275,14599.12
".DJI",2013-04-16,6.48430408212096e-05,14754.94
".DJI",2013-04-17,8.55914979361935e-05,14617.43
".DJI",2013-04-18,4.39087305960845e-05,14539.76
".DJI",2013-04-19,3.37880799249082e-05,14548.2
".DJI",2013-04-22,3.16428620447341e-05,14565.79
".DJI",2013-04-23,0.00019974691352914,14719.38
".DJI",2013-04-24,1.41358711130293e-05,14673.49
".DJI",2013-04-25,2.54679036613099e-05,14704.25
".DJI",2013-04-26,1.78025400673903e-05,14715.39
".DJI",2013-04-29,1.2965314075187e-05,14814.53
".DJI",2013-04-30,2.72183072689167e-05,14832.73
".DJI",2013-05-01,4.05330994554751e-05,14702.95
".DJI",2013-05-02,2.27302413215879e-05,14828.74
".DJI",2013-05-03,9.06044692071951e-05,14970.77
".DJI",2013-05-06,6.98827354419988e-06,14968.58
".DJI",2013-05-07,1.4284105108636e-05,15053.36
".DJI",2013-05-08,8.33399495111161e-06,15103.13
".DJI",2013-05-09,2.48173440448451e-05,15082.16
".DJI",2013-05-10,2.61113463998124e-05,15114.03
".DJI",2013-05-13,1.33274409113977e-05,15093.11
".DJI",2013-05-14,1.3280771116223e-05,15214.3
".DJI",2013-05-15,2.1491077802483e-05,15273.54
".DJI",2013-05-16,2.61631274242782e-05,15230.45
".DJI",2013-05-17,2.26432236201448e-05,15352.56
".DJI",2013-05-20,1.72671776069387e-05,15336.43
".DJI",2013-05-21,2.77398383447627e-05,15389.19
".DJI",2013-05-22,8.33589854934212e-05,15307.1
".DJI",2013-05-23,7.58236364520701e-05,15296.81
".DJI",2013-05-24,2.90148591449464e-05,15302.8
".DJI",2013-05-28,0.00012150591599742,15412.61
".DJI",2013-05-29,6.66825109539229e-05,15303.68
".DJI",2013-05-30,3.60585789229074e-05,15326.37
".DJI",2013-05-31,6.65104209530623e-05,15120.87
".DJI",2013-06-03,5.55171637123332e-05,15251.5
".DJI",2013-06-04,5.90724871000721e-05,15176.81
".DJI",2013-06-05,5.34861930491197e-05,14960.9
".DJI",2013-06-06,5.16166835047765e-05,15039.08
".DJI",2013-06-07,5.56271575475858e-05,15247.31
".DJI",2013-06-10,2.31791050560758e-05,15236.52
".DJI",2013-06-11,0.00012559492082574,15122.06
".DJI",2013-06-12,9.89617786588533e-05,14994.61
".DJI",2013-06-13,4.22911566486717e-05,15177.6
".DJI",2013-06-14,4.90814880293192e-05,15068.8
".DJI",2013-06-17,0.00010632062755371,15180.34
".DJI",2013-06-18,2.40488813881046e-05,15319.38
".DJI",2013-06-19,0.0001046624774687,15112.73
".DJI",2013-06-20,0.00014879783068457,14758.47
".DJI",2013-06-21,0.00012639213525391,14803.93
".DJI",2013-06-24,0.00017439577159614,14660.02
".DJI",2013-06-25,7.8704062366022e-05,14761.92
".DJI",2013-06-26,9.46789015227363e-05,14910.68
".DJI",2013-06-27,6.57556851805117e-05,15025.41
".DJI",2013-06-28,6.15562460273315e-05,14902.77
".DJI",2013-07-01,5.97338408000106e-05,14972.65
".DJI",2013-07-02,3.8180341560522e-05,14930.49
".DJI",2013-07-03,3.10307241729083e-05,14988.55
".DJI",2013-07-05,7.35839296277526e-05,15135.69
".DJI",2013-07-08,3.98638804501761e-05,15225.69
".DJI",2013-07-09,3.10622671098343e-05,15300.62
".DJI",2013-07-10,4.34096600026206e-05,15293.27
".DJI",2013-07-11,0.00010741307107752,15462.53
".DJI",2013-07-12,1.92887139273793e-05,15457.31
".DJI",2013-07-15,6.91648318314773e-06,15485.3
".DJI",2013-07-16,9.46093725962583e-06,15452.55
".DJI",2013-07-17,2.13887599876345e-05,15469.06
".DJI",2013-07-18,1.90224474607899e-05,15549
".DJI",2013-07-19,1.01267852248748e-05,15543.09
".DJI",2013-07-22,9.78997127310539e-06,15545.93
".DJI",2013-07-23,1.97652929358305e-05,15569.51
".DJI",2013-07-24,1.95059369560956e-05,15540.86
".DJI",2013-07-25,2.94913574508954e-05,15556.14
".DJI",2013-07-26,3.90530990209299e-05,15556.76
".DJI",2013-07-29,1.76321828493449e-05,15523.49
".DJI",2013-07-30,2.5975548374335e-05,15524.81
".DJI",2013-07-31,5.05363674170214e-05,15507.22
".DJI",2013-08-01,6.84352849302586e-05,15623.99
".DJI",2013-08-02,1.68008946671881e-05,15655.75
".DJI",2013-08-05,1.23549256857647e-05,15612.51
".DJI",2013-08-06,2.43265192300808e-05,15517.13
".DJI",2013-08-07,3.25420187479574e-05,15470.44
".DJI",2013-08-08,3.65527211249073e-05,15497.16
".DJI",2013-08-09,2.82131897013701e-05,15423.59
".DJI",2013-08-12,1.65878618118612e-05,15420.41
".DJI",2013-08-13,2.56686919138073e-05,15452.62
".DJI",2013-08-14,2.77406835963351e-05,15337.27
".DJI",2013-08-15,0.00012660909797945,15112.56
".DJI",2013-08-16,2.50643017533425e-05,15083.16
".DJI",2013-08-19,1.65699191360831e-05,15008.05
".DJI",2013-08-20,1.19191725681225e-05,15004.83
".DJI",2013-08-21,5.06614254872304e-05,14896.05
".DJI",2013-08-22,1.30773551439523e-05,14964.66
".DJI",2013-08-23,1.41359727773396e-05,15007.98
".DJI",2013-08-26,2.17933897840689e-05,14947.23
".DJI",2013-08-27,7.84208605905223e-05,14776.59
".DJI",2013-08-28,1.65556239894899e-05,14826.97
".DJI",2013-08-29,1.83576249248679e-05,14840.33
".DJI",2013-08-30,4.61007613184264e-05,14804.78
".DJI",2013-09-03,8.57971059625899e-05,14830.96
".DJI",2013-09-04,2.13808475407735e-05,14932.26
".DJI",2013-09-05,1.74617074317255e-05,14936.48
".DJI",2013-09-06,7.39419286474621e-05,14921.51
".DJI",2013-09-09,3.19573523331903e-05,15061.08
".DJI",2013-09-10,3.64348002644278e-05,15191.44
".DJI",2013-09-11,1.52843563963733e-05,15324.37
".DJI",2013-09-12,1.32716170437524e-05,15300.72
".DJI",2013-09-13,1.72834990074432e-05,15376.37
".DJI",2013-09-16,9.87968474182704e-05,15494.63
".DJI",2013-09-17,8.14039709147673e-06,15530.49
".DJI",2013-09-18,5.12795188124263e-05,15674.68
".DJI",2013-09-19,1.13532998872194e-05,15636.13
".DJI",2013-09-20,1.82878294328694e-05,15473.82
".DJI",2013-09-23,1.49405205769823e-05,15404.5
".DJI",2013-09-24,1.93344075043403e-05,15338.7
".DJI",2013-09-25,3.60863264346635e-05,15276.02
".DJI",2013-09-26,3.28714637496839e-05,15329.46
".DJI",2013-09-27,3.49367217896766e-05,15254.96
".DJI",2013-09-30,0.00011071135522108,15132.56
".DJI",2013-10-01,2.58452134274237e-05,15189.17
".DJI",2013-10-02,4.89727211983843e-05,15128.22
".DJI",2013-10-03,6.83729851830672e-05,14996.48
".DJI",2013-10-04,1.91557764672063e-05,15072.26
".DJI",2013-10-07,9.9253929908259e-05,14937.33
".DJI",2013-10-08,4.18805405219628e-05,14779.54
".DJI",2013-10-09,4.03462776355061e-05,14802.18
".DJI",2013-10-10,0.00012360025841379,15122.93
".DJI",2013-10-11,2.63981644072322e-05,15236.05
".DJI",2013-10-14,5.32812266693098e-05,15301.36
".DJI",2013-10-15,5.85594527826739e-05,15170.19
".DJI",2013-10-16,7.23213515145394e-05,15368.18
".DJI",2013-10-17,7.69120050927482e-05,15368.82
".DJI",2013-10-18,1.92601162951977e-05,15396.44
".DJI",2013-10-21,1.25046601479708e-05,15389.69
".DJI",2013-10-22,3.08282571546045e-05,15468.27
".DJI",2013-10-23,3.87993821041745e-05,15413.65
".DJI",2013-10-24,2.11390553154321e-05,15506.44
".DJI",2013-10-25,8.42932667034046e-06,15570.09
".DJI",2013-10-28,1.24546669463121e-05,15572.14
".DJI",2013-10-29,1.82470206304868e-05,15680.77
".DJI",2013-10-30,4.48720208534148e-05,15619.34
".DJI",2013-10-31,3.21850409738003e-05,15554.42
".DJI",2013-11-01,3.6001300893091e-05,15615.49
".DJI",2013-11-04,1.62017626795907e-05,15639.96
".DJI",2013-11-05,3.36958771615623e-05,15616.64
".DJI",2013-11-06,2.25464410300567e-05,15744.44
".DJI",2013-11-07,3.20519019247442e-05,15599.11
".DJI",2013-11-08,3.77408738464648e-05,15760.7
".DJI",2013-11-11,9.89306176742172e-06,15781.24
".DJI",2013-11-12,1.97773314324188e-05,15750.93
".DJI",2013-11-13,3.13948956120698e-05,15820.77
".DJI",2013-11-14,1.76791934692503e-05,15876.61
".DJI",2013-11-15,5.90056168928942e-06,15960.54
".DJI",2013-11-18,2.85445303299752e-05,15975.05
".DJI",2013-11-19,2.57281835598279e-05,15966.38
".DJI",2013-11-20,3.33282226629342e-05,15902.58
".DJI",2013-11-21,2.54886243171317e-05,16010.05
".DJI",2013-11-22,1.00779209446747e-05,16062.39
".DJI",2013-11-25,1.01509042292408e-05,16077.61
".DJI",2013-11-26,1.03056481495936e-05,16074.4
".DJI",2013-11-27,7.48617463279829e-06,16097.58
".DJI",2013-11-29,1.12597192427936e-05,16086.41
".DJI",2013-12-02,1.51749310805917e-05,16007.77
".DJI",2013-12-03,3.04590446394539e-05,15915.65
".DJI",2013-12-04,4.97629279765767e-05,15890.16
".DJI",2013-12-05,2.97940500343658e-05,15822.76
".DJI",2013-12-06,8.69314111491723e-05,16019.43
".DJI",2013-12-09,1.06133216958942e-05,16028.36
".DJI",2013-12-10,1.22903054735355e-05,15974.51
".DJI",2013-12-11,3.27901373946501e-05,15842.06
".DJI",2013-12-12,3.91770848225899e-05,15738.02
".DJI",2013-12-13,2.07907386493264e-05,15755.07
".DJI",2013-12-16,8.8163962915333e-05,15884.38
".DJI",2013-12-17,1.69585556051128e-05,15874.58
".DJI",2013-12-18,9.26394193927203e-05,16172.85
".DJI",2013-12-19,1.37700951879596e-05,16178.57
".DJI",2013-12-20,1.92785606205837e-05,16239.93
".DJI",2013-12-23,2.35830366382378e-05,16296.34
".DJI",2013-12-24,3.90082203076001e-06,16357.55
".DJI",2013-12-26,1.05065956967617e-05,16480.04
".DJI",2013-12-27,1.07498397914834e-05,16478.54
".DJI",2013-12-30,3.13070618801313e-06,16503.9
".DJI",2013-12-31,9.34992498779039e-06,16575.31
".DJI",2014-01-02,3.80884244086935e-05,16443.37
".DJI",2014-01-03,1.91310200964386e-05,16471.09
".DJI",2014-01-06,3.63821019271688e-05,16424.17
".DJI",2014-01-07,2.48832319856296e-05,16528.31
".DJI",2014-01-08,4.01882739767665e-05,16459.56
".DJI",2014-01-09,2.66950339196359e-05,16446.2
".DJI",2014-01-10,1.96591620888412e-05,16437.31
".DJI",2014-01-13,1.95017498947104e-05,16257.94
".DJI",2014-01-14,2.27492137422571e-05,16370.9
".DJI",2014-01-15,1.80381104713264e-05,16483.26
".DJI",2014-01-16,1.92516352017191e-05,16419.29
".DJI",2014-01-17,1.80704405090945e-05,16449.83
".DJI",2014-01-21,4.45115526993622e-05,16415.86
".DJI",2014-01-22,1.42829299614809e-05,16375.37
".DJI",2014-01-23,8.53074706354489e-05,16198.86
".DJI",2014-01-24,9.58217095541518e-05,15886.66
".DJI",2014-01-27,5.66348042643723e-05,15840.13
".DJI",2014-01-28,3.83738479901957e-05,15927.37
".DJI",2014-01-29,0.00013743258670973,15746.59
".DJI",2014-01-30,4.74396056933998e-05,15846.87
".DJI",2014-01-31,0.00019609902082071,15700.74
".DJI",2014-02-03,7.45581909672842e-05,15376.07
".DJI",2014-02-04,6.09616848596704e-05,15443.44
".DJI",2014-02-05,8.4960923945999e-05,15443.64
".DJI",2014-02-06,4.14723766378802e-05,15626.86
".DJI",2014-02-07,3.48781871221758e-05,15789.07
".DJI",2014-02-10,1.10217880915619e-05,15799.09
".DJI",2014-02-11,2.60356152366785e-05,15992.52
".DJI",2014-02-12,2.2509915103452e-05,15962.72
".DJI",2014-02-13,3.65866059516217e-05,16024.5
".DJI",2014-02-14,1.73539276721131e-05,16153.97
".DJI",2014-02-18,1.58664700908803e-05,16129.79
".DJI",2014-02-19,3.95133802778529e-05,16042.61
".DJI",2014-02-20,3.11556367521731e-05,16130.27
".DJI",2014-02-21,2.12919582156221e-05,16102.98
".DJI",2014-02-24,3.90431331530831e-05,16204.7
".DJI",2014-02-25,4.21409962440991e-05,16181.2
".DJI",2014-02-26,3.10155731901262e-05,16200.95
".DJI",2014-02-27,3.12854604124264e-05,16273.42
".DJI",2014-02-28,3.80683216507782e-05,16323.19
".DJI",2014-03-03,0.00010611676851501,16166.58
".DJI",2014-03-04,0.00012983871978179,16392.71
".DJI",2014-03-05,1.56334194131184e-05,16364.55
".DJI",2014-03-06,1.51610633171834e-05,16426.61
".DJI",2014-03-07,3.01422741691292e-05,16450.21
".DJI",2014-03-10,2.28428251149299e-05,16419.29
".DJI",2014-03-11,2.26689077869973e-05,16352.54
".DJI",2014-03-12,3.85689172522027e-05,16338.57
".DJI",2014-03-13,4.92599625199267e-05,16110.46
".DJI",2014-03-14,4.075221140306e-05,16068.22
".DJI",2014-03-17,6.97285393762816e-05,16242.91
".DJI",2014-03-18,2.05306909639753e-05,16334.97
".DJI",2014-03-19,6.01271721251463e-05,16220.42
".DJI",2014-03-20,4.00036328320441e-05,16331.83
".DJI",2014-03-21,6.93806955487511e-05,16298.5
".DJI",2014-03-24,4.61146491673138e-05,16277.27
".DJI",2014-03-25,7.58482199560179e-05,16369.55
".DJI",2014-03-26,4.86402480140489e-05,16271.27
".DJI",2014-03-27,4.96833330923932e-05,16263.75
".DJI",2014-03-28,4.82062815956596e-05,16322.29
".DJI",2014-03-31,5.96226836149329e-05,16458.63
".DJI",2014-04-01,2.63657188896445e-05,16531.42
".DJI",2014-04-02,1.19913824965094e-05,16573.19
".DJI",2014-04-03,1.27752781613352e-05,16568.12
".DJI",2014-04-04,4.30801285813129e-05,16418.3
".DJI",2014-04-07,4.02555269865816e-05,16248.31
".DJI",2014-04-08,3.42343962879384e-05,16258.71
".DJI",2014-04-09,3.67077878316787e-05,16436.41
".DJI",2014-04-10,5.6900682846706e-05,16169.57
".DJI",2014-04-11,9.26981265230573e-05,16029.99
".DJI",2014-04-14,6.16013463132308e-05,16172.56
".DJI",2014-04-15,6.8458210171225e-05,16261.67
".DJI",2014-04-16,6.41306704936324e-05,16422.86
".DJI",2014-04-17,2.05244827976671e-05,16410.37
".DJI",2014-04-21,9.31854358603746e-06,16446.23
".DJI",2014-04-22,9.10479688610798e-06,16516.75
".DJI",2014-04-23,9.31476458145898e-06,16502.51
".DJI",2014-04-24,2.75096036793293e-05,16501.08
".DJI",2014-04-25,4.00408048456087e-05,16363.49
".DJI",2014-04-28,8.55740973297385e-05,16447.77
".DJI",2014-04-29,3.3962482744186e-05,16535.08
".DJI",2014-04-30,1.64615798593309e-05,16575.57
".DJI",2014-05-01,1.85137572535211e-05,16557.27
".DJI",2014-05-02,2.57615147256001e-05,16512.03
".DJI",2014-05-05,5.55022078063995e-05,16530.81
".DJI",2014-05-06,2.83786425373807e-05,16402.53
".DJI",2014-05-07,7.50455962165389e-05,16518.86
".DJI",2014-05-08,1.7969536123923e-05,16551.78
".DJI",2014-05-09,2.42786710779843e-05,16583.44
".DJI",2014-05-12,2.60731867315184e-05,16695.08
".DJI",2014-05-13,6.53952974884904e-06,16714.67
".DJI",2014-05-14,1.31826929223898e-05,16614.46
".DJI",2014-05-15,3.79812546662605e-05,16449.06
".DJI",2014-05-16,1.60630116724072e-05,16492.63
".DJI",2014-05-19,1.23011526496452e-05,16510.2
".DJI",2014-05-20,2.57173305264887e-05,16373.92
".DJI",2014-05-21,3.26788701545346e-05,16532.09
".DJI",2014-05-22,1.21491790040735e-05,16543.75
".DJI",2014-05-23,5.68006561035602e-06,16605.63
".DJI",2014-05-27,1.52500782053988e-05,16675.46
".DJI",2014-05-28,7.55476854632249e-06,16633.82
".DJI",2014-05-29,1.01144194986332e-05,16697.81
".DJI",2014-05-30,1.13562801620401e-05,16714.38
".DJI",2014-06-02,1.26222349347837e-05,16742.86
".DJI",2014-06-03,8.36485453502925e-06,16722.63
".DJI",2014-06-04,9.35155184183611e-06,16734.55
".DJI",2014-06-05,1.52258741496058e-05,16833.6
".DJI",2014-06-06,1.04849410922617e-05,16921.39
".DJI",2014-06-09,5.36222958344457e-06,16941.46
".DJI",2014-06-10,6.76198465968849e-06,16945.03
".DJI",2014-06-11,1.78810703778277e-05,16846.45
".DJI",2014-06-12,1.21665452336462e-05,16733.45
".DJI",2014-06-13,1.55092667886994e-05,16772.37
".DJI",2014-06-16,2.22028947494115e-05,16781.43
".DJI",2014-06-17,1.55473167572061e-05,16810.55
".DJI",2014-06-18,2.32009458216334e-05,16905.21
".DJI",2014-06-19,8.46099262026044e-06,16918.25
".DJI",2014-06-20,1.05380459034468e-05,16951.54
".DJI",2014-06-23,8.57697446304929e-06,16934.98
".DJI",2014-06-24,1.56857592278307e-05,16820.25
".DJI",2014-06-25,1.81814462437197e-05,16866.68
".DJI",2014-06-26,2.84108588276641e-05,16846.98
".DJI",2014-06-27,1.34824111908126e-05,16852.68
".DJI",2014-06-30,1.50511083057659e-05,16822.33
".DJI",2014-07-01,3.38831175039252e-05,16956.46
".DJI",2014-07-02,7.68513194563791e-06,16974.92
".DJI",2014-07-03,1.44846091832422e-05,17068.26
".DJI",2014-07-07,1.93450762007103e-05,17021.8
".DJI",2014-07-08,3.93556063624456e-05,16910.83
".DJI",2014-07-09,1.82234986678512e-05,16985.71
".DJI",2014-07-10,9.48914508079565e-05,16916.29
".DJI",2014-07-11,1.38483974987871e-05,16942.81
".DJI",2014-07-14,3.48850395055258e-05,17056.64
".DJI",2014-07-15,2.86189649062392e-05,17061.3
".DJI",2014-07-16,2.42191935854738e-05,17135.34
".DJI",2014-07-17,3.81783517178588e-05,16975.88
".DJI",2014-07-18,2.29569253754379e-05,17096.97
".DJI",2014-07-21,2.53535190127043e-05,17053.3
".DJI",2014-07-22,9.26465570638574e-06,17111.61
".DJI",2014-07-23,1.08123542350418e-05,17088.75
".DJI",2014-07-24,7.06104573801126e-06,17082.12
".DJI",2014-07-25,4.89509998639001e-05,16957.97
".DJI",2014-07-28,1.76985924244949e-05,16981.12
".DJI",2014-07-29,2.44118826538399e-05,16917.7
".DJI",2014-07-30,4.26323439263787e-05,16881.06
".DJI",2014-07-31,8.0350725307728e-05,16567.09
".DJI",2014-08-01,5.16244971133984e-05,16492.66
".DJI",2014-08-04,1.9017938781675e-05,16570.49
".DJI",2014-08-05,7.18455238285901e-05,16427.87
".DJI",2014-08-06,4.03320744886985e-05,16442.09
".DJI",2014-08-07,4.46107413875075e-05,16367.88
".DJI",2014-08-08,2.74396617182645e-05,16550.6
".DJI",2014-08-11,1.26738684345132e-05,16568.99
".DJI",2014-08-12,1.82492531905427e-05,16562.63
".DJI",2014-08-13,1.62748330441349e-05,16649.97
".DJI",2014-08-14,5.05712145844894e-06,16712.68
".DJI",2014-08-15,5.31905227650121e-05,16663.97
".DJI",2014-08-18,3.80678972153294e-05,16837.07
".DJI",2014-08-19,1.07104412191694e-05,16917.73
".DJI",2014-08-20,7.61605154200338e-06,16979.38
".DJI",2014-08-21,8.82188674564857e-06,17040.49
".DJI",2014-08-22,1.81104511899986e-05,17000.8
".DJI",2014-08-25,1.75713797411991e-05,17079.37
".DJI",2014-08-26,7.90643048751131e-06,17109.07
".DJI",2014-08-27,7.80549563834947e-06,17118.93
".DJI",2014-08-28,2.74183383404213e-05,17081.75
".DJI",2014-08-29,7.21189785749112e-06,17098.9
".DJI",2014-09-02,1.19971466463155e-05,17065.95
".DJI",2014-09-03,2.25779515926886e-05,17079.05
".DJI",2014-09-04,1.55400628247707e-05,17071.02
".DJI",2014-09-05,1.64530851206065e-05,17133.03
".DJI",2014-09-08,1.47367062968235e-05,17110.13
".DJI",2014-09-09,2.43961195321312e-05,17015.23
".DJI",2014-09-10,2.29724504709836e-05,17068.74
".DJI",2014-09-11,2.21660213935954e-05,17048.58
".DJI",2014-09-12,1.9290371503307e-05,16987.63
".DJI",2014-09-15,1.16130688522383e-05,17030.28
".DJI",2014-09-16,1.85097051917472e-05,17132.55
".DJI",2014-09-17,3.21168464239442e-05,17158.09
".DJI",2014-09-18,1.20852836958574e-05,17264.63
".DJI",2014-09-19,2.90635007681151e-05,17282.24
".DJI",2014-09-22,1.10115958050454e-05,17175.73
".DJI",2014-09-23,2.2187458169349e-05,17058.89
".DJI",2014-09-24,1.462574043318e-05,17213.24
".DJI",2014-09-25,3.90586468638988e-05,16952.51
".DJI",2014-09-26,4.8644857336884e-05,17110.49
".DJI",2014-09-29,0.00012264099143381,17071.18
".DJI",2014-09-30,3.56904931049331e-05,17045.95
".DJI",2014-10-01,4.92101660285881e-05,16807.15
".DJI",2014-10-02,4.28573594417766e-05,16799.95
".DJI",2014-10-03,7.34810795843203e-05,17008.2
".DJI",2014-10-06,4.93300745884175e-05,16993.22
".DJI",2014-10-07,8.92835612511854e-05,16715.79
".DJI",2014-10-08,6.24502779966833e-05,16991.23
".DJI",2014-10-09,0.00010246304981067,16663.42
".DJI",2014-10-10,9.19575826587935e-05,16544.14
".DJI",2014-10-13,0.00010028269414158,16321.07
".DJI",2014-10-14,0.00011002446923444,16315.93
".DJI",2014-10-15,0.00056101375790903,16143.05
".DJI",2014-10-16,0.00025745861911813,16105.48
".DJI",2014-10-17,0.00015564757410954,16379.7
".DJI",2014-10-20,7.26427746851642e-05,16396.75
".DJI",2014-10-21,4.42550948214355e-05,16613.01
".DJI",2014-10-22,3.89473296356926e-05,16466.11
".DJI",2014-10-23,0.00016404410973415,16673.73
".DJI",2014-10-24,2.96762767073448e-05,16803.84
".DJI",2014-10-27,2.82122119870571e-05,16816.1
".DJI",2014-10-28,2.84894722903725e-05,17001.57
".DJI",2014-10-29,4.39941709056032e-05,16973.09
".DJI",2014-10-30,4.71543410229257e-05,17197.54
".DJI",2014-10-31,8.10808823949407e-05,17381.46
".DJI",2014-11-03,1.33714775715295e-05,17364.83
".DJI",2014-11-04,2.46721730478702e-05,17380.56
".DJI",2014-11-05,4.61451095467413e-05,17481.23
".DJI",2014-11-06,1.64234013109992e-05,17551.13
".DJI",2014-11-07,2.02766738642112e-05,17570.78
".DJI",2014-11-10,7.11773677413754e-06,17614.13
".DJI",2014-11-11,7.33401635764713e-06,17614.06
".DJI",2014-11-12,2.5230297784644e-05,17611.66
".DJI",2014-11-13,2.35944830252256e-05,17649.61
".DJI",2014-11-14,7.92193491121378e-06,17636.61
".DJI",2014-11-17,1.11596826450692e-05,17647.81
".DJI",2014-11-18,7.68618371691682e-06,17693.05
".DJI",2014-11-19,2.16304302859277e-05,17682.97
".DJI",2014-11-20,2.07236178942708e-05,17716.21
".DJI",2014-11-21,8.80301983789989e-05,17806.59
".DJI",2014-11-24,1.15571878067261e-05,17816.9
".DJI",2014-11-25,9.56319338056414e-06,17824.87
".DJI",2014-11-26,5.21174345937458e-06,17828.65
".DJI",2014-11-28,6.51285536655818e-06,17828.24
".DJI",2014-12-01,2.88494715560175e-05,17780.97
".DJI",2014-12-02,1.36389743384293e-05,17877.75
".DJI",2014-12-03,7.44585586492535e-06,17911.34
".DJI",2014-12-04,1.82273570393408e-05,17895.83
".DJI",2014-12-05,1.36880329951779e-05,17956.68
".DJI",2014-12-08,2.32131865201041e-05,17855.11
".DJI",2014-12-09,0.00011059493511995,17800.81
".DJI",2014-12-10,5.91168277033174e-05,17536.78
".DJI",2014-12-11,5.71397501237958e-05,17593.64
".DJI",2014-12-12,8.7993858491216e-05,17292.84
".DJI",2014-12-15,0.00013465903483915,17183.6
".DJI",2014-12-16,0.00014162241514519,17073.4
".DJI",2014-12-17,0.00014646178360442,17356.03
".DJI",2014-12-18,0.00013817161326076,17775.54
".DJI",2014-12-19,3.43438916537946e-05,17807.62
".DJI",2014-12-22,2.98424736568668e-05,17962.78
".DJI",2014-12-23,1.35104186079546e-05,18027.45
".DJI",2014-12-24,5.88227658393334e-06,18030.21
".DJI",2014-12-26,6.50909602382969e-06,18055.77
".DJI",2014-12-29,6.94004776788045e-06,18038.2
".DJI",2014-12-30,1.00896129816522e-05,17985.73
".DJI",2014-12-31,2.62028631628021e-05,17823
".DJI",2015-01-02,7.95816055613381e-05,17830.84
".DJI",2015-01-05,6.59759312750173e-05,17508.52
".DJI",2015-01-06,0.00010178437001072,17368.78
".DJI",2015-01-07,0.00010718815520643,17581.47
".DJI",2015-01-08,0.00011529480967434,17899.71
".DJI",2015-01-09,6.74419713540663e-05,17744.78
".DJI",2015-01-12,6.58075360884244e-05,17642.64
".DJI",2015-01-13,0.00028650046391428,17611.85
".DJI",2015-01-14,0.00021678113065563,17425.87
".DJI",2015-01-15,0.00010353258329305,17325.17
".DJI",2015-01-16,6.28079348743446e-05,17509.26
".DJI",2015-01-20,9.7026546525973e-05,17513.4
".DJI",2015-01-21,0.00011226838053333,17557.49
".DJI",2015-01-22,5.96335349335421e-05,17820.31
".DJI",2015-01-23,2.40991767858452e-05,17671.73
".DJI",2015-01-26,3.76710518461724e-05,17676.9
".DJI",2015-01-27,0.00021904199219336,17391.19
".DJI",2015-01-28,8.36149890354094e-05,17195.93
".DJI",2015-01-29,8.53617771782061e-05,17415.56
".DJI",2015-01-30,9.19669215374407e-05,17172.36
".DJI",2015-02-02,0.0001173822972889,17358.76
".DJI",2015-02-03,0.00010743955324048,17662.36
".DJI",2015-02-04,4.98286200042465e-05,17674.05
".DJI",2015-02-05,4.27676674570205e-05,17878.97
".DJI",2015-02-06,4.04864583652421e-05,17823.68
".DJI",2015-02-09,5.38719271171663e-05,17726.51
".DJI",2015-02-10,4.7641490483751e-05,17865.1
".DJI",2015-02-11,3.64395817048368e-05,17857.49
".DJI",2015-02-12,1.67778094379898e-05,17969.17
".DJI",2015-02-13,1.20148143039884e-05,18018.26
".DJI",2015-02-17,1.62449347000482e-05,18040.51
".DJI",2015-02-18,2.07240182270331e-05,18029.76
".DJI",2015-02-19,3.06112908255387e-05,17987.215
".DJI",2015-02-20,2.61663360965433e-05,18137.2
".DJI",2015-02-23,2.43459091625863e-05,18115.94
".DJI",2015-02-24,1.08345058655218e-05,18210.63
".DJI",2015-02-25,8.14666184341319e-06,18222.99
".DJI",2015-02-26,1.4109895469659e-05,18214.48
".DJI",2015-02-27,1.06474476769674e-05,18133.6
".DJI",2015-03-02,1.1901033985108e-05,18283.04
".DJI",2015-03-03,2.02726162814924e-05,18203.89
".DJI",2015-03-04,4.17314763274197e-05,18097.35
".DJI",2015-03-05,1.33721985837375e-05,18135.94
".DJI",2015-03-06,7.19019834390928e-05,17857.07
".DJI",2015-03-09,1.9232964243408e-05,17993.73
".DJI",2015-03-10,8.47910884845017e-05,17678.8
".DJI",2015-03-11,3.5000516845241e-05,17639.5
".DJI",2015-03-12,6.11385465153002e-05,17893.87
".DJI",2015-03-13,6.31073971436991e-05,17752.71
".DJI",2015-03-16,4.07165347785953e-05,17973.465
".DJI",2015-03-17,5.46263685682748e-05,17848.27
".DJI",2015-03-18,0.00014886450343811,18072.5
".DJI",2015-03-19,4.04774224674169e-05,17960.83
".DJI",2015-03-20,5.19465095161661e-05,18131.46
".DJI",2015-03-23,1.86474698929549e-05,18117.81
".DJI",2015-03-24,2.38680935774701e-05,18012.28
".DJI",2015-03-25,5.13981694668612e-05,17719.74
".DJI",2015-03-26,9.15211628230837e-05,17676.73
".DJI",2015-03-27,3.9347094757914e-05,17708.99
".DJI",2015-03-30,0.00010958456101339,17973.78
".DJI",2015-03-31,5.45251231393073e-05,17780.09
".DJI",2015-04-01,6.89463097087622e-05,17697.11
".DJI",2015-04-02,3.08928452484243e-05,17763.98
".DJI",2015-04-06,5.12012372792478e-05,17883.29
".DJI",2015-04-07,2.93049876753668e-05,17871.28
".DJI",2015-04-08,6.60163490380702e-05,17901.41
".DJI",2015-04-09,4.3746147867391e-05,17957.89
".DJI",2015-04-10,1.13013495556765e-05,18058.15
".DJI",2015-04-13,1.59895368049106e-05,17978.71
".DJI",2015-04-14,4.52817969915004e-05,18038.64
".DJI",2015-04-15,2.90683671963584e-05,18108.335
".DJI",2015-04-16,1.80117976186777e-05,18107.73
".DJI",2015-04-17,0.00011159079217131,17826.24
".DJI",2015-04-20,8.15773680291657e-05,18034.87
".DJI",2015-04-21,3.34230921686884e-05,17953.72
".DJI",2015-04-22,3.07977370656371e-05,18036.43
".DJI",2015-04-23,4.31475629062446e-05,18061.26
".DJI",2015-04-24,1.11671225070353e-05,18081.51
".DJI",2015-04-27,4.26423530178886e-05,18039.97
".DJI",2015-04-28,6.63849809507815e-05,18108.9
".DJI",2015-04-29,5.32895559166644e-05,18034.07
".DJI",2015-04-30,5.84541972444179e-05,17842.18
".DJI",2015-05-01,5.21853629453059e-05,18019.79
".DJI",2015-05-04,1.80327512327826e-05,18070.73
".DJI",2015-05-05,3.20545498109505e-05,17928.07
".DJI",2015-05-06,0.00012907775964772,17845.89
".DJI",2015-05-07,3.79289354019638e-05,17925.5
".DJI",2015-05-08,0.00014218021257198,18188.64
".DJI",2015-05-11,1.55382287560252e-05,18105.6
".DJI",2015-05-12,8.91060698233563e-05,18067.8
".DJI",2015-05-13,3.29406429609907e-05,18060.09
".DJI",2015-05-14,5.03800650915292e-05,18246.87
".DJI",2015-05-15,1.08405882733117e-05,18271.99
".DJI",2015-05-18,5.61656551985082e-06,18295.88
".DJI",2015-05-19,1.03835652825986e-05,18313.93
".DJI",2015-05-20,1.80113732548819e-05,18286
".DJI",2015-05-21,7.66324510419519e-06,18289.54
".DJI",2015-05-22,1.2267175407364e-05,18235.35
".DJI",2015-05-26,3.15047182421954e-05,18045.41
".DJI",2015-05-27,1.97530854318494e-05,18162.89
".DJI",2015-05-28,2.71122321946873e-05,18127.02
".DJI",2015-05-29,3.35729526967151e-05,18013.38
".DJI",2015-06-01,4.96556483803399e-05,18039.97
".DJI",2015-06-02,4.09565182995178e-05,18011.11
".DJI",2015-06-03,2.68859802737692e-05,18079.01
".DJI",2015-06-04,6.77613446722782e-05,17913.18
".DJI",2015-06-05,3.46130893550239e-05,17850.06
".DJI",2015-06-08,1.54299723936435e-05,17768.01
".DJI",2015-06-09,2.47481541766197e-05,17761.31
".DJI",2015-06-10,4.87234610044378e-05,17994.53
".DJI",2015-06-11,2.57996931661645e-05,18045.74
".DJI",2015-06-12,3.39149883766677e-05,17898.64
".DJI",2015-06-15,0.00012559981499647,17793.91
".DJI",2015-06-16,3.93440251548822e-05,17903.98
".DJI",2015-06-17,4.9479409584632e-05,17934.44
".DJI",2015-06-18,5.51871076115282e-05,18113.91
".DJI",2015-06-19,1.5462935764268e-05,18011.94
".DJI",2015-06-22,5.207233950238e-05,18120.75
".DJI",2015-06-23,1.3181466863803e-05,18144.5
".DJI",2015-06-24,2.53770811921624e-05,17969.37
".DJI",2015-06-25,3.1459965997888e-05,17893.43
".DJI",2015-06-26,3.59564418310746e-05,17948.78
".DJI",2015-06-29,9.05739161163917e-05,17599.01
".DJI",2015-06-30,8.35609262589265e-05,17616.64
".DJI",2015-07-01,8.32055383995563e-05,17761.01
".DJI",2015-07-02,2.262789092173e-05,17725.27
".DJI",2015-07-06,0.00011608878844034,17686.59
".DJI",2015-07-07,8.78685691721749e-05,17777.18
".DJI",2015-07-08,0.00010102761095016,17519.49
".DJI",2015-07-09,0.00019920476886089,17548.29
".DJI",2015-07-10,0.00014039797210859,17759.24
".DJI",2015-07-13,6.60108397188874e-05,17976.81
".DJI",2015-07-14,6.56969322611012e-06,18052.51
".DJI",2015-07-15,1.29274242897795e-05,18053.94
".DJI",2015-07-16,1.54052303315594e-05,18119.58
".DJI",2015-07-17,1.31608155610336e-05,18086.01
".DJI",2015-07-20,9.26688653962653e-06,18097.74
".DJI",2015-07-21,4.95122073826184e-05,17920.02
".DJI",2015-07-22,2.10712835944912e-05,17849.57
".DJI",2015-07-23,1.42051608627627e-05,17733.39
".DJI",2015-07-24,1.74914530722197e-05,17571.74
".DJI",2015-07-27,7.76141478988022e-05,17443.73
".DJI",2015-07-28,2.65677064027131e-05,17629.23
".DJI",2015-07-29,1.84081174298366e-05,17750.34
".DJI",2015-07-30,2.2914790769557e-05,17746.45
".DJI",2015-07-31,1.73589145677282e-05,17694.44
".DJI",2015-08-03,3.49460510824497e-05,17598.66
".DJI",2015-08-04,2.49171903105061e-05,17550.39
".DJI",2015-08-05,2.79420818636021e-05,17539.44
".DJI",2015-08-06,3.04283363455979e-05,17422.32
".DJI",2015-08-07,3.44053433834779e-05,17374.75
".DJI",2015-08-10,9.40164818056178e-05,17614.13
".DJI",2015-08-11,8.11452104692647e-05,17405.51
".DJI",2015-08-12,0.00017583602665026,17403.28
".DJI",2015-08-13,4.63489214592068e-05,17410.22
".DJI",2015-08-14,1.69793177271086e-05,17479.17
".DJI",2015-08-17,6.88743496939126e-05,17545.58
".DJI",2015-08-18,1.8468853552525e-05,17512.85
".DJI",2015-08-19,0.00012940066581523,17351.63
".DJI",2015-08-20,0.00016211244342129,16994.43
".DJI",2015-08-21,0.00023497892122985,16464.96
".DJI",2015-08-24,0.00595801510353262,15874.09
".DJI",2015-08-25,0.00092582002865587,15664.47
".DJI",2015-08-26,0.00113591052540813,16287.58
".DJI",2015-08-27,0.00035684408741813,16655.23
".DJI",2015-08-28,9.18936675413231e-05,16639.53
".DJI",2015-08-31,0.00013596400271326,16526.19
".DJI",2015-09-01,0.00057261544925774,16064.16
".DJI",2015-09-02,0.00024136715970435,16349.88
".DJI",2015-09-03,9.63426586528687e-05,16373.16
".DJI",2015-09-04,0.0002557661621718,16100.67
".DJI",2015-09-08,0.00029197928088442,16488.81
".DJI",2015-09-09,0.00015626836954643,16256.24
".DJI",2015-09-10,7.71878004962893e-05,16326.93
".DJI",2015-09-11,6.58458313983523e-05,16426.24
".DJI",2015-09-14,3.6199715014337e-05,16370.22
".DJI",2015-09-15,3.33602945854467e-05,16601.18
".DJI",2015-09-16,3.22165579477394e-05,16736.23
".DJI",2015-09-17,0.00015629295546368,16676.28
".DJI",2015-09-18,0.00023295837201938,16384.08
".DJI",2015-09-21,7.72450719439594e-05,16512.06
".DJI",2015-09-22,0.00018215180644645,16327.6
".DJI",2015-09-23,5.40954102786646e-05,16281.23
".DJI",2015-09-24,0.00012971019998302,16205.53
".DJI",2015-09-25,0.00018510552797701,16313.37
".DJI",2015-09-28,0.0001133007105256,16005.8
".DJI",2015-09-29,0.00011827306053403,16045.99
".DJI",2015-09-30,0.00020490398806342,16274.01
".DJI",2015-10-01,0.00012269061386056,16271.47
".DJI",2015-10-02,0.00030097822962049,16471.3
".DJI",2015-10-05,6.08862502689076e-05,16774.9
".DJI",2015-10-06,4.16419468026663e-05,16789.66
".DJI",2015-10-07,0.0001025625777127,16910.58
".DJI",2015-10-08,4.24104425460352e-05,17051.55
".DJI",2015-10-09,2.89421082107465e-05,17085.63
".DJI",2015-10-12,1.21418575555301e-05,17131.43
".DJI",2015-10-13,4.37553974534421e-05,17085.33
".DJI",2015-10-14,4.73770336805533e-05,16923.11
".DJI",2015-10-15,2.81780394704348e-05,17143.42
".DJI",2015-10-16,3.18271083064791e-05,17216.37
".DJI",2015-10-19,2.59708898862887e-05,17234.75
".DJI",2015-10-20,3.33356724233963e-05,17224.06
".DJI",2015-10-21,4.98226692704258e-05,17170.28
".DJI",2015-10-22,7.40155609653779e-05,17489.19
".DJI",2015-10-23,4.93566889902709e-05,17650.51
".DJI",2015-10-26,1.10150131686343e-05,17620.28
".DJI",2015-10-27,4.35155363789558e-05,17584.1
".DJI",2015-10-28,7.81428919122413e-05,17779.95
".DJI",2015-10-29,2.69310349182044e-05,17756.97
".DJI",2015-10-30,2.78607857535478e-05,17664.27
".DJI",2015-11-02,2.10158854111604e-05,17828.79
".DJI",2015-11-03,1.98121124153379e-05,17920.09
".DJI",2015-11-04,3.3504431363675e-05,17871.25
".DJI",2015-11-05,3.23018422741773e-05,17865.7
".DJI",2015-11-06,4.08464641147989e-05,17911.27
".DJI",2015-11-09,6.10286706491692e-05,17733.42
".DJI",2015-11-10,3.02773246656763e-05,17761.15
".DJI",2015-11-11,1.99897309802205e-05,17701.45
".DJI",2015-11-12,0.00010792298510318,17447.74
".DJI",2015-11-13,3.9597474949919e-05,17246.14
".DJI",2015-11-16,4.91578576667031e-05,17480.91
".DJI",2015-11-17,5.63096473490244e-05,17488.33
".DJI",2015-11-18,5.15880618387687e-05,17735.73
".DJI",2015-11-19,2.45916600486806e-05,17733.89
".DJI",2015-11-20,5.24040562773559e-05,17824.85
".DJI",2015-11-23,2.32202913347428e-05,17794.89
".DJI",2015-11-24,5.48463826681827e-05,17814.66
".DJI",2015-11-25,9.80156581032052e-06,17814.16
".DJI",2015-11-27,5.8979793244815e-06,17798.49
".DJI",2015-11-30,1.85964655725987e-05,17729.58
".DJI",2015-12-01,5.42106453081382e-05,17886.15
".DJI",2015-12-02,2.54252800694349e-05,17731.75
".DJI",2015-12-03,6.99843245842749e-05,17480.84
".DJI",2015-12-04,8.04522465948715e-05,17843.06
".DJI",2015-12-07,7.06506492826669e-05,17732.95
".DJI",2015-12-08,0.00018511403964803,17571.94
".DJI",2015-12-09,0.0001139286737117,17494.24
".DJI",2015-12-10,7.2036842094559e-05,17576.48
".DJI",2015-12-11,0.00021720101508896,17263.81
".DJI",2015-12-14,0.00014543237526954,17373.91
".DJI",2015-12-15,0.00011468645540851,17526.94
".DJI",2015-12-16,0.00012832490854756,17747.28
".DJI",2015-12-17,8.08835310918957e-05,17498.21
".DJI",2015-12-18,0.00011872921400362,17124.78
".DJI",2015-12-21,8.42923866493097e-05,17252.02
".DJI",2015-12-22,4.57011024133462e-05,17419.95
".DJI",2015-12-23,6.14733497184626e-05,17601.04
".DJI",2015-12-24,8.83934504007079e-06,17552.17
".DJI",2015-12-28,3.37920792890868e-05,17528.71
".DJI",2015-12-29,6.77763444410345e-05,17718.86
".DJI",2015-12-30,2.07085791837469e-05,17602.98
".DJI",2015-12-31,6.26838263473952e-05,17421.16
".DJI",2016-01-04,0.00046915196885816,17150.45
".DJI",2016-01-05,5.6416933940814e-05,17160.07
".DJI",2016-01-06,0.0002605336335372,16910.99
".DJI",2016-01-07,0.00046186869343606,16515.03
".DJI",2016-01-08,0.00018985805719029,16342.69
".DJI",2016-01-11,0.00015814054168635,16397.06
".DJI",2016-01-12,0.00016693072834359,16517.39
".DJI",2016-01-13,0.00017529235400516,16150.49
".DJI",2016-01-14,0.00013932123352122,16373.85
".DJI",2016-01-15,0.0005782216337211,15985.82
".DJI",2016-01-19,0.00021368406228368,16013.76
".DJI",2016-01-20,0.00041863193068693,15769.86
".DJI",2016-01-21,0.00025247747255469,15879.19
".DJI",2016-01-22,0.00016096476746606,16093.41
".DJI",2016-01-25,5.93682179474838e-05,15890.08
".DJI",2016-01-26,0.00012593183637754,16168.53
".DJI",2016-01-27,0.00023622802812408,15945.89
".DJI",2016-01-28,0.00020841666069058,16067.18
".DJI",2016-01-29,6.73100517395058e-05,16450.48
".DJI",2016-02-01,0.00012901580345879,16444.11
".DJI",2016-02-02,0.00013425685473133,16154.73
".DJI",2016-02-03,0.00023591872794509,16336.52
".DJI",2016-02-04,0.00017472846181373,16415.55
".DJI",2016-02-05,0.00012542715472446,16203.49
".DJI",2016-02-08,0.00021827139622582,16029.79
".DJI",2016-02-09,0.00023425309276555,16018.62
".DJI",2016-02-10,0.00012009415184741,15913.95
".DJI",2016-02-11,0.00036065804722875,15654.98
".DJI",2016-02-12,7.22423143765374e-05,15970.75
".DJI",2016-02-16,8.87667851237834e-05,16191.06
".DJI",2016-02-17,5.95746395502445e-05,16450.68
".DJI",2016-02-18,3.52601986668812e-05,16411.92
".DJI",2016-02-19,6.44475906867417e-05,16387.95
".DJI",2016-02-22,8.5101402739761e-05,16616.76
".DJI",2016-02-23,5.021850624938e-05,16431.99
".DJI",2016-02-24,0.00020707076637852,16484.17
".DJI",2016-02-25,6.48352991649739e-05,16697.46
".DJI",2016-02-26,6.29526117344705e-05,16637.92
".DJI",2016-02-29,4.79148876978939e-05,16510.74
".DJI",2016-03-01,5.62463147833869e-05,16860.11
".DJI",2016-03-02,4.33062077099398e-05,16895.89
".DJI",2016-03-03,3.06263264225723e-05,16943.11
".DJI",2016-03-04,3.31352637681571e-05,17005.5
".DJI",2016-03-07,3.98190285159031e-05,17070.9
".DJI",2016-03-08,5.8803794051931e-05,16963.55
".DJI",2016-03-09,5.56050179193003e-05,16997.45
".DJI",2016-03-10,0.00010929794427101,16995.26
".DJI",2016-03-11,7.81324845924757e-05,17209.89
".DJI",2016-03-14,1.96534848269378e-05,17228.48
".DJI",2016-03-15,3.9396561447269e-05,17250.7
".DJI",2016-03-16,5.69257034386892e-05,17329.91
".DJI",2016-03-17,2.46342086732797e-05,17481.18
".DJI",2016-03-18,3.06600522508871e-05,17594.42
".DJI",2016-03-21,1.73779251617629e-05,17622.64
".DJI",2016-03-22,2.06861693405436e-05,17586.24
".DJI",2016-03-23,2.32871068854273e-05,17503.75
".DJI",2016-03-24,3.47568697908838e-05,17516.83
".DJI",2016-03-28,1.75394733249154e-05,17535.63
".DJI",2016-03-29,3.63820552971875e-05,17635.79
".DJI",2016-03-30,4.15822526331772e-05,17718.38
".DJI",2016-03-31,1.48714568014551e-05,17686.98
".DJI",2016-04-01,5.06486800715521e-05,17794.87
".DJI",2016-04-04,1.95560878732032e-05,17736.59
".DJI",2016-04-05,5.60921252311592e-05,17604.63
".DJI",2016-04-06,3.36457192688652e-05,17716.77
".DJI",2016-04-07,6.60190155246442e-05,17544.98
".DJI",2016-04-08,4.65685177105758e-05,17578.12
".DJI",2016-04-11,4.75375175356406e-05,17557.71
".DJI",2016-04-12,3.95900831089696e-05,17721.46
".DJI",2016-04-13,4.61072658465234e-05,17908.14
".DJI",2016-04-14,1.63078901048242e-05,17923.62
".DJI",2016-04-15,6.19550027452501e-06,17894.52
".DJI",2016-04-18,1.87140526064501e-05,18003.06
".DJI",2016-04-19,2.1792221046455e-05,18055.31
".DJI",2016-04-20,1.5596268290474e-05,18099.31
".DJI",2016-04-21,2.5756246154863e-05,17986.04
".DJI",2016-04-22,2.49063825333749e-05,18005.08
".DJI",2016-04-25,2.83026087723168e-05,17979.57
".DJI",2016-04-26,2.01200936220708e-05,17987.38
".DJI",2016-04-27,3.13527261828553e-05,18046.07
".DJI",2016-04-28,5.63045264152761e-05,17838.08
".DJI",2016-04-29,5.32600353129508e-05,17777.58
".DJI",2016-05-02,2.60513187681364e-05,17890.92
".DJI",2016-05-03,6.30146241702927e-05,17752.31
".DJI",2016-05-04,4.19310081287249e-05,17652.12
".DJI",2016-05-05,2.95406205920705e-05,17660.82
".DJI",2016-05-06,4.43213007736937e-05,17740.12
".DJI",2016-05-09,2.23639861976449e-05,17705.6
".DJI",2016-05-10,3.60642646819647e-05,17929.1
".DJI",2016-05-11,3.33452180165867e-05,17713.34
".DJI",2016-05-12,5.04479961763566e-05,17724.95
".DJI",2016-05-13,3.49753418249634e-05,17534.88
".DJI",2016-05-16,2.23831014818531e-05,17710.74
".DJI",2016-05-17,4.00583482363626e-05,17527.72
".DJI",2016-05-18,9.93265484504388e-05,17524.74
".DJI",2016-05-19,6.97819068467056e-05,17434.07
".DJI",2016-05-20,2.51177160921172e-05,17498.61
".DJI",2016-05-23,1.18016486868872e-05,17497.69
".DJI",2016-05-24,3.92224032636229e-05,17704.44
".DJI",2016-05-25,2.10129710385034e-05,17847.67
".DJI",2016-05-26,1.19328787314236e-05,17826.92
".DJI",2016-05-27,8.64288768664968e-06,17870.41
".DJI",2016-05-31,1.84187816453116e-05,17781.93
".DJI",2016-06-01,3.54084305503298e-05,17788.02
".DJI",2016-06-02,2.51649796645386e-05,17835.21
".DJI",2016-06-03,3.12584785028279e-05,17806.93
".DJI",2016-06-06,1.62624516315397e-05,17919.24
".DJI",2016-06-07,1.30205697146341e-05,17942.25
".DJI",2016-06-08,1.7103464923079e-05,18005.25
".DJI",2016-06-09,1.33262771268446e-05,17986.62
".DJI",2016-06-10,3.41449061272605e-05,17867.33
".DJI",2016-06-13,2.71328155432391e-05,17733.58
".DJI",2016-06-14,3.73160805915191e-05,17676.53
".DJI",2016-06-15,2.52600079038328e-05,17645.92
".DJI",2016-06-16,5.89545416601998e-05,17734.68
".DJI",2016-06-17,2.7546743052225e-05,17674.14
".DJI",2016-06-20,0.00010603026038842,17806.82
".DJI",2016-06-21,2.21803615392437e-05,17827.57
".DJI",2016-06-22,2.54412518537073e-05,17780.73
".DJI",2016-06-23,4.01958751018627e-05,18008.27
".DJI",2016-06-24,0.00076518116476366,17401.74
".DJI",2016-06-27,0.00012781344703041,17140.99
".DJI",2016-06-28,7.20210632338016e-05,17407.98
".DJI",2016-06-29,5.70008181203978e-05,17691.39
".DJI",2016-06-30,3.31213493226692e-05,17930.61
".DJI",2016-07-01,1.39108782771815e-05,17946.22
".DJI",2016-07-05,2.64193427752096e-05,17838.02
".DJI",2016-07-06,4.44149050413815e-05,17919
".DJI",2016-07-07,2.41790544474018e-05,17892.89
".DJI",2016-07-08,1.56543608287455e-05,18140.71
".DJI",2016-07-11,2.26188664132417e-05,18223.38
".DJI",2016-07-12,2.13820959439165e-05,18347.26
".DJI",2016-07-13,1.14666043084062e-05,18370.34
".DJI",2016-07-14,3.6753709967077e-05,18504.15
".DJI",2016-07-15,1.28989552307261e-05,18513.64
".DJI",2016-07-18,6.07258614280042e-06,18532.44
".DJI",2016-07-19,9.74784503413819e-06,18560.49
".DJI",2016-07-20,6.11028647120442e-06,18594.79
".DJI",2016-07-21,1.31446933621807e-05,18515.14
".DJI",2016-07-22,7.0936503022578e-06,18567.88
".DJI",2016-07-25,1.07619140961584e-05,18493.06
".DJI",2016-07-26,2.25689574375386e-05,18473.99
".DJI",2016-07-27,3.02918974254333e-05,18475.39
".DJI",2016-07-28,2.41049873222792e-05,18455.29
".DJI",2016-07-29,1.64426076423464e-05,18428.34
".DJI",2016-08-01,2.36707866958813e-05,18404.03
".DJI",2016-08-02,2.02846683027809e-05,18314.15
".DJI",2016-08-03,9.75774342948019e-06,18349.65
".DJI",2016-08-04,1.06686359609968e-05,18353.01
".DJI",2016-08-05,1.30117347598078e-05,18539.32
".DJI",2016-08-08,6.70329524294053e-06,18529.22
".DJI",2016-08-09,7.59580966930584e-06,18532.54
".DJI",2016-08-10,1.18639413961021e-05,18497.1
".DJI",2016-08-11,1.36146258777861e-05,18612.32
".DJI",2016-08-12,6.2291896827964e-06,18574.04
".DJI",2016-08-15,7.83992821774544e-06,18636.32
".DJI",2016-08-16,1.56608161236307e-05,18553.25
".DJI",2016-08-17,1.50866490556971e-05,18570.51
".DJI",2016-08-18,7.31470957978793e-06,18595.3
".DJI",2016-08-19,2.19434217874148e-05,18550.52
".DJI",2016-08-22,3.89134385434082e-05,18530.72
".DJI",2016-08-23,1.20456536557604e-05,18547.19
".DJI",2016-08-24,1.05914872743102e-05,18484.43
".DJI",2016-08-25,1.31935302849853e-05,18452.17
".DJI",2016-08-26,4.0658066889641e-05,18398.65
".DJI",2016-08-29,8.48299419902076e-06,18504.63
".DJI",2016-08-30,1.14128768664488e-05,18454.98
".DJI",2016-08-31,1.31507565366138e-05,18399.24
".DJI",2016-09-01,2.41023466022006e-05,18417.73
".DJI",2016-09-02,1.98090755555504e-05,18491.62
".DJI",2016-09-06,1.8232402627875e-05,18539.56
".DJI",2016-09-07,7.89257015208528e-06,18525.86
".DJI",2016-09-08,8.65317003771236e-06,18477.89
".DJI",2016-09-09,4.30936244152814e-05,18088.15
".DJI",2016-09-12,4.86101575403743e-05,18323.84
".DJI",2016-09-13,8.83402535232111e-05,18066.75
".DJI",2016-09-14,4.05175937670352e-05,18034.08
".DJI",2016-09-15,3.4554312422195e-05,18212.89
".DJI",2016-09-16,4.99503767524825e-05,18122.02
".DJI",2016-09-19,3.07137767371525e-05,18120.2
".DJI",2016-09-20,2.53322130752095e-05,18128.86
".DJI",2016-09-21,3.77867889208589e-05,18293.87
".DJI",2016-09-22,3.08427966164896e-05,18389.79
".DJI",2016-09-23,1.19769954365212e-05,18264.39
".DJI",2016-09-26,2.85511432105572e-05,18099.66
".DJI",2016-09-27,3.35172623970938e-05,18227.62
".DJI",2016-09-28,2.6461150808154e-05,18336.37
".DJI",2016-09-29,5.01695310022963e-05,18144.68
".DJI",2016-09-30,4.45549631815212e-05,18306.44
".DJI",2016-10-03,2.3314337466118e-05,18252.34
".DJI",2016-10-04,6.18248817360868e-05,18168.72
".DJI",2016-10-05,1.69180466044462e-05,18278.88
".DJI",2016-10-06,3.47286070753543e-05,18269.87
".DJI",2016-10-07,3.33252443503882e-05,18239.36
".DJI",2016-10-10,2.34525314038043e-05,18329.01
".DJI",2016-10-11,3.53265120944352e-05,18132.87
".DJI",2016-10-12,2.00405143283465e-05,18147.18
".DJI",2016-10-13,3.83519524703883e-05,18102.05
".DJI",2016-10-14,3.1711480288695e-05,18140.46
".DJI",2016-10-17,1.77039177373288e-05,18084.97
".DJI",2016-10-18,3.02976659789248e-05,18160.57
".DJI",2016-10-19,9.24285049354864e-06,18204.47
".DJI",2016-10-20,3.27633357103027e-05,18161.94
".DJI",2016-10-21,3.3123036304005e-05,18145.88
".DJI",2016-10-24,2.40075818414267e-05,18220.26
".DJI",2016-10-25,1.05204890008063e-05,18171.77
".DJI",2016-10-26,2.78195144590522e-05,18200.63
".DJI",2016-10-27,2.29439432581825e-05,18173.38
".DJI",2016-10-28,4.93197091343854e-05,18162.28
".DJI",2016-10-31,1.47478373595968e-05,18143.38
".DJI",2016-11-01,3.11792580255572e-05,18037.85
".DJI",2016-11-02,4.5607188063396e-05,17962.52
".DJI",2016-11-03,1.64333422473279e-05,17932.8
".DJI",2016-11-04,1.67843409381354e-05,17890.54
".DJI",2016-11-07,7.09019964339361e-05,18257.85
".DJI",2016-11-08,2.7574428311158e-05,18333.9
".DJI",2016-11-09,9.38336777151516e-05,18587.05
".DJI",2016-11-10,9.68451331156838e-05,18808.9
".DJI",2016-11-11,1.89384630373232e-05,18844.31
".DJI",2016-11-14,2.79515214969514e-05,18869.51
".DJI",2016-11-15,1.05217205182235e-05,18923.54
".DJI",2016-11-16,1.56816597323948e-05,18868.93
".DJI",2016-11-17,7.2785199914463e-06,18901.97
".DJI",2016-11-18,7.97133633454181e-06,18868.76
".DJI",2016-11-21,6.17585855307152e-06,18955.7
".DJI",2016-11-22,8.92835190535097e-06,19024.25
".DJI",2016-11-23,9.61425091015602e-06,19082.36
".DJI",2016-11-25,5.27293525913255e-06,19152.14
".DJI",2016-11-28,1.03476845095575e-05,19100.81
".DJI",2016-11-29,9.07269988433835e-06,19124.27
".DJI",2016-11-30,2.59288698487272e-05,19132.42
".DJI",2016-12-01,1.43443067428941e-05,19191.65
".DJI",2016-12-02,8.84088866454518e-06,19171.79
".DJI",2016-12-05,5.2279194865868e-06,19217.03
".DJI",2016-12-06,5.73245099660647e-06,19251.75
".DJI",2016-12-07,3.52582309143853e-05,19540.68
".DJI",2016-12-08,1.58667325518821e-05,19612.7
".DJI",2016-12-09,8.70089237526233e-06,19757.74
".DJI",2016-12-12,1.26756825157122e-05,19795.92
".DJI",2016-12-13,1.23086673823278e-05,19908.26
".DJI",2016-12-14,6.31503161217226e-05,19794.03
".DJI",2016-12-15,2.72333828442648e-05,19851.64
".DJI",2016-12-16,1.85865829034239e-05,19844.85
".DJI",2016-12-19,8.66149013608695e-06,19885.05
".DJI",2016-12-20,1.05922381881548e-05,19972.24
".DJI",2016-12-21,3.79799422710063e-06,19944.17
".DJI",2016-12-22,4.4649633207585e-06,19919.29
".DJI",2016-12-23,2.24220235459533e-06,19931.31
".DJI",2016-12-27,3.17032094420939e-06,19947.63
".DJI",2016-12-28,9.64974789814215e-06,19835.12
".DJI",2016-12-29,1.09985927655285e-05,19822.11
".DJI",2016-12-30,1.43854556928357e-05,19771.23
".DJI",2017-01-03,2.90454318278093e-05,19878.47
".DJI",2017-01-04,1.08268606204325e-05,19940.88
".DJI",2017-01-05,1.40186293147328e-05,19897.44
".DJI",2017-01-06,1.61752854887013e-05,19967.34
".DJI",2017-01-09,6.9133087795029e-06,19892.03
".DJI",2017-01-10,1.38513917108132e-05,19856.08
".DJI",2017-01-11,3.45376726269185e-05,19951
".DJI",2017-01-12,2.53657349714667e-05,19888.61
".DJI",2017-01-13,1.03497232189493e-05,19884.67
".DJI",2017-01-17,9.15644353701982e-06,19828.51
".DJI",2017-01-18,1.86267955316536e-05,19805.84
".DJI",2017-01-19,1.57143026648921e-05,19732.43
".DJI",2017-01-20,1.73359956949595e-05,19823.89
".DJI",2017-01-23,1.55491861864645e-05,19801.84
".DJI",2017-01-24,1.13370409006271e-05,19912.37
".DJI",2017-01-25,9.84406854328756e-06,20067.47
".DJI",2017-01-26,1.22019518450706e-05,20100.84
".DJI",2017-01-27,6.28969518725082e-06,20091.6
".DJI",2017-01-30,2.01210881123013e-05,19965.41
".DJI",2017-01-31,1.91961565580753e-05,19864.97
".DJI",2017-02-01,2.34982827340576e-05,19888.43
".DJI",2017-02-02,1.41272837827174e-05,19884.46
".DJI",2017-02-03,8.39809973648582e-06,20067.79
".DJI",2017-02-06,7.73726137508102e-06,20052.42
".DJI",2017-02-07,9.66371014948992e-06,20087.01
".DJI",2017-02-08,1.16823384895094e-05,20052.45
".DJI",2017-02-09,7.96077565568851e-06,20169.42
".DJI",2017-02-10,5.53762098935458e-06,20270.74
".DJI",2017-02-13,5.50361630903288e-06,20410.35
".DJI",2017-02-14,1.31397116244409e-05,20500.98
".DJI",2017-02-15,1.00050146786018e-05,20610.8
".DJI",2017-02-16,1.85964333529625e-05,20619.49
".DJI",2017-02-17,7.52013889811934e-06,20620.49
".DJI",2017-02-21,1.05109503435776e-05,20736.26
".DJI",2017-02-22,7.07993095856076e-06,20772.25
".DJI",2017-02-23,1.14301025162184e-05,20810.01
".DJI",2017-02-24,1.30305281806744e-05,20817.38
".DJI",2017-02-27,8.59897901907208e-06,20838.06
".DJI",2017-02-28,6.930277534712e-06,20812.96
".DJI",2017-03-01,2.1324079135919e-05,21114.01
".DJI",2017-03-02,1.33344104388528e-05,20999.1
".DJI",2017-03-03,1.08296960197408e-05,21000.09
".DJI",2017-03-06,8.79909396177115e-06,20956.53
".DJI",2017-03-07,7.72452036703129e-06,20922.63
".DJI",2017-03-08,8.78661650115005e-06,20855.53
".DJI",2017-03-09,9.3917465677322e-06,20859.57
".DJI",2017-03-10,1.44421867322113e-05,20906.78
".DJI",2017-03-13,6.08004261317735e-06,20882.61
".DJI",2017-03-14,1.66004196297772e-05,20837.48
".DJI",2017-03-15,1.35260692259005e-05,20944.89
".DJI",2017-03-16,1.35299414934009e-05,20931.54
".DJI",2017-03-17,5.41785539253281e-06,20913.05
".DJI",2017-03-20,8.86143047156831e-06,20907.22
".DJI",2017-03-21,3.56276878513974e-05,20667.5
".DJI",2017-03-22,2.19945215136681e-05,20662.98
".DJI",2017-03-23,2.20104263300414e-05,20658.67
".DJI",2017-03-24,3.05659435779993e-05,20602
".DJI",2017-03-27,2.3269268846876e-05,20550.59
".DJI",2017-03-28,1.80314058548323e-05,20702.22
".DJI",2017-03-29,9.16275812989436e-06,20661.17
".DJI",2017-03-30,1.13280330586898e-05,20726.17
".DJI",2017-03-31,1.16251221809583e-05,20661.92
".DJI",2017-04-03,2.37414683013513e-05,20652.79
".DJI",2017-04-04,1.09409609645511e-05,20687.57
".DJI",2017-04-05,3.83631193763647e-05,20646.99
".DJI",2017-04-06,2.1868402090331e-05,20665.28
".DJI",2017-04-07,1.70701889817829e-05,20657.09
".DJI",2017-04-10,2.48698792924135e-05,20656.85
".DJI",2017-04-11,2.67868074570108e-05,20653.19
".DJI",2017-04-12,1.78143944841689e-05,20588.87
".DJI",2017-04-13,2.18890550471063e-05,20456.03
".DJI",2017-04-17,1.38576157405521e-05,20641.79
".DJI",2017-04-18,2.33151423798147e-05,20520.54
".DJI",2017-04-19,1.5390096331684e-05,20402.54
".DJI",2017-04-20,1.79715382972287e-05,20580.6
".DJI",2017-04-21,1.51945607485929e-05,20550.94
".DJI",2017-04-24,8.32126091549618e-06,20765.98
".DJI",2017-04-25,8.50756574542092e-06,20996.56
".DJI",2017-04-26,1.96130680245671e-05,20978.25
".DJI",2017-04-27,1.00975342840647e-05,20983.21
".DJI",2017-04-28,7.47684339107481e-06,20938.35
".DJI",2017-05-01,1.01834757218798e-05,20921.3
".DJI",2017-05-02,7.13276038495406e-06,20946.47
".DJI",2017-05-03,8.70804781939178e-06,20955.01
".DJI",2017-05-04,1.60548480194586e-05,20949.12
".DJI",2017-05-05,6.53788798063122e-06,21005.09
".DJI",2017-05-08,7.89415909877544e-06,21007.62
".DJI",2017-05-09,7.7960306352528e-06,20975.64
".DJI",2017-05-10,1.41085368667166e-05,20940.73
".DJI",2017-05-11,1.52427125235713e-05,20919.21
".DJI",2017-05-12,5.02139734587524e-06,20892.37
".DJI",2017-05-15,6.32169169070541e-06,20982.8
".DJI",2017-05-16,1.29505322970811e-05,20978.07
".DJI",2017-05-17,3.18182033730659e-05,20610.07
".DJI",2017-05-18,3.88189062767191e-05,20662.26
".DJI",2017-05-19,1.2664705936631e-05,20802.79
".DJI",2017-05-22,8.2155584191511e-06,20895.04
".DJI",2017-05-23,5.73812799719089e-06,20938.66
".DJI",2017-05-24,6.05519717801808e-06,21011.22
".DJI",2017-05-25,7.68718689044518e-06,21080.97
".DJI",2017-05-26,3.94842410976378e-06,21076.76
".DJI",2017-05-30,4.76922533685877e-06,21027.86
".DJI",2017-05-31,1.39052073442117e-05,21008.29
".DJI",2017-06-01,7.6460698991381e-06,21141.44
".DJI",2017-06-02,9.43098921942776e-06,21195.71
".DJI",2017-06-05,3.87769917101579e-06,21186.36
".DJI",2017-06-06,6.7136564075045e-06,21139.04
".DJI",2017-06-07,8.07725298355056e-06,21173.17
".DJI",2017-06-08,1.37641454336692e-05,21184.2
".DJI",2017-06-09,1.81524944680166e-05,21263.96
".DJI",2017-06-12,1.35756830238165e-05,21237.21
".DJI",2017-06-13,7.30131427462007e-06,21328.57
".DJI",2017-06-14,1.38819294818214e-05,21376.22
".DJI",2017-06-15,1.58807678859224e-05,21357.5
".DJI",2017-06-16,7.66414040545571e-06,21382.43
".DJI",2017-06-19,4.38022816120884e-06,21524.12
".DJI",2017-06-20,5.34212598568638e-06,21467.66
".DJI",2017-06-21,1.19362288915172e-05,21415.09
".DJI",2017-06-22,5.79485667087399e-06,21398.04
".DJI",2017-06-23,8.87576564313939e-06,21394.14
".DJI",2017-06-26,1.48216750807334e-05,21410.99
".DJI",2017-06-27,1.72764780336808e-05,21316.52
".DJI",2017-06-28,1.65285536865702e-05,21452.32
".DJI",2017-06-29,3.33719730578784e-05,21286.69
".DJI",2017-06-30,1.90636568235586e-05,21351.51
".DJI",2017-07-03,1.59618144905153e-05,21479.27
".DJI",2017-07-05,9.80902645270043e-06,21479.75
".DJI",2017-07-06,1.59932334204105e-05,21323.12
".DJI",2017-07-07,7.03291874212717e-06,21413.04
".DJI",2017-07-10,5.28530754490543e-06,21413.52
".DJI",2017-07-11,2.36971359253192e-05,21413.18
".DJI",2017-07-12,1.39040349755903e-05,21536
".DJI",2017-07-13,4.29533718504591e-06,21557.89
".DJI",2017-07-14,7.65163881494725e-06,21639.89
".DJI",2017-07-17,2.87746094870892e-06,21631.5
".DJI",2017-07-18,1.6312626694943e-05,21577.58
".DJI",2017-07-19,4.52687845827508e-06,21636.5
".DJI",2017-07-20,9.44223580175247e-06,21620.38
".DJI",2017-07-21,9.55909923478342e-06,21578.56
".DJI",2017-07-24,4.85622837091117e-06,21534.47
".DJI",2017-07-25,6.13913380276351e-06,21615.14
".DJI",2017-07-26,8.88211238545261e-06,21710.09
".DJI",2017-07-27,2.12608925157552e-05,21797.95
".DJI",2017-07-28,5.41614726841563e-06,21833.12
".DJI",2017-07-31,5.90193576856088e-06,21895.33
".DJI",2017-08-01,7.789878795562e-06,21962.42
".DJI",2017-08-02,9.4994631598395e-06,22014.51
".DJI",2017-08-03,4.73333569680414e-06,22024.12
".DJI",2017-08-04,7.07452498287562e-06,22083.84
".DJI",2017-08-07,1.92064834624783e-06,22117.02
".DJI",2017-08-08,7.68243206698713e-06,22086.92
".DJI",2017-08-09,1.18198829225773e-05,22047.13
".DJI",2017-08-10,2.01020524636121e-05,21849.11
".DJI",2017-08-11,1.19730549001785e-05,21861.03
".DJI",2017-08-14,7.71994221996941e-06,21988.17
".DJI",2017-08-15,5.85428910059308e-06,22002.58
".DJI",2017-08-16,7.29379603914358e-06,22027.17
".DJI",2017-08-17,1.90056067141012e-05,21752.24
".DJI",2017-08-18,2.09391557454219e-05,21675.27
".DJI",2017-08-21,1.03532140568326e-05,21702.35
".DJI",2017-08-22,1.05237220166251e-05,21899.63
".DJI",2017-08-23,1.00205326920968e-05,21812.54
".DJI",2017-08-24,1.39273959379735e-05,21782.95
".DJI",2017-08-25,1.08402399868754e-05,21818.22
".DJI",2017-08-28,8.45692951046354e-06,21805.19
".DJI",2017-08-29,8.24609400400995e-06,21866.3
".DJI",2017-08-30,7.40432549943158e-06,21889.61
".DJI",2017-08-31,1.03664370690148e-05,21951.14
".DJI",2017-09-01,4.38314709757592e-06,21985.46
".DJI",2017-09-05,3.32194827930573e-05,21754.07
".DJI",2017-09-06,6.06128929759754e-06,21813.56
".DJI",2017-09-07,1.37860176307987e-05,21786.44
".DJI",2017-09-08,9.27309026169221e-06,21800.41
".DJI",2017-09-11,1.1363064037765e-05,22055.41
".DJI",2017-09-12,5.41580013610282e-06,22117.97
".DJI",2017-09-13,4.15440616628532e-06,22156.25
".DJI",2017-09-14,4.88262570861289e-06,22211.47
".DJI",2017-09-15,3.27421463238986e-06,22267.59
".DJI",2017-09-18,3.7119815166883e-06,22335.14
".DJI",2017-09-19,3.50399065860136e-06,22373.46
".DJI",2017-09-20,7.24811488091365e-06,22409.6
".DJI",2017-09-21,4.07286428179929e-06,22362.74
".DJI",2017-09-22,5.1781294475748e-06,22344.05
".DJI",2017-09-25,1.56306736410304e-05,22296.38
".DJI",2017-09-26,7.75842758076691e-06,22289.72
".DJI",2017-09-27,1.02444825531506e-05,22341.19
".DJI",2017-09-28,4.96035144872947e-06,22378.55
".DJI",2017-09-29,4.31767604004221e-06,22399.1
".DJI",2017-10-02,5.17507668246397e-06,22557.94
".DJI",2017-10-03,4.18847387761475e-06,22642.85
".DJI",2017-10-04,3.05446422268894e-06,22659.92
".DJI",2017-10-05,4.48381447411055e-06,22776.01
".DJI",2017-10-06,5.28591015304489e-06,22768.36
".DJI",2017-10-09,3.35938554273046e-06,22759.18
".DJI",2017-10-10,9.77063573536e-06,22831.92
".DJI",2017-10-11,2.51131302150342e-06,22870.58
".DJI",2017-10-12,3.25053795602041e-06,22838.94
".DJI",2017-10-13,3.52925070854697e-06,22880.6
".DJI",2017-10-16,6.20230068753784e-06,22953.27
".DJI",2017-10-17,4.14044565166817e-06,22997.13
".DJI",2017-10-18,3.86578835845382e-06,23156.43
".DJI",2017-10-19,5.10007094995987e-06,23167.24
".DJI",2017-10-20,5.95857161260897e-06,23325.91
".DJI",2017-10-23,4.56687392441387e-06,23280.89
".DJI",2017-10-24,2.1494599117459e-05,23442.86
".DJI",2017-10-25,1.78065334354102e-05,23329.53
".DJI",2017-10-26,1.61653633025493e-05,23399.86
".DJI",2017-10-27,1.12591918981513e-05,23432.68
".DJI",2017-10-30,1.6012817247575e-05,23348.33
".DJI",2017-10-31,5.00464950514972e-06,23376.56
".DJI",2017-11-01,1.12008561160937e-05,23436.14
".DJI",2017-11-02,1.27531224432494e-05,23514.81
".DJI",2017-11-03,5.89892320263539e-06,23538.24
".DJI",2017-11-06,4.6144222457918e-06,23548.97
".DJI",2017-11-07,7.56575963579431e-06,23550.45
".DJI",2017-11-08,4.66608263803754e-06,23562.76
".DJI",2017-11-09,2.87988821260402e-05,23463.52
".DJI",2017-11-10,7.45118550948344e-06,23424.51
".DJI",2017-11-13,5.55714331206006e-06,23443.17
".DJI",2017-11-14,1.7346117421161e-05,23408.23
".DJI",2017-11-15,1.76256959514602e-05,23274.17
".DJI",2017-11-16,8.8724655956367e-06,23457.32
".DJI",2017-11-17,8.95585029989182e-06,23357.93
".DJI",2017-11-20,4.5526345726164e-06,23431.89
".DJI",2017-11-21,5.78132166942879e-06,23591.11
".DJI",2017-11-22,4.43683014854623e-06,23527.83
".DJI",2017-11-24,2.24108488455258e-06,23557.99
".DJI",2017-11-27,7.26831116660322e-06,23581.61
".DJI",2017-11-28,1.46893775601536e-05,23839.95
".DJI",2017-11-29,1.17943152091982e-05,23940.31
".DJI",2017-11-30,3.09272710434738e-05,24261.06
".DJI",2017-12-01,9.69484273629327e-05,24228.87
".DJI",2017-12-04,2.09384157728801e-05,24288.26
".DJI",2017-12-05,2.31760753646958e-05,24177.47
".DJI",2017-12-06,1.754664565994e-05,24144.35
".DJI",2017-12-07,1.29789113717118e-05,24212.52
".DJI",2017-12-08,9.17602805054134e-06,24329.09
".DJI",2017-12-11,9.34297561528328e-06,24385.5
".DJI",2017-12-12,1.12104744830174e-05,24508.04
".DJI",2017-12-13,1.46613389040491e-05,24591.91
".DJI",2017-12-14,1.34164248560184e-05,24516.96
".DJI",2017-12-15,1.35604622627627e-05,24646.16
".DJI",2017-12-18,2.09458585678442e-05,24797.5
".DJI",2017-12-19,1.47075437915911e-05,24756.54
".DJI",2017-12-20,1.59812260200083e-05,24728.58
".DJI",2017-12-21,7.40138519988162e-06,24784.22
".DJI",2017-12-22,3.82274375070272e-06,24758.5
".DJI",2017-12-26,5.74306032716761e-06,24745.21
".DJI",2017-12-27,3.1020603713093e-06,24770.65
".DJI",2017-12-28,2.37816270367574e-06,24834.3
".DJI",2017-12-29,6.12578960434769e-06,24749.99
".DJI",2018-01-02,1.36201850027557e-05,24823.88
".DJI",2018-01-03,8.14929979421212e-06,24920.89
".DJI",2018-01-04,1.11996979544513e-05,25073.35
".DJI",2018-01-05,1.2320276343901e-05,25285.06
".DJI",2018-01-08,8.15075248186552e-06,25278.42
".DJI",2018-01-09,1.00764685301778e-05,25389.41
".DJI",2018-01-10,9.95027843187308e-06,25370.48
".DJI",2018-01-11,8.09491568976282e-06,25573.63
".DJI",2018-01-12,1.37195639912636e-05,25801.33
".DJI",2018-01-16,4.12847560146327e-05,25796.86
".DJI",2018-01-17,1.85351602777656e-05,26115.96
".DJI",2018-01-18,2.46428750787254e-05,26022.08
".DJI",2018-01-19,1.64067980807141e-05,26071.39
".DJI",2018-01-22,1.48180116081416e-05,26214.73
".DJI",2018-01-23,1.43019918124644e-05,26211.77
".DJI",2018-01-24,3.43805674941335e-05,26264.17
".DJI",2018-01-25,3.64473648689235e-05,26392.1
".DJI",2018-01-26,1.01583825246969e-05,26610.44
".DJI",2018-02-01,4.46973829726466e-05,26185.64
".DJI",2018-02-02,9.43091235529281e-05,25507.19
".DJI",2018-02-05,0.0010169293210291,24346.09
".DJI",2018-02-06,0.0006933112625888,24916.17
".DJI",2018-02-07,0.00023395450495336,24890.25
".DJI",2018-02-08,0.00039855163494078,23858.56
".DJI",2018-02-09,0.00073185499148575,24196.27
".DJI",2018-02-13,8.41104779149026e-05,24640.93
".DJI",2018-02-14,0.00010176931047002,24897.9
".DJI",2018-02-15,8.33828038270165e-05,25203.33
".DJI",2018-02-16,8.19857416083309e-05,25217.1
".DJI",2018-02-20,6.11880955867185e-05,24957.56
".DJI",2018-02-21,9.55248438766478e-05,24795.37
".DJI",2018-02-22,0.000120165087568,24962.26
".DJI",2018-02-23,6.20769657847553e-05,25313.22
".DJI",2018-02-26,4.93242054816854e-05,25707.62
".DJI",2018-02-27,8.76897676660254e-05,25408.03
".DJI",2018-02-28,9.97062386941534e-05,25023.97
".DJI",2018-03-01,0.0002841384195124,24594.9
".DJI",2018-03-02,0.00014615953598478,24534.52
".DJI",2018-03-05,7.54393995717444e-05,24881.61
".DJI",2018-03-06,6.36644318953077e-05,24886.57
".DJI",2018-03-07,7.86268302049887e-05,24804.98
".DJI",2018-03-08,7.32279215268381e-05,24893.63
".DJI",2018-03-09,2.32954800453152e-05,25332.92
".DJI",2018-03-12,4.42496857858304e-05,25180.47
".DJI",2018-03-13,7.84075763322852e-05,25005.79
".DJI",2018-03-14,0.00010657774309172,24762.35
".DJI",2018-03-15,6.33482551697137e-05,24874.21
".DJI",2018-03-16,3.38753910129511e-05,24929.22
".DJI",2018-03-19,7.40516563100475e-05,24612.22
".DJI",2018-03-20,4.50416963444243e-05,24732.09
".DJI",2018-03-21,8.33641735438653e-05,24681.04
".DJI",2018-03-22,0.00018432049197639,23959.55
".DJI",2018-03-23,0.00018620554830539,23531.65
".DJI",2018-03-26,0.00013945302969223,24205.46
".DJI",2018-03-27,0.00017808396574328,23858.57
".DJI",2018-03-28,0.00027058992315313,23847.49
".DJI",2018-03-29,9.26796281925077e-05,24156.41
".DJI",2018-04-02,0.00017270505104899,23638.34
".DJI",2018-04-03,0.00017385674014185,24030.7
".DJI",2018-04-04,0.0001509748396354,24265.88
".DJI",2018-04-05,0.00011247646802397,24503.4
".DJI",2018-04-06,0.00015483520742578,23928.42
".DJI",2018-04-09,9.55460408956264e-05,23982.89
".DJI",2018-04-10,0.00015124782347237,24405.34
".DJI",2018-04-11,9.14634386711764e-05,24191.1
".DJI",2018-04-12,6.31269172232417e-05,24483.58
".DJI",2018-04-13,7.0025052635912e-05,24364.34
".DJI",2018-04-16,3.9009618485879e-05,24578.65
".DJI",2018-04-17,4.97880356369956e-05,24788
".DJI",2018-04-18,2.0431157913049e-05,24748.27
".DJI",2018-04-19,3.87648449391589e-05,24666.6
".DJI",2018-04-20,4.79510404757095e-05,24463.7
".DJI",2018-04-23,3.90569927082766e-05,24446.46
".DJI",2018-04-24,0.00016066208638683,24021.79
".DJI",2018-04-25,0.00011830962854057,24083.22
".DJI",2018-04-26,4.89814553974617e-05,24324.92
".DJI",2018-04-27,3.45364478570709e-05,24309.64
".DJI",2018-04-30,5.56192239783165e-05,24166.94
".DJI",2018-05-01,7.98929443841677e-05,24094.64
".DJI",2018-05-02,5.55561224293838e-05,23924.88
".DJI",2018-05-03,0.00011497012687014,23930.18
".DJI",2018-05-04,6.60543367455724e-05,24262.57
".DJI",2018-05-07,4.07896513933717e-05,24355.32
".DJI",2018-05-08,5.2219015806053e-05,24360.18
".DJI",2018-05-09,4.46997633801843e-05,24544.05
".DJI",2018-05-10,2.86913029422836e-05,24737.57
".DJI",2018-05-11,2.55810532397973e-05,24830.49
".DJI",2018-05-14,2.35410012795316e-05,24905.23
".DJI",2018-05-15,4.66594953079498e-05,24706.41
".DJI",2018-05-16,1.51300501292535e-05,24769.41
".DJI",2018-05-17,2.89412265675642e-05,24713.09
".DJI",2018-05-18,2.38561213191168e-05,24716.53
".DJI",2018-05-22,1.57238135602861e-05,24835.58
".DJI",2018-05-23,3.84053588960464e-05,24882.95
".DJI",2018-05-24,3.77768301128444e-05,24810.59
".DJI",2018-05-25,2.06704894722756e-05,24750.75
".DJI",2018-05-29,6.91710778493912e-05,24361.83
".DJI",2018-05-30,2.81824968030847e-05,24668.88
".DJI",2018-05-31,5.38210077399146e-05,24416.33
".DJI",2018-06-01,2.70895571794681e-05,24632.98
".DJI",2018-06-04,1.78600568888945e-05,24812.65
".DJI",2018-06-05,1.90013143777648e-05,24803.94
".DJI",2018-06-06,2.23564763400427e-05,25143.77
".DJI",2018-06-07,3.47250659600555e-05,25237.11
".DJI",2018-06-08,1.57872838761823e-05,25312.57
".DJI",2018-06-11,1.06928220876759e-05,25325.79
".DJI",2018-06-12,1.122814990254e-05,25320.01
".DJI",2018-06-13,1.72652795906895e-05,25205.16
".DJI",2018-06-14,1.95123819802297e-05,25181.49
".DJI",2018-06-15,5.30877681914451e-05,25088.12
".DJI",2018-06-18,3.15862713458367e-05,24988.16
".DJI",2018-06-19,3.41031601347464e-05,24699.46
".DJI",2018-06-20,1.40687799806335e-05,24659.11
".DJI",2018-06-21,3.01479361025634e-05,24462.56
".DJI",2018-06-22,2.99501580760399e-05,24581.16
".DJI",2018-06-25,7.92060197998917e-05,24254.93
".DJI",2018-06-26,2.79902539148325e-05,24280.53
".DJI",2018-06-27,9.31821216206134e-05,24123.02
".DJI",2018-06-28,6.20021264383989e-05,24215.82
".DJI",2018-06-29,3.44211880757983e-05,24277.44
".DJI",2018-07-02,4.89572402434337e-05,24301.03
".DJI",2018-07-03,2.48388970532503e-05,24174.82
".DJI",2018-07-05,3.65023050040277e-05,24358.1
".DJI",2018-07-06,3.15468205106203e-05,24451.3
".DJI",2018-07-09,2.71423173854723e-05,24777.04
".DJI",2018-07-10,2.20703147021293e-05,24918.27
".DJI",2018-07-11,2.59451630482787e-05,24704.38
".DJI",2018-07-12,2.51665623988743e-05,24923.6
".DJI",2018-07-13,1.32836824568149e-05,25017.17
".DJI",2018-07-16,1.08904818448166e-05,25062.73
".DJI",2018-07-17,1.65400918961093e-05,25122.1
".DJI",2018-07-18,6.16345289901119e-06,25200.99
".DJI",2018-07-19,1.62402917796399e-05,25065.78
".DJI",2018-07-20,1.33873522529177e-05,25058.56
".DJI",2018-07-23,6.71095529438134e-06,25045.35
".DJI",2018-07-24,2.97703476686542e-05,25239.71
".DJI",2018-07-25,3.05933746158865e-05,25414.98
".DJI",2018-07-26,1.81810755429893e-05,25528.79
".DJI",2018-07-27,2.76500201386273e-05,25453.02
".DJI",2018-07-30,1.76734790455639e-05,25307.94
".DJI",2018-07-31,2.15862543161238e-05,25414.85
".DJI",2018-08-01,1.4323520941993e-05,25335.55
".DJI",2018-08-02,3.63398753743104e-05,25327.98
".DJI",2018-08-03,1.11020841570358e-05,25459.06
".DJI",2018-08-06,1.08706735653506e-05,25502.72
".DJI",2018-08-07,1.1397308211823e-05,25630.28
".DJI",2018-08-08,7.70431072289899e-06,25583.45
".DJI",2018-08-09,1.05165302687112e-05,25508.76
".DJI",2018-08-10,3.3818107653119e-05,25312.8
".DJI",2018-08-13,2.82653276088752e-05,25187.5
".DJI",2018-08-14,1.84350110949472e-05,25300.27
".DJI",2018-08-15,5.56090810899709e-05,25163.56
".DJI",2018-08-16,5.18560906081461e-05,25558.93
".DJI",2018-08-17,1.77992657879989e-05,25669.02
".DJI",2018-08-20,7.95248456595806e-06,25758.66
".DJI",2018-08-21,9.54767929917006e-06,25819.85
".DJI",2018-08-22,9.87026714859948e-06,25735.16
".DJI",2018-08-23,1.95627900369558e-05,25657.73
".DJI",2018-08-24,1.10347450381411e-05,25791.11
".DJI",2018-08-27,1.52009333691208e-05,26049.4
".DJI",2018-08-28,9.32379792893342e-06,26067.34
".DJI",2018-08-29,7.9221720443395e-06,26125.72
".DJI",2018-08-30,2.28795207402649e-05,25987.94
".DJI",2018-08-31,1.54995192216516e-05,25957.43
".DJI",2018-09-04,2.10576460885251e-05,25953.22
".DJI",2018-09-05,3.16768492197483e-05,25975.87
".DJI",2018-09-06,3.47031700964145e-05,25996.96
".DJI",2018-09-07,4.25672982920051e-05,25919.05
".DJI",2018-09-10,1.14610188818566e-05,25859.79
".DJI",2018-09-11,2.0584581245137e-05,25971.8
".DJI",2018-09-12,2.99339488598796e-05,25997.77
".DJI",2018-09-13,1.48217214501177e-05,26146.54
".DJI",2018-09-14,1.73115404376889e-05,26155.01
".DJI",2018-09-17,1.1141166690719e-05,26062.69
".DJI",2018-09-18,1.56458530082163e-05,26249.57
".DJI",2018-09-19,1.57061686265759e-05,26407.45
".DJI",2018-09-20,2.9853036604267e-05,26661.21
".DJI",2018-09-21,6.81397526194837e-06,26725.19
".DJI",2018-09-24,1.22813293871531e-05,26562.18
".DJI",2018-09-25,1.10258842389325e-05,26496.72
".DJI",2018-09-26,2.53935549797755e-05,26392.6
".DJI",2018-09-27,1.2248803144865e-05,26443.35
".DJI",2018-09-28,1.42929452154497e-05,26458.44
".DJI",2018-10-01,1.84814008802502e-05,26667.66
".DJI",2018-10-02,1.65473681077739e-05,26778.42
".DJI",2018-10-03,2.32960906845293e-05,26833.76
".DJI",2018-10-04,5.39075095576307e-05,26627.85
".DJI",2018-10-05,4.46350317549996e-05,26448.75
".DJI",2018-10-08,4.53601951842695e-05,26492.45
".DJI",2018-10-09,5.29038076682846e-05,26432.2
".DJI",2018-10-10,0.00014919515807869,25615.19
".DJI",2018-10-11,0.00037323410393797,25050.6
".DJI",2018-10-12,0.00020689463985423,25329.41
".DJI",2018-10-15,8.62042388046283e-05,25244.15
".DJI",2018-10-16,6.08830366394237e-05,25793.07
".DJI",2018-10-17,0.00010694616576968,25709.02
".DJI",2018-10-18,0.00013742180424024,25383.59
".DJI",2018-10-19,8.39446971364115e-05,25439.53
".DJI",2018-10-22,9.36970345462377e-05,25316.6
".DJI",2018-10-23,0.00013301314553149,25188.39
".DJI",2018-10-24,0.00019397610814941,24585.32
".DJI",2018-10-25,0.00010958948992461,24984.72
".DJI",2018-10-26,0.0002464069708573,24683.57
".DJI",2018-10-29,0.00028430718756681,24444.62
".DJI",2018-10-30,0.00019738511596487,24875.1
".DJI",2018-10-31,7.81228456342285e-05,25116.88
".DJI",2018-11-01,8.08522643923985e-05,25380.4
".DJI",2018-11-02,0.00016435804670106,25265.54
".DJI",2018-11-05,4.62188838159886e-05,25462.79
".DJI",2018-11-06,3.12879942718406e-05,25638.03
".DJI",2018-11-07,3.79923988250528e-05,26177.12
".DJI",2018-11-08,4.07292403148644e-05,26190.75
".DJI",2018-11-09,5.1167658142693e-05,25988.82
".DJI",2018-11-12,8.88249669938085e-05,25395.12
".DJI",2018-11-13,0.00018208871534794,25287.37
".DJI",2018-11-14,0.00011979575943445,25082.33
".DJI",2018-11-15,0.00018450940245029,25292.56
".DJI",2018-11-16,8.97265149288754e-05,25418.75
".DJI",2018-11-19,0.00010096076293088,25018.08
".DJI",2018-11-20,0.00014581819313888,24463.2
".DJI",2018-11-21,3.92880238799612e-05,24464.76
".DJI",2018-11-23,2.24317583282081e-05,24285.95
".DJI",2018-11-26,8.89118532720946e-05,24639.46
".DJI",2018-11-27,7.16423506514283e-05,24749.71
".DJI",2018-11-28,9.20766564989388e-05,25367.96
".DJI",2018-11-29,3.99799477877462e-05,25339.38
".DJI",2018-11-30,2.48387095920807e-05,25507.2
".DJI",2018-12-03,0.00010059912357753,25826.49
".DJI",2018-12-04,0.00013924373638956,25044.56
".DJI",2018-12-06,0.00022647952251974,24949.49
".DJI",2018-12-07,0.00025599543362827,24388.34
".DJI",2018-12-10,0.00026368689787766,24419.8
".DJI",2018-12-11,0.00018170496550395,24373.08
".DJI",2018-12-12,0.00012579420708264,24531.82
".DJI",2018-12-13,0.00010481603479097,24593.99
".DJI",2018-12-14,0.00011564241893792,24102.19
".DJI",2018-12-17,0.00015087787948983,23598.98
".DJI",2018-12-18,0.00015990450012841,23677.91
".DJI",2018-12-19,0.00061294592466465,23324.1
".DJI",2018-12-20,0.0003810859214572,22850.72
".DJI",2018-12-21,0.00031227352985723,22434.76
".DJI",2018-12-24,0.00018850813474636,21792.2
".DJI",2018-12-26,0.00040932786885221,22876.82
".DJI",2018-12-27,0.00047429083881674,23133.75
".DJI",2018-12-28,0.00019644658437234,23059.35
".DJI",2018-12-31,0.00015095893269067,23331.12
".DJI",2019-01-02,0.00019907082039818,23343.92
".DJI",2019-01-03,0.00028814726816028,22686.29
".DJI",2019-01-04,0.00018425372754215,23427.74
".DJI",2019-01-07,0.00010050408303981,23533.04
".DJI",2019-01-08,0.00014352855843096,23789.21
".DJI",2019-01-09,8.53398069025276e-05,23878.01
".DJI",2019-01-10,7.08316500136482e-05,23995.68
".DJI",2019-01-11,3.76980943245877e-05,23992.29
".DJI",2019-01-14,5.14717215987582e-05,23904.14
".DJI",2019-01-15,6.02009882595571e-05,24062.76
".DJI",2019-01-16,2.82521579978264e-05,24202.15
".DJI",2019-01-17,7.97843980660024e-05,24369.9
".DJI",2019-01-18,5.10325291891972e-05,24750.22
".DJI",2019-01-22,9.21941207586496e-05,24409.97
".DJI",2019-01-23,7.11916318176987e-05,24577.25
".DJI",2019-01-24,4.87951720368054e-05,24553.52
".DJI",2019-01-25,3.04776623819705e-05,24734.69
".DJI",2019-01-28,0.00010385852329304,24528.19
".DJI",2019-01-29,4.64703047529542e-05,24581.17
".DJI",2019-01-30,7.83074622980622e-05,25017.74
".DJI",2019-01-31,4.56547862479449e-05,25007.23
".DJI",2019-02-01,3.26003645362722e-05,25058.09
".DJI",2019-02-04,2.84551602946313e-05,25239.03
".DJI",2019-02-05,2.59630708745015e-05,25407.56
".DJI",2019-02-06,2.46334374161534e-05,25392.54
".DJI",2019-02-07,6.33186653155375e-05,25172.48
".DJI",2019-02-08,3.28527877249512e-05,25104.6
".DJI",2019-02-11,2.68480232495174e-05,25051.48
".DJI",2019-02-12,3.1900982608046e-05,25422.96
".DJI",2019-02-13,2.94603678392503e-05,25525.51
".DJI",2019-02-14,5.30480273362859e-05,25439.66
".DJI",2019-02-15,3.60154891690842e-05,25882.55
".DJI",2019-02-19,1.44495562136263e-05,25894.88
".DJI",2019-02-20,2.53915479893175e-05,25959.33
".DJI",2019-02-21,2.5447632074234e-05,25853.99
".DJI",2019-02-22,2.03249664306245e-05,26030.89
".DJI",2019-02-25,2.30655578894834e-05,26095.82
".DJI",2019-02-26,4.30017154293878e-05,26058.05
".DJI",2019-02-27,2.42578072053659e-05,25985.57
".DJI",2019-02-28,1.89429540983363e-05,25916.27
".DJI",2019-03-01,3.43696202734409e-05,26030.72
".DJI",2019-03-04,6.36895682367849e-05,25823.65
".DJI",2019-03-05,3.065706658935e-05,25808.53
".DJI",2019-03-06,2.74528157775229e-05,25675.69
".DJI",2019-03-07,5.27246655849712e-05,25470.9
".DJI",2019-03-08,5.96534781860129e-05,25448.15
".DJI",2019-03-11,3.91731918735522e-05,25649.53
".DJI",2019-03-12,3.64481588895286e-05,25564.46
".DJI",2019-03-13,3.04000932694584e-05,25704.44
".DJI",2019-03-14,1.8142075188682e-05,25712.21
".DJI",2019-03-15,2.87388536883069e-05,25847.48
".DJI",2019-03-18,1.63733187534697e-05,25914.44
".DJI",2019-03-19,5.69206093739477e-05,25900.61
".DJI",2019-03-20,6.93829331086535e-05,25744.66
".DJI",2019-03-21,2.76063114942798e-05,25964.99
".DJI",2019-03-22,8.60091583095139e-05,25506.28
".DJI",2019-03-25,7.137352838628e-05,25518.52
".DJI",2019-03-26,4.687013224746e-05,25658
".DJI",2019-03-27,6.03118800123474e-05,25624.64
".DJI",2019-03-28,2.35937542473951e-05,25715.19
".DJI",2019-03-29,2.48301875266378e-05,25927.86
".DJI",2019-04-01,2.06233903688431e-05,26255.84
".DJI",2019-04-02,1.92555576340417e-05,26176.97
".DJI",2019-04-03,2.05863936583385e-05,26217.35
".DJI",2019-04-04,2.69867021900065e-05,26384.83
".DJI",2019-04-05,1.11842899167784e-05,26422.2
".DJI",2019-04-08,1.22388336720709e-05,26340.75
".DJI",2019-04-09,3.2295941021881e-05,26158.65
".DJI",2019-04-10,1.13727366455588e-05,26161.29
".DJI",2019-04-11,2.07792697590189e-05,26142
".DJI",2019-04-12,1.33514013581549e-05,26412.55
".DJI",2019-04-15,7.17686137124134e-06,26382.85
".DJI",2019-04-16,1.42441358768e-05,26453.33
".DJI",2019-04-17,1.5426750210814e-05,26448.99
".DJI",2019-04-18,2.31807139952688e-05,26561.22
".DJI",2019-04-22,6.21725514476374e-06,26512.97
".DJI",2019-04-23,1.05909898691268e-05,26654.9
".DJI",2019-04-24,1.0909085867986e-05,26599.39
".DJI",2019-04-25,2.24236777447159e-05,26465.06
".DJI",2019-04-26,1.48047695333725e-05,26541.64
".DJI",2019-04-29,4.95505904202999e-06,26553.44
".DJI",2019-04-30,1.80421530479657e-05,26584.87
".DJI",2019-05-01,2.63090080993613e-05,26427.16
".DJI",2019-05-02,4.25289892242192e-05,26307.45
".DJI",2019-05-03,2.07169294329062e-05,26502.17
".DJI",2019-05-06,3.20287269499223e-05,26438.78
".DJI",2019-05-07,8.47769016037759e-05,25967.94
".DJI",2019-05-08,4.05474702170239e-05,25970.92
".DJI",2019-05-09,0.00010425822299994,25826.19
".DJI",2019-05-10,8.46396454995098e-05,25948.81
".DJI",2019-05-13,8.81323085445368e-05,25323.77
".DJI",2019-05-14,3.88342720070428e-05,25537.47
".DJI",2019-05-15,5.25028641581247e-05,25653.49
".DJI",2019-05-16,2.84881213737337e-05,25863.86
".DJI",2019-05-17,4.75673068829466e-05,25759.81
".DJI",2019-05-20,3.67346344026836e-05,25675.76
".DJI",2019-05-21,1.58281975353996e-05,25877.6
".DJI",2019-05-22,1.72421454545916e-05,25775.48
".DJI",2019-05-23,8.29047075742941e-05,25490.27
".DJI",2019-05-24,3.62146755597285e-05,25594.1
".DJI",2019-05-28,3.01711839211977e-05,25346
".DJI",2019-05-29,6.90653238263103e-05,25122.13
".DJI",2019-05-30,3.10890324444967e-05,25170.49
".DJI",2019-05-31,7.75269984068233e-05,24815.04
".DJI",2019-06-03,7.97922795177443e-05,24816.19
".DJI",2019-06-04,5.11339224670665e-05,25331.02
".DJI",2019-06-05,2.98190830333966e-05,25540.76
".DJI",2019-06-06,3.5860973461435e-05,25728.12
".DJI",2019-06-07,4.01072632915792e-05,25980.83
".DJI",2019-06-10,2.75286570359856e-05,26060.19
".DJI",2019-06-11,3.42999378557519e-05,26048.91
".DJI",2019-06-12,1.69149453667524e-05,26009.17
".DJI",2019-06-13,3.02774376080664e-05,26108.29
".DJI",2019-06-14,2.69054394201824e-05,26091.03
".DJI",2019-06-17,8.18443213175115e-06,26110.83
".DJI",2019-06-18,4.49847488456632e-05,26470.19
".DJI",2019-06-19,2.99116216500216e-05,26504.4
".DJI",2019-06-20,3.36972505193206e-05,26752.7
".DJI",2019-06-21,1.85783033888889e-05,26722.18
".DJI",2019-06-24,1.02726500599759e-05,26730.79
".DJI",2019-06-25,3.10867724005963e-05,26549.59
".DJI",2019-06-26,2.03389552396431e-05,26539.06
".DJI",2019-06-27,1.40693334148942e-05,26523.27
".DJI",2019-06-28,1.0147679855017e-05,26587.04
".DJI",2019-07-01,2.82002171144878e-05,26718.86
".DJI",2019-07-02,2.98789017012947e-05,26787.56
".DJI",2019-07-03,5.56347579834193e-06,26966
".DJI",2019-07-05,1.84894904832258e-05,26927.03
".DJI",2019-07-08,1.77925661501103e-05,26808.11
".DJI",2019-07-09,9.34970158884284e-06,26786.54
".DJI",2019-07-10,2.11303069243966e-05,26859
".DJI",2019-07-11,1.25329406836392e-05,27087.7
".DJI",2019-07-12,1.04485028796986e-05,27329.45
".DJI",2019-07-15,7.94404361829664e-06,27358.04
".DJI",2019-07-16,1.04794924828101e-05,27333.94
".DJI",2019-07-17,1.37191258741639e-05,27219.65
".DJI",2019-07-18,1.88500239472637e-05,27221.96
".DJI",2019-07-19,2.30988148009216e-05,27157.59
".DJI",2019-07-22,2.00640134899431e-05,27170.99
".DJI",2019-07-23,1.805047265775e-05,27350.34
".DJI",2019-07-24,1.25870995743747e-05,27268.62
".DJI",2019-07-25,2.43685260440446e-05,27148.53
".DJI",2019-07-26,6.86983523503552e-06,27191.78
".DJI",2019-07-29,8.97183823415476e-06,27218.78
".DJI",2019-07-30,1.92749237895953e-05,27200.11
".DJI",2019-07-31,5.74268546304601e-05,26861.11
".DJI",2019-08-01,0.00016816453861953,26581.45
".DJI",2019-08-02,7.51226376127901e-05,26486.09
".DJI",2019-08-05,0.00016913375320183,25718.08
".DJI",2019-08-06,0.00010355271663305,26033.11
".DJI",2019-08-07,0.00019180244641169,26007.78
".DJI",2019-08-08,3.87789198635653e-05,26383
".DJI",2019-08-09,8.05856863282166e-05,26288.47
".DJI",2019-08-12,5.40310220713098e-05,25892.71
".DJI",2019-08-13,0.00021871145859543,26174.83
".DJI",2019-08-14,0.00015813172818281,25479.11
".DJI",2019-08-15,0.00010381525399172,25578
".DJI",2019-08-16,6.799291622533e-05,25888.09
".DJI",2019-08-19,5.27594015617577e-05,26134.61
".DJI",2019-08-20,2.5133424644618e-05,25965.9
".DJI",2019-08-21,1.7467346060949e-05,26204.7
".DJI",2019-08-22,4.8546849321742e-05,26256.82
".DJI",2019-08-23,0.00022557975541029,25634.64
".DJI",2019-08-26,7.09903117216748e-05,25903.03
".DJI",2019-08-27,5.39367834124489e-05,25772.07
".DJI",2019-08-28,4.05458850482871e-05,26035.42
".DJI",2019-08-29,3.57482284732122e-05,26361.32
".DJI",2019-08-30,3.27711181833622e-05,26389.66
".DJI",2019-09-03,5.80760433504213e-05,26120.41
".DJI",2019-09-04,9.87331008350917e-06,26357.43
".DJI",2019-09-05,2.48026576963282e-05,26727.57
".DJI",2019-09-06,1.7488383021987e-05,26796.99
".DJI",2019-09-09,1.38061324890049e-05,26840.32
".DJI",2019-09-10,3.45680544148973e-05,26904.08
".DJI",2019-09-11,1.64349118092286e-05,27132.6
".DJI",2019-09-12,3.6877431331656e-05,27185.67
".DJI",2019-09-13,1.33120409636224e-05,27216.05
".DJI",2019-09-16,1.73580395260259e-05,27072.21
".DJI",2019-09-17,1.06996532846163e-05,27106.15
".DJI",2019-09-18,3.38707525352327e-05,27147.79
".DJI",2019-09-19,2.03798393471279e-05,27091.44
".DJI",2019-09-20,4.91292924526757e-05,26928.05
".DJI",2019-09-23,1.28710195171318e-05,26950.87
".DJI",2019-09-24,7.48493531640679e-05,26814.96
".DJI",2019-09-25,2.15443341150797e-05,26971.02
".DJI",2019-09-26,3.33472109051517e-05,26899.43
".DJI",2019-09-27,6.0332731660555e-05,26824.25
".DJI",2019-10-01,5.68514802926266e-05,26571.95
".DJI",2019-10-02,6.61456740605472e-05,26083.27
".DJI",2019-10-03,0.00013430455985206,26202.8
".DJI",2019-10-04,2.57856933332668e-05,26569.28
".DJI",2019-10-07,3.75426195709477e-05,26475.92
".DJI",2019-10-08,5.88339349728714e-05,26161.38
".DJI",2019-10-09,3.40036543833417e-05,26345.29
".DJI",2019-10-10,5.59909598262917e-05,26501.89
".DJI",2019-10-11,6.32471474977274e-05,26811.6
".DJI",2019-10-14,1.58002085596537e-05,26786.92
".DJI",2019-10-15,3.13643727150694e-05,27022.56
".DJI",2019-10-16,1.29912705205604e-05,27007.81
".DJI",2019-10-17,1.65325491581242e-05,27029.75
".DJI",2019-10-18,2.7039590981071e-05,26772.74
".DJI",2019-10-21,1.52525476320133e-05,26826.29
".DJI",2019-10-22,1.70633646949437e-05,26791.22
".DJI",2019-10-23,1.33383737914278e-05,26833.1
".DJI",2019-10-24,2.33418829020247e-05,26806.69
".DJI",2019-10-25,1.81638531897127e-05,26953.79
".DJI",2019-10-28,1.69797748920104e-05,27089.03
".DJI",2019-10-29,1.38784786616634e-05,27069.22
".DJI",2019-10-30,1.97230824998878e-05,27189.13
".DJI",2019-10-31,3.71177648161393e-05,27046.14
".DJI",2019-11-01,1.85932758107355e-05,27346.07
".DJI",2019-11-04,1.87826523668111e-05,27464.08
".DJI",2019-11-05,1.19999145913273e-05,27493.28
".DJI",2019-11-06,1.72731200255293e-05,27492.23
".DJI",2019-11-07,2.44810056993211e-05,27680
".DJI",2019-11-08,1.34128048645979e-05,27677.67
".DJI",2019-11-11,9.96353159237006e-06,27692.4
".DJI",2019-11-12,1.18251670607373e-05,27692.54
".DJI",2019-11-13,1.93878100971457e-05,27779.92
".DJI",2019-11-14,1.17722310040807e-05,27785.57
".DJI",2019-11-15,8.63982606373756e-06,28003.26
".DJI",2019-11-18,6.7355784960419e-06,28033.31
".DJI",2019-11-19,1.5514181798321e-05,27932.84
".DJI",2019-11-20,2.43290676565064e-05,27818.92
".DJI",2019-11-21,1.28924915461668e-05,27765.82
".DJI",2019-11-22,8.19771186913078e-06,27872.9
".DJI",2019-11-25,8.00582707274846e-06,28065.72
".DJI",2019-11-26,6.07666902887005e-06,28117.95
".DJI",2019-11-27,6.95476325250777e-06,28166.3
".DJI",2019-11-29,4.6772092183759e-06,28051.41
".DJI",2019-12-02,3.3302935385949e-05,27792.78
".DJI",2019-12-03,4.12015009233323e-05,27505.93
".DJI",2019-12-04,1.14054689899704e-05,27654.66
".DJI",2019-12-05,2.12724993709723e-05,27682.94
".DJI",2019-12-06,1.25332781295649e-05,28013.71
".DJI",2019-12-09,7.08616170892755e-06,27910.24
".DJI",2019-12-10,2.24768763130217e-05,27883.39
".DJI",2019-12-11,9.91531399092758e-06,27908.65
".DJI",2019-12-12,8.44603665761431e-05,28131.17
".DJI",2019-12-13,4.50492052259657e-05,28135.85
".DJI",2019-12-16,1.91828141917291e-05,28234.9
".DJI",2019-12-17,8.62025898977863e-06,28263.63
".DJI",2019-12-18,8.11365328367785e-06,28244.88
".DJI",2019-12-19,8.85048771427277e-06,28375.53
".DJI",2019-12-20,2.44224279879938e-05,28454.61
".DJI",2019-12-23,7.84414854605268e-06,28552.31
".DJI",2019-12-24,3.64917096045241e-06,28515.45
".DJI",2019-12-26,3.72527388134129e-06,28624.1
".DJI",2019-12-27,6.3079863048481e-06,28645.09
".DJI",2019-12-30,2.12798204577056e-05,28466.79
".DJI",2019-12-31,1.04978958767697e-05,28527.87
".DJI",2020-01-02,1.57553935166669e-05,28871.24
".DJI",2020-01-03,4.66482251700691e-05,28628.17
".DJI",2020-01-06,1.01929295301266e-05,28703.76
".DJI",2020-01-07,1.25612709406389e-05,28581.78
".DJI",2020-01-08,2.69477942063985e-05,28746.38
".DJI",2020-01-09,1.48205644381633e-05,28957.24
".DJI",2020-01-10,1.50439454209041e-05,28825.97
".DJI",2020-01-13,7.64464621431384e-06,28903.73
".DJI",2020-01-14,1.78518566370641e-05,28934.04
".DJI",2020-01-15,2.52806084819539e-05,29035.23
".DJI",2020-01-16,1.17583271433468e-05,29300.18
".DJI",2020-01-17,1.15836720192085e-05,29342.33
".DJI",2020-01-21,1.97961720117425e-05,29198.28
".DJI",2020-01-22,1.77945095951569e-05,29186.68
".DJI",2020-01-23,2.80918992465854e-05,29158.87
".DJI",2020-01-24,6.17457962565467e-05,28989.18
".DJI",2020-01-27,4.95194289287474e-05,28530.1
".DJI",2020-01-28,2.02377074994194e-05,28725.29
".DJI",2020-01-29,3.5228620063441e-05,28733.67
".DJI",2020-01-30,6.32465192171803e-05,28857.23
".DJI",2020-01-31,9.74053299771751e-05,28245.91
".DJI",2020-02-03,5.36193095000995e-05,28397.92
".DJI",2020-02-04,2.85486387422795e-05,28809.35
".DJI",2020-02-05,2.88875170967523e-05,29291.43
".DJI",2020-02-06,3.49551751795744e-05,29379.4
".DJI",2020-02-07,3.65262332408827e-05,29102.56
".DJI",2020-02-10,2.29410638437522e-05,29278.07
".DJI",2020-02-11,2.49989178746834e-05,29277.56
".DJI",2020-02-12,2.3368147241204e-05,29550.76
".DJI",2020-02-13,2.6206456616167e-05,29429.77
".DJI",2020-02-14,1.64799552179965e-05,29395.4
".DJI",2020-02-18,2.59328367642783e-05,29233.75
".DJI",2020-02-19,6.55660036780819e-06,29347.15
".DJI",2020-02-20,7.66770502024645e-05,29216.05
".DJI",2020-02-21,5.64673880572635e-05,28994.24
".DJI",2020-02-24,0.00018016861525183,27964.34
".DJI",2020-02-25,0.00022329485439729,27083.46
".DJI",2020-02-26,0.0002659615870596,26960.98
".DJI",2020-02-27,0.0007206715846596,25758.2
".DJI",2020-02-28,0.00145576987416051,25432.69
".DJI",2020-03-03,0.00174481532244799,25910.42
".DJI",2020-03-04,0.00027957937622276,27089.33
".DJI",2020-03-05,0.00039777868122005,26118.53
".DJI",2020-03-06,0.00050548145624056,25867.83
".DJI",2020-03-09,0.00290027826769176,23839.46
".DJI",2020-03-10,0.00123205434311482,25016.38
".DJI",2020-03-11,0.00059063958619123,23550.78
".DJI",2020-03-12,0.00402676566869754,21200.61
".DJI",2020-03-13,0.00272679988765781,23173.55
".DJI",2020-03-16,0.00406535772711602,20185.06
".DJI",2020-03-17,0.00243261027608487,21231.95
".DJI",2020-03-18,0.00235214982474471,19903.77
".DJI",2020-03-19,0.00229325707214033,20090.45
".DJI",2020-03-20,0.00153514324684336,19159.97
".DJI",2020-03-23,0.00284503157525247,18576.04
".DJI",2020-03-24,0.00080571280737748,20685.04
".DJI",2020-03-25,0.00158319991707859,21187.29
".DJI",2020-03-26,0.00115122788912977,22523.15
".DJI",2020-03-27,0.00071109748838208,21621.93
".DJI",2020-03-30,0.00046671948247724,22325.1
".DJI",2020-03-31,0.00039912637940411,21914.37
".DJI",2020-04-01,0.00037869552995992,20943.37
".DJI",2020-04-02,0.00087170477983398,21410.09
".DJI",2020-04-03,0.00041222750935859,21055.38
".DJI",2020-04-06,0.00032431482074015,22649.74
".DJI",2020-04-07,0.0006749189805893,22645.56
".DJI",2020-04-08,0.00028996005660582,23429.04
".DJI",2020-04-09,0.00042598243419769,23715.05
".DJI",2020-04-13,0.00033424183780321,23393.79
".DJI",2020-04-14,0.00023108544583153,23951.2
".DJI",2020-04-15,0.00026303793757719,23506.85
".DJI",2020-04-16,0.00019292882567844,23533.4
".DJI",2020-04-17,0.00025038359791655,24237.97
".DJI",2020-04-20,0.00036869512331729,23646.6
".DJI",2020-04-21,0.00037289407760781,23019.71
".DJI",2020-04-22,9.20637335574627e-05,23469.58
".DJI",2020-04-23,0.00022861580010441,23511.81
".DJI",2020-04-24,8.82722873930735e-05,23771.36
".DJI",2020-04-27,5.37699181210309e-05,24128.82
".DJI",2020-04-28,0.00016358589977817,24102.37
".DJI",2020-04-29,7.63879445701926e-05,24629.4
".DJI",2020-04-30,0.00026289125058584,24332.48
".DJI",2020-05-01,0.00014673551598345,23728.26
".DJI",2020-05-05,8.98368013761626e-05,23879.7
".DJI",2020-05-06,0.00010278817701206,23666.92
".DJI",2020-05-07,8.29920235697114e-05,23875.52
".DJI",2020-05-08,5.30050695003426e-05,24326.5
".DJI",2020-05-11,9.76305606066567e-05,24220.19
".DJI",2020-05-12,0.00010000866235285,23764.8
".DJI",2020-05-13,0.00027072593931924,23245.84
".DJI",2020-05-14,0.00027776116348777,23630.86
".DJI",2020-05-15,0.00016502630768071,23693.45
".DJI",2020-05-18,0.00023542157323033,24581.76
".DJI",2020-05-19,0.00021648061424289,24205.56
".DJI",2020-05-20,6.3724555581188e-05,24574.91
".DJI",2020-05-21,0.00010886135017604,24481.76
".DJI",2020-05-22,5.48373298205492e-05,24469.35
".DJI",2020-05-27,0.00013312950509059,25551.56
".DJI",2020-05-28,0.00012506830679098,25402.25
".DJI",2020-05-29,0.00024205003838301,25366.24
".DJI",2020-06-01,4.71319196240445e-05,25474.19
".DJI",2020-06-02,5.30833777335837e-05,25743.04
".DJI",2020-06-03,4.51678708764999e-05,26269.13
".DJI",2020-06-04,8.71633463503611e-05,26281.72
".DJI",2020-06-05,0.00013644583445919,27100.06
".DJI",2020-06-08,5.92908909332787e-05,27574.43
".DJI",2020-06-09,0.00012625047775982,27275.45
".DJI",2020-06-10,0.00020109385957068,26985.19
".DJI",2020-06-11,0.00030557432920928,25134.68
".DJI",2020-06-12,0.00068172668866702,25597.33
".DJI",2020-06-15,0.00061404749518766,25769.85
".DJI",2020-06-16,0.00039568908730493,26304.45
".DJI",2020-06-17,9.76734973444333e-05,26116.39
".DJI",2020-06-18,0.00012470469655778,26077.77
".DJI",2020-06-19,0.00026829336825986,25871.88
".DJI",2020-06-23,6.63581974492105e-05,26155.84
".DJI",2020-06-24,0.00025903168821519,25451.42
".DJI",2020-06-25,0.0002112502390327,25737.27
".DJI",2020-06-26,0.00017569029143752,25020.35
".DJI",2020-06-30,9.03618142049396e-05,25796.15
".DJI",2020-07-01,0.00010620451848375,25736.68
".DJI",2020-07-02,0.00014468806111818,25832.02
".DJI",2020-07-06,0.000102600117646,26285.25
".DJI",2020-07-07,5.05631466939241e-05,25896.63
".DJI",2020-07-08,6.99981497081694e-05,26070.09
".DJI",2020-07-09,0.00015048039225513,25707.77
".DJI",2020-07-10,0.00010658264001174,26074.99
".DJI",2020-07-13,0.00013385507564561,26091.76
".DJI",2020-07-14,0.00015055207731602,26642.35
".DJI",2020-07-15,0.00013006645449047,26871.06
".DJI",2020-07-16,5.26178156612445e-05,26736.01
".DJI",2020-07-17,2.68349525270359e-05,26671.91
".DJI",2020-07-20,3.69240827128345e-05,26679.42
".DJI",2020-07-21,5.13619241227411e-05,26841.16
".DJI",2020-07-22,3.3095306918314e-05,27007.38
".DJI",2020-07-23,6.78086635353785e-05,26654.37
".DJI",2020-07-24,4.4341884973657e-05,26469.12
".DJI",2020-07-27,2.51902235697411e-05,26586.45
".DJI",2020-07-28,3.59210463249284e-05,26385.18
".DJI",2020-07-29,3.16102568026545e-05,26541.46
".DJI",2020-07-30,0.00010690517790801,26318.22
".DJI",2020-07-31,7.51191673488739e-05,26427.96
".DJI",2020-08-03,2.98635264131997e-05,26664.79
".DJI",2020-08-04,2.67327756577411e-05,26830.87
".DJI",2020-08-05,3.48564307171052e-05,27200.9
".DJI",2020-08-06,3.63346052154899e-05,27388.28
".DJI",2020-08-07,5.39850807868541e-05,27438.15
".DJI",2020-08-10,4.8850699606634e-05,27795.28
".DJI",2020-08-11,0.00013148567619842,27690.31
".DJI",2020-08-12,4.1371187845536e-05,27976.11
".DJI",2020-08-13,2.99296274935657e-05,27896.72
".DJI",2020-08-14,3.04485621778282e-05,27932.66
".DJI",2020-08-17,1.5931612932429e-05,27852.86
".DJI",2020-08-18,3.3012895355385e-05,27776.35
".DJI",2020-08-19,3.73819309354211e-05,27695.42
".DJI",2020-08-20,2.50646507300271e-05,27741.68
".DJI",2020-08-21,2.71762480561895e-05,27931.16
".DJI",2020-08-24,2.32015352200304e-05,28310.58
".DJI",2020-08-25,3.32002312961696e-05,28248.82
".DJI",2020-08-26,2.72632838027895e-05,28331.57
".DJI",2020-08-27,6.99251665698172e-05,28491.93
".DJI",2020-08-28,2.26343714405792e-05,28652.02
".DJI",2020-08-31,5.00450920737839e-05,28416.3
".DJI",2020-09-01,3.68678829216465e-05,28649.34
".DJI",2020-09-02,3.91100679072934e-05,29093.99
".DJI",2020-09-03,0.00038233204809238,28288.28
".DJI",2020-09-04,0.00038991987386244,28131.77
".DJI",2020-09-08,0.00029328162939975,27506.42
".DJI",2020-09-09,8.77148880412995e-05,27938.96
".DJI",2020-09-10,0.00023953817942035,27533.46
".DJI",2020-09-11,0.00012455743139746,27664.72
".DJI",2020-09-14,7.07506002280137e-05,27987.18
".DJI",2020-09-15,3.65945786810187e-05,27992.04
".DJI",2020-09-16,5.97947564771604e-05,28034.16
".DJI",2020-09-17,0.00012773868761056,27904.22
".DJI",2020-09-18,9.03858358599221e-05,27652.98
".DJI",2020-09-21,0.00030645049596606,27147.44
".DJI",2020-09-22,8.01226894840801e-05,27288.18
".DJI",2020-09-23,0.00011280689108575,26765.77
".DJI",2020-09-24,0.00019356988720578,26814.45
".DJI",2020-09-25,0.00011948499945839,27176.78
".DJI",2020-09-28,0.00013204311130747,27596.46
".DJI",2020-09-29,5.84311230912465e-05,27450.36
".DJI",2020-09-30,0.00015300654164174,27767.12
".DJI",2020-10-01,8.82217754922677e-05,27818.84
".DJI",2020-10-02,0.00015577769208406,27684.79
".DJI",2020-10-05,3.35906740092551e-05,28146.14
".DJI",2020-10-06,0.00021488745535615,27767.89
".DJI",2020-10-07,5.3666791700022e-05,28295.4
".DJI",2020-10-08,4.128315670075e-05,28423.95
".DJI",2020-10-09,3.51071317206007e-05,28587.5
".DJI",2020-10-12,2.01510872987455e-05,28835.21
".DJI",2020-10-13,4.05567728195189e-05,28677.18
".DJI",2020-10-14,6.15546745459301e-05,28514.76
".DJI",2020-10-15,5.55658394282532e-05,28497.19
".DJI",2020-10-16,5.0650672017571e-05,28604.21
".DJI",2020-10-19,7.8195372121156e-05,28207.63
".DJI",2020-10-20,9.9328869196081e-05,28307.18
".DJI",2020-10-21,9.64650251582776e-05,28208.65
".DJI",2020-10-22,7.13269218134559e-05,28368.01
".DJI",2020-10-23,3.16596342243166e-05,28339.75
".DJI",2020-10-26,0.00014716472265247,27688.47
".DJI",2020-10-27,6.93160656572457e-05,27465
".DJI",2020-10-28,0.0002122864607116,26533.6
".DJI",2020-10-29,0.00016227442770332,26657.6
".DJI",2020-10-30,0.00027788221273105,26509.43
".DJI",2020-11-02,0.00012616073602047,26923.74
".DJI",2020-11-03,0.00014128480414447,27470.03
".DJI",2020-11-04,0.00020384648944978,27852.37
".DJI",2020-11-05,0.00013465289357287,28387.32
".DJI",2020-11-06,9.17810800163188e-05,28325.6
".DJI",2020-11-09,0.00036597514005281,29150.14
".DJI",2020-11-10,0.00014913768551839,29422.5
".DJI",2020-11-11,4.8636098981852e-05,29397.43
".DJI",2020-11-12,8.08111711002283e-05,29084.05
".DJI",2020-11-13,4.54955023423639e-05,29479.84
".DJI",2020-11-16,7.68639471927668e-05,29963.34
".DJI",2020-11-17,6.94651178052512e-05,29786.45
".DJI",2020-11-18,5.66390610706577e-05,29434.21
".DJI",2020-11-19,7.6310828692128e-05,29481.32
".DJI",2020-11-20,3.56090676999518e-05,29263.38
".DJI",2020-11-23,7.34671786536042e-05,29593.54
".DJI",2020-11-24,3.87464891699273e-05,30047.98
".DJI",2020-11-25,4.22916680102495e-05,29872.63
".DJI",2020-11-27,1.90889293190026e-05,29910.37
".DJI",2020-11-30,7.46810698652099e-05,29657.36
".DJI",2020-12-01,4.56699820332491e-05,29825.5
".DJI",2020-12-02,3.51438776058426e-05,29884.94
".DJI",2020-12-03,4.53489046570986e-05,29970.24
".DJI",2020-12-04,2.18000647554546e-05,30215.79
".DJI",2020-12-07,3.44426245046837e-05,30068.15
".DJI",2020-12-08,1.71360795235552e-05,30172.76
".DJI",2020-12-09,5.22640028719958e-05,30046.7
".DJI",2020-12-10,7.03436163192456e-05,29997.98
".DJI",2020-12-11,4.87758087608703e-05,30047.03
".DJI",2020-12-14,6.80161592436904e-05,29854.21
".DJI",2020-12-15,4.32958555455491e-05,30203.77
".DJI",2020-12-16,2.39785204176514e-05,30156.51
".DJI",2020-12-17,2.05490456102248e-05,30302.84
".DJI",2020-12-18,4.73311804247476e-05,30197.34
".IXIC",2000-01-03,0.00040356463794646,4129.97
".IXIC",2000-01-04,0.00043600242013717,3902.84
".IXIC",2000-01-05,0.00069451563710702,3876.17
".IXIC",2000-01-06,0.00043591206616029,3726.55
".IXIC",2000-01-07,0.00029685655662737,3880.79
".IXIC",2000-01-10,0.00015166103879322,4048.84
".IXIC",2000-01-11,0.00025242523789207,3921.52
".IXIC",2000-01-12,0.00049536672564168,3849.92
".IXIC",2000-01-13,0.00023990378836939,3957.01
".IXIC",2000-01-14,0.00014672607407704,4063.71
".IXIC",2000-01-18,9.43516054522746e-05,4131.89
".IXIC",2000-01-19,0.00015056659934143,4151.3
".IXIC",2000-01-20,0.00015682552386862,4188.78
".IXIC",2000-01-21,8.01173966151769e-05,4235.12
".IXIC",2000-01-24,0.00024219905549147,4097.18
".IXIC",2000-01-25,0.00056496894660563,4166.94
".IXIC",2000-01-26,0.00016162976632793,4070
".IXIC",2000-01-27,0.00025955862192857,4040.92
".IXIC",2000-01-28,0.00040557146680198,3888.13
".IXIC",2000-01-31,0.00047133845419041,3940.46
".IXIC",2000-02-01,0.00019972121295889,4051.89
".IXIC",2000-02-02,0.00023315469012143,4073.59
".IXIC",2000-02-03,0.00020945631496823,4210.56
".IXIC",2000-02-04,0.00010549958387699,4243.4
".IXIC",2000-02-07,0.00011532474091161,4321.96
".IXIC",2000-02-08,6.63261878471001e-05,4427.7
".IXIC",2000-02-09,0.00015253246235667,4362.86
".IXIC",2000-02-10,0.00015080728108501,4485.24
".IXIC",2000-02-11,0.00016979231494011,4394.14
".IXIC",2000-02-14,0.00018144895475317,4418.49
".IXIC",2000-02-15,0.00025588541381879,4420.43
".IXIC",2000-02-16,0.00013902014301575,4427.07
".IXIC",2000-02-17,0.00014964722179563,4548.48
".IXIC",2000-02-18,0.00041232167221598,4415.84
".IXIC",2000-02-22,0.00031947510574265,4380.99
".IXIC",2000-02-23,0.0001370420554543,4549.95
".IXIC",2000-02-24,0.00048140656362255,4615.84
".IXIC",2000-02-25,0.00025105243353997,4590
".IXIC",2000-02-28,0.00030489909990115,4578.29
".IXIC",2000-02-29,9.19398609006286e-05,4696.98
".IXIC",2000-03-01,0.00014936788566743,4784.2
".IXIC",2000-03-02,0.00021420108707127,4754.76
".IXIC",2000-03-03,9.51629601246505e-05,4912.54
".IXIC",2000-03-06,0.00015686992874861,4904.6
".IXIC",2000-03-07,0.00040536594047699,4847.06
".IXIC",2000-03-08,0.00037498658946567,4876.71
".IXIC",2000-03-09,0.00021000203489057,5047.96
".IXIC",2000-03-10,0.00021370513942049,5048.95
".IXIC",2000-03-13,0.00039935498863318,4907.76
".IXIC",2000-03-14,0.00034191609362303,4720.51
".IXIC",2000-03-15,0.00061552651349257,4555.3
".IXIC",2000-03-16,0.00063206626277981,4698.8
".IXIC",2000-03-20,0.00018886899048481,4610.28
".IXIC",2000-03-21,0.00057102011676541,4710.73
".IXIC",2000-03-22,0.00022278404169276,4865.31
".IXIC",2000-03-23,0.00017865920576119,4940.3
".IXIC",2000-03-24,0.0002909864345247,4963.64
".IXIC",2000-03-27,0.00015037630076789,4957.36
".IXIC",2000-03-28,0.0001381566696628,4906.6
".IXIC",2000-03-29,0.00049581593386132,4645.03
".IXIC",2000-03-30,0.00083960941626586,4458.08
".IXIC",2000-03-31,0.00084923341154175,4570.91
".IXIC",2000-04-03,0.00082265985948426,4222.82
".IXIC",2000-04-04,0.00430134927239824,4151.02
".IXIC",2000-04-05,0.00158963156719084,4168.56
".IXIC",2000-04-06,0.0003455660644652,4268.27
".IXIC",2000-04-07,0.00016737513168963,4446.22
".IXIC",2000-04-10,0.00055658699942364,4188.85
".IXIC",2000-04-11,0.00128044706136064,4056.07
".IXIC",2000-04-12,0.00062554707288338,3919.82
".IXIC",2000-04-13,0.00164895051791438,3676.67
".IXIC",2000-04-14,0.0030744978643585,3319.33
".IXIC",2000-04-17,0.00261933117898182,3534.99
".IXIC",2000-04-18,0.00074169835791258,3794.97
".IXIC",2000-04-19,0.00076717391893336,3706.11
".IXIC",2000-04-20,0.00038304218936491,3644.14
".IXIC",2000-04-24,0.00085739939229804,3484.61
".IXIC",2000-04-25,0.00044023550249652,3710.98
".IXIC",2000-04-26,0.00056032540327844,3629.36
".IXIC",2000-04-27,0.00095377859876872,3773.01
".IXIC",2000-04-28,0.00028792147432968,3860.37
".IXIC",2000-05-01,0.0002508791692206,3957.6
".IXIC",2000-05-02,0.00024345246528515,3784.54
".IXIC",2000-05-03,0.000765535639493,3707.91
".IXIC",2000-05-04,0.00043543498267375,3721.13
".IXIC",2000-05-05,0.00030377884700096,3815.28
".IXIC",2000-05-08,0.00026167552790854,3669.11
".IXIC",2000-05-09,0.00037203947192704,3585.27
".IXIC",2000-05-10,0.00069456338314662,3384.99
".IXIC",2000-05-11,0.00049819075134453,3498.89
".IXIC",2000-05-12,0.00025158263176424,3528.6
".IXIC",2000-05-15,0.00038073954429765,3607.77
".IXIC",2000-05-16,0.00051737291315094,3717.08
".IXIC",2000-05-17,0.00024773286908042,3645.34
".IXIC",2000-05-18,0.00021025529223282,3538.74
".IXIC",2000-05-19,0.00038210587351275,3390.73
".IXIC",2000-05-22,0.00143609786112408,3364.49
".IXIC",2000-05-23,0.00088328727625433,3163.97
".IXIC",2000-05-24,0.00165470847721297,3269.96
".IXIC",2000-05-25,0.00075641969592421,3204.94
".IXIC",2000-05-26,0.0007866522661231,3205.26
".IXIC",2000-05-30,0.00026462094229654,3460.24
".IXIC",2000-05-31,0.0006830344654559,3399.62
".IXIC",2000-06-01,0.00036114853875453,3582.68
".IXIC",2000-06-02,0.0001983976450415,3814.1
".IXIC",2000-06-05,0.00038270524737433,3823.22
".IXIC",2000-06-06,0.00032415642982212,3756.78
".IXIC",2000-06-07,0.00038766412236891,3838.64
".IXIC",2000-06-08,0.00024303191441771,3824.14
".IXIC",2000-06-09,0.00011954980780741,3875.14
".IXIC",2000-06-12,0.00027402347395696,3768.18
".IXIC",2000-06-13,0.00027873586792868,3851.43
".IXIC",2000-06-14,0.00027610656762392,3797.7
".IXIC",2000-06-15,0.00022743399275205,3845.66
".IXIC",2000-06-16,0.00016850127158475,3859.7
".IXIC",2000-06-19,0.00015170749949778,3989.7
".IXIC",2000-06-20,0.00022276562606904,4012.35
".IXIC",2000-06-21,0.00018414604301935,4062.74
".IXIC",2000-06-22,0.00025966945740656,3938.03
".IXIC",2000-06-23,0.00029821831951139,3845.03
".IXIC",2000-06-26,0.00022017723289292,3911.73
".IXIC",2000-06-27,0.000165089596282,3858.95
".IXIC",2000-06-28,0.00019236650398998,3940.13
".IXIC",2000-06-29,0.00028792048181262,3876.85
".IXIC",2000-06-30,0.00012968725531654,3966
".IXIC",2000-07-03,3.08202126375399e-05,3967.65
".IXIC",2000-07-05,0.0001441909753533,3861.76
".IXIC",2000-07-06,0.00019628045683237,3959.25
".IXIC",2000-07-07,0.00011128719864485,4023.89
".IXIC",2000-07-10,0.00011467452357498,3980.88
".IXIC",2000-07-11,0.00024583359235845,3956.61
".IXIC",2000-07-12,9.52561543367806e-05,4098.7
".IXIC",2000-07-13,0.00012867356031823,4173.33
".IXIC",2000-07-14,0.00010648344334152,4243.95
".IXIC",2000-07-17,8.89189695787079e-05,4274.25
".IXIC",2000-07-18,0.00012406147898857,4177.45
".IXIC",2000-07-19,0.00015691230561937,4061.91
".IXIC",2000-07-20,0.00015924001400348,4184.12
".IXIC",2000-07-21,0.00011921630019222,4094.64
".IXIC",2000-07-24,0.00021913604066627,3982.31
".IXIC",2000-07-25,0.00024876534849926,4029.62
".IXIC",2000-07-26,0.0002242215286329,3986.9
".IXIC",2000-07-27,0.0004157006890634,3842.96
".IXIC",2000-07-28,0.00063262113366944,3662.53
".IXIC",2000-07-31,0.00042490533270487,3766.73
".IXIC",2000-08-01,0.00026878971235257,3686
".IXIC",2000-08-02,0.00031197990211869,3657.49
".IXIC",2000-08-03,0.00055453157678695,3760.89
".IXIC",2000-08-04,0.00027967050164629,3787.67
".IXIC",2000-08-07,0.00016580580284862,3862.8
".IXIC",2000-08-08,0.00011373235108119,3848.3
".IXIC",2000-08-09,0.00014158805899997,3853.04
".IXIC",2000-08-10,0.00015854938632919,3761.03
".IXIC",2000-08-11,0.00019451891011698,3788.14
".IXIC",2000-08-14,9.80713920015044e-05,3849.51
".IXIC",2000-08-15,0.00013128782064937,3851.69
".IXIC",2000-08-16,0.00012643918388493,3860.92
".IXIC",2000-08-17,0.00010994008996237,3941.17
".IXIC",2000-08-18,0.00011569187582594,3931.53
".IXIC",2000-08-21,0.00013228492348391,3953.42
".IXIC",2000-08-22,0.00011860408634341,3959.11
".IXIC",2000-08-23,0.00010477105938344,4011.06
".IXIC",2000-08-24,8.1354233936907e-05,4052.85
".IXIC",2000-08-25,9.27431571271264e-05,4042.02
".IXIC",2000-08-28,7.18219886277529e-05,4071.08
".IXIC",2000-08-29,8.30530889164444e-05,4081.07
".IXIC",2000-08-30,5.49109365461042e-05,4104.19
".IXIC",2000-08-31,5.46437808591807e-05,4206.48
".IXIC",2000-09-01,0.00010374879294754,4233.33
".IXIC",2000-09-05,0.00010097511737876,4144.07
".IXIC",2000-09-06,0.00015113537232044,4014.14
".IXIC",2000-09-07,0.00013302490694378,4099.21
".IXIC",2000-09-08,0.00017429073068569,3978.16
".IXIC",2000-09-11,0.00031531290418955,3897.47
".IXIC",2000-09-12,0.00021480702335974,3848.87
".IXIC",2000-09-13,0.0003979782791943,3893.27
".IXIC",2000-09-14,0.00018546604599354,3913.7
".IXIC",2000-09-15,0.00024540419422068,3836.13
".IXIC",2000-09-18,0.00040440150617738,3727.8
".IXIC",2000-09-19,0.00026456256410743,3864.1
".IXIC",2000-09-20,0.00037166999198712,3897.31
".IXIC",2000-09-21,0.00025647987445865,3828.56
".IXIC",2000-09-22,0.00034735552030283,3803.63
".IXIC",2000-09-25,0.00017285972920636,3741.8
".IXIC",2000-09-26,0.00047962959282573,3689.09
".IXIC",2000-09-27,0.00044462355966304,3655.75
".IXIC",2000-09-28,0.00030546753099954,3778.38
".IXIC",2000-09-29,0.00027726220834789,3672.29
".IXIC",2000-10-02,0.0003723641511166,3567.96
".IXIC",2000-10-03,0.00046657886653363,3455.07
".IXIC",2000-10-04,0.00082307662195119,3523.49
".IXIC",2000-10-05,0.00041716696164866,3472.63
".IXIC",2000-10-06,0.00056404232976581,3360.98
".IXIC",2000-10-09,0.00055737965704911,3355.37
".IXIC",2000-10-10,0.00056186709398446,3240.94
".IXIC",2000-10-11,0.00121470224434087,3168.29
".IXIC",2000-10-12,0.00136104861870111,3074.06
".IXIC",2000-10-13,0.00056653966178436,3316.97
".IXIC",2000-10-16,0.0004637389456265,3290.72
".IXIC",2000-10-17,0.00049251132935832,3213.15
".IXIC",2000-10-18,0.00175040406263103,3171.97
".IXIC",2000-10-19,0.00033072242811405,3418.21
".IXIC",2000-10-20,0.000296008471221,3481.91
".IXIC",2000-10-23,0.00031525278700903,3468.76
".IXIC",2000-10-24,0.00024182542311789,3420.19
".IXIC",2000-10-25,0.00062357156421802,3229.31
".IXIC",2000-10-26,0.00124665972913205,3273.99
".IXIC",2000-10-27,0.0007803211395613,3278.03
".IXIC",2000-10-30,0.0005769453032902,3192.76
".IXIC",2000-10-31,0.0004266127172022,3369.08
".IXIC",2000-11-01,0.00046267966764779,3333.53
".IXIC",2000-11-02,0.00022594798082286,3427.97
".IXIC",2000-11-03,0.00021772002162187,3452.05
".IXIC",2000-11-06,0.00011746371496814,3416.06
".IXIC",2000-11-07,0.00023013276912062,3405.26
".IXIC",2000-11-08,0.00045177732154988,3231.28
".IXIC",2000-11-09,0.00094003599850259,3201.47
".IXIC",2000-11-10,0.00042879969612237,3029.66
".IXIC",2000-11-13,0.00120369901644411,2965.87
".IXIC",2000-11-14,0.00043879074280545,3135.01
".IXIC",2000-11-15,0.00042885193836679,3166.61
".IXIC",2000-11-16,0.00033861957121497,3032.71
".IXIC",2000-11-17,0.00086307876067274,3026.79
".IXIC",2000-11-20,0.00049790352778917,2875.8
".IXIC",2000-11-21,0.00056226645808363,2870.01
".IXIC",2000-11-22,0.00069146554169805,2755.79
".IXIC",2000-11-24,0.00017401008517708,2904.38
".IXIC",2000-11-27,0.00035234670288781,2881.35
".IXIC",2000-11-28,0.0006140476126918,2735.5
".IXIC",2000-11-29,0.00093982471891463,2706.27
".IXIC",2000-11-30,0.00114339213558602,2598.31
".IXIC",2000-12-01,0.00076247797764684,2644.6
".IXIC",2000-12-04,0.00102529723282613,2616.23
".IXIC",2000-12-05,0.00052119301989594,2889.03
".IXIC",2000-12-06,0.0009412273196916,2796.58
".IXIC",2000-12-07,0.00075266242450412,2752.43
".IXIC",2000-12-08,0.00068545118015427,2918
".IXIC",2000-12-11,0.00047137350739338,3015.34
".IXIC",2000-12-12,0.0004124061143045,2931.82
".IXIC",2000-12-13,0.00062919731807886,2822.66
".IXIC",2000-12-14,0.00059824884754896,2728.56
".IXIC",2000-12-15,0.00055610528007659,2671.89
".IXIC",2000-12-18,0.00060145183604281,2625.57
".IXIC",2000-12-19,0.001579302258613,2511.15
".IXIC",2000-12-20,0.00119276395028703,2331.98
".IXIC",2000-12-26,0.00054705609147413,2492.77
".IXIC",2000-12-27,0.0004279723588044,2539.31
".IXIC",2000-12-28,0.00041159396528992,2556.81
".IXIC",2000-12-29,0.00048404258147641,2471.66
".IXIC",2001-01-02,0.0009994349723492,2291.6
".IXIC",2001-01-03,0.00387724087820695,2617.01
".IXIC",2001-01-04,0.00080019075770932,2566.05
".IXIC",2001-01-05,0.00112537807903058,2407.32
".IXIC",2001-01-08,0.00038464525466783,2349.89
".IXIC",2001-01-09,0.00071488767851837,2440.98
".IXIC",2001-01-10,0.0009320366620617,2523.57
".IXIC",2001-01-11,0.00060099723001624,2640.68
".IXIC",2001-01-12,0.00057162210749534,2625.5
".IXIC",2001-01-16,0.0003198570093632,2619.56
".IXIC",2001-01-17,0.00032148650659909,2681.34
".IXIC",2001-01-18,0.0003451678974767,2769.12
".IXIC",2001-01-19,0.00040117779064281,2770.56
".IXIC",2001-01-22,0.00029414534297544,2758.17
".IXIC",2001-01-23,0.00023421310489207,2840.35
".IXIC",2001-01-24,0.00034546988052163,2859.21
".IXIC",2001-01-25,0.00029759630533111,2754.5
".IXIC",2001-01-26,0.00030607838581163,2780.99
".IXIC",2001-01-29,0.00017852399882675,2838.29
".IXIC",2001-01-30,0.00023701242906826,2839.35
".IXIC",2001-01-31,0.00033862664000435,2773.6
".IXIC",2001-02-01,0.00035940489064859,2782.61
".IXIC",2001-02-02,0.00026224961722413,2660.13
".IXIC",2001-02-05,0.00025272264625498,2644.55
".IXIC",2001-02-06,0.0002700674488445,2663.86
".IXIC",2001-02-07,0.00036245510960877,2608.62
".IXIC",2001-02-08,0.00029766885359547,2562.02
".IXIC",2001-02-09,0.00031418102724566,2470.11
".IXIC",2001-02-12,0.00040377625375754,2489.95
".IXIC",2001-02-13,0.00043550863141434,2427.87
".IXIC",2001-02-14,0.00048750933989516,2492.5
".IXIC",2001-02-15,0.00027917584767996,2554.5
".IXIC",2001-02-16,0.00028336891344312,2425.52
".IXIC",2001-02-20,0.00039990659510802,2318.78
".IXIC",2001-02-21,0.00075304971808326,2269.07
".IXIC",2001-02-22,0.00132436580149784,2245.65
".IXIC",2001-02-23,0.00091582056582871,2262.63
".IXIC",2001-02-26,0.00043587658858161,2308.65
".IXIC",2001-02-27,0.00028744452605136,2207.82
".IXIC",2001-02-28,0.00092492542365058,2152.22
".IXIC",2001-03-01,0.00090778109625027,2184.41
".IXIC",2001-03-02,0.00058968246496261,2182.87
".IXIC",2001-03-05,0.00027359931313505,2143.97
".IXIC",2001-03-06,0.00021005247335812,2204.99
".IXIC",2001-03-07,0.00029237374607519,2224.04
".IXIC",2001-03-09,0.00039479304084136,2052.79
".IXIC",2001-03-12,0.00053779580791455,1923.03
".IXIC",2001-03-13,0.00069623163565202,2015.35
".IXIC",2001-03-14,0.00121956089031369,1970.69
".IXIC",2001-03-15,0.00034862676299665,1940.56
".IXIC",2001-03-16,0.00050517394846385,1890.49
".IXIC",2001-03-19,0.0004195012148471,1952.65
".IXIC",2001-03-20,0.00088562633200964,1858.72
".IXIC",2001-03-22,0.00093820914465592,1897.67
".IXIC",2001-03-23,0.00060286142108484,1928.77
".IXIC",2001-03-26,0.00026771247233075,1920.32
".IXIC",2001-03-27,0.00036875455940256,1972.24
".IXIC",2001-03-28,0.00037617981248433,1853.98
".IXIC",2001-03-29,0.00047591127813058,1821.84
".IXIC",2001-03-30,0.00061074085982169,1839.87
".IXIC",2001-04-02,9.05958751525382e-05,1847.82
".IXIC",2001-04-03,0.00059784619517261,1672.62
".IXIC",2001-04-04,0.00090665196269291,1638.94
".IXIC",2001-04-05,0.00040265201719455,1783.94
".IXIC",2001-04-06,0.00064820001468134,1720.76
".IXIC",2001-04-09,0.00030016773594774,1745.52
".IXIC",2001-04-10,0.00033884758002023,1851.97
".IXIC",2001-04-11,0.00044996212514024,1898.95
".IXIC",2001-04-12,0.00051173212263275,1961.4
".IXIC",2001-04-16,0.00036024327810438,1909.32
".IXIC",2001-04-17,0.0005928273695068,1922.95
".IXIC",2001-04-18,4.68893004775456e-05,2024.52
".IXIC",2001-04-19,0.00040619014639669,2181.65
".IXIC",2001-04-20,0.00044587279957087,2163.2
".IXIC",2001-04-23,0.0002192052902926,2059.4
".IXIC",2001-04-24,0.00044339095504055,2016.57
".IXIC",2001-04-25,0.00042564993662098,2059.65
".IXIC",2001-04-26,0.00033042728874311,2035.05
".IXIC",2001-04-27,0.00026196761279412,2075.62
".IXIC",2001-04-30,0.00022757555768289,2116.35
".IXIC",2001-05-01,0.00026985372044806,2168.2
".IXIC",2001-05-02,0.00033825614001174,2220.62
".IXIC",2001-05-03,0.00030435869915611,2146.02
".IXIC",2001-05-04,0.00043760031559069,2191.46
".IXIC",2001-05-07,0.00028364574852697,2173.98
".IXIC",2001-05-08,0.00020746462248725,2198.59
".IXIC",2001-05-09,0.00025262654032291,2156.57
".IXIC",2001-05-10,0.00017818266792241,2128.8
".IXIC",2001-05-11,0.00016408505885596,2107.5
".IXIC",2001-05-14,0.00011404601326572,2081.87
".IXIC",2001-05-15,0.00033453032713119,2085.78
".IXIC",2001-05-16,0.00028797254970726,2166.46
".IXIC",2001-05-17,0.00028571393000418,2193.94
".IXIC",2001-05-18,0.00018303236946535,2199.11
".IXIC",2001-05-21,0.00020366259026608,2305.48
".IXIC",2001-05-22,0.00028450912714676,2313.76
".IXIC",2001-05-23,0.00020755665084993,2243.54
".IXIC",2001-05-24,0.0002388486199425,2281.93
".IXIC",2001-05-25,0.00014101650450669,2250.9
".IXIC",2001-05-29,0.00018898426770166,2175.67
".IXIC",2001-05-30,0.00022366965055439,2084.49
".IXIC",2001-05-31,0.00025554551141909,2110.08
".IXIC",2001-06-01,0.00022692692944078,2149.76
".IXIC",2001-06-04,0.00015260191482568,2155.63
".IXIC",2001-06-05,0.0001519523159006,2233.34
".IXIC",2001-06-06,0.00029869539199623,2217.83
".IXIC",2001-06-07,0.0001507575880207,2264
".IXIC",2001-06-08,0.00019730078535414,2215.09
".IXIC",2001-06-11,0.00011644465516984,2171.12
".IXIC",2001-06-12,0.00030846014916952,2169.62
".IXIC",2001-06-13,0.00025962187364139,2121.61
".IXIC",2001-06-14,0.00024476939913037,2044.52
".IXIC",2001-06-15,0.00038602524061556,2028.93
".IXIC",2001-06-18,0.0002562873512854,1988.99
".IXIC",2001-06-19,0.0001957166451495,1992.82
".IXIC",2001-06-20,0.00032933001854344,2031.5
".IXIC",2001-06-21,0.0003000416288829,2058.76
".IXIC",2001-06-22,0.00032319489691952,2035.13
".IXIC",2001-06-25,0.00016668860485343,2051.11
".IXIC",2001-06-26,0.00020800573653367,2064.69
".IXIC",2001-06-27,0.00024073994444283,2074.83
".IXIC",2001-06-28,0.00037216320268509,2125.44
".IXIC",2001-06-29,0.0001576793435812,2169.31
".IXIC",2001-07-02,0.00020917266048048,2148.46
".IXIC",2001-07-03,7.24372732545564e-05,2140.8
".IXIC",2001-07-05,0.00010718414038569,2079.97
".IXIC",2001-07-06,0.0002073344378051,2003.81
".IXIC",2001-07-09,0.00015564289388621,2026.63
".IXIC",2001-07-10,0.00019701581261989,1962.87
".IXIC",2001-07-11,0.00034879990739468,1972.18
".IXIC",2001-07-12,0.00010127075698669,2075.44
".IXIC",2001-07-13,0.00018163544467805,2085.06
".IXIC",2001-07-16,0.00021553437747491,2029.35
".IXIC",2001-07-17,0.00020693229393912,2067.32
".IXIC",2001-07-18,0.00021700977582591,2016.02
".IXIC",2001-07-19,0.00019536126127202,2046.41
".IXIC",2001-07-20,0.00010816901241214,2029.58
".IXIC",2001-07-23,0.00017659897155656,1988.53
".IXIC",2001-07-24,0.00021847069559433,1958.97
".IXIC",2001-07-25,0.00026441435721425,1984.38
".IXIC",2001-07-26,0.00019866316267154,2023.05
".IXIC",2001-07-27,0.00013470575469155,2028.84
".IXIC",2001-07-30,0.00010011608101811,2018.07
".IXIC",2001-07-31,0.0001433880136524,2027.12
".IXIC",2001-08-01,9.11782629796914e-05,2068.08
".IXIC",2001-08-02,9.84871965067213e-05,2087.23
".IXIC",2001-08-03,0.00012089165828556,2066.02
".IXIC",2001-08-06,5.61215920238849e-05,2034.73
".IXIC",2001-08-07,9.20598077527227e-05,2028.13
".IXIC",2001-08-08,0.00021895534738175,1966.3
".IXIC",2001-08-09,0.0002521584756138,1963
".IXIC",2001-08-10,0.00025596260018079,1956.33
".IXIC",2001-08-13,0.00011589810902139,1982.66
".IXIC",2001-08-14,0.00011291569666932,1964.9
".IXIC",2001-08-15,0.00016470417917627,1918.99
".IXIC",2001-08-16,0.00019739871202112,1930.14
".IXIC",2001-08-17,0.00013800056547486,1867
".IXIC",2001-08-20,0.00011770712923235,1881.62
".IXIC",2001-08-21,1.89710497214827e-05,1889.2
".IXIC",2001-08-22,5.17731123371164e-05,1833.9
".IXIC",2001-08-23,0.00010960856564709,1842.97
".IXIC",2001-08-24,0.00014888027359971,1916.39
".IXIC",2001-08-27,0.0001715453148003,1912.17
".IXIC",2001-08-28,0.00025437562235735,1865.2
".IXIC",2001-08-29,0.00018332712420921,1843
".IXIC",2001-08-30,0.00025915279270329,1791.79
".IXIC",2001-08-31,0.00029939512878585,1805
".IXIC",2001-09-04,0.00036174058827306,1771.13
".IXIC",2001-09-05,0.00051345490677295,1758.79
".IXIC",2001-09-06,0.00056828775352195,1704.94
".IXIC",2001-09-07,0.00058175248578847,1688.15
".IXIC",2001-09-10,0.00011087848865519,1695.38
".IXIC",2001-09-17,0.00049915534830452,1579.48
".IXIC",2001-09-18,0.00023540324292564,1554.34
".IXIC",2001-09-19,0.0008815988579257,1527.47
".IXIC",2001-09-20,0.00061763888490621,1470.66
".IXIC",2001-09-21,0.00077803586807961,1423.69
".IXIC",2001-09-24,0.00042561278697446,1499.23
".IXIC",2001-09-25,0.00038037268532951,1501.67
".IXIC",2001-09-26,0.00019256282848989,1463.94
".IXIC",2001-09-27,0.00047883396415078,1460.46
".IXIC",2001-09-28,0.00041854204718804,1498.52
".IXIC",2001-10-01,0.00025566596764412,1480.61
".IXIC",2001-10-02,0.00032199151784768,1492.12
".IXIC",2001-10-03,0.00063984379724072,1580.83
".IXIC",2001-10-04,0.00064871003361048,1596.65
".IXIC",2001-10-05,0.00051269567506815,1605.07
".IXIC",2001-10-09,0.0002817844229302,1570.72
".IXIC",2001-10-10,0.00032643637780515,1626.35
".IXIC",2001-10-11,0.00037857038144877,1701.25
".IXIC",2001-10-12,0.00073923051717141,1703.29
".IXIC",2001-10-15,0.00022307162852145,1696.38
".IXIC",2001-10-16,0.00028603912254077,1721.98
".IXIC",2001-10-17,0.00055749038472311,1646.71
".IXIC",2001-10-18,0.00039329517631043,1653.08
".IXIC",2001-10-19,0.00018918192215174,1671.48
".IXIC",2001-10-22,0.00027393419202245,1707.88
".IXIC",2001-10-23,0.00028194227560865,1704.74
".IXIC",2001-10-24,2.02259716342172e-05,1700.36
".IXIC",2001-10-25,0.00044603965541162,1775.11
".IXIC",2001-10-26,0.00034488718510216,1769.42
".IXIC",2001-10-29,0.00032181520489741,1699.4
".IXIC",2001-10-30,0.00041109195944643,1667.37
".IXIC",2001-10-31,0.00032283203011641,1690.51
".IXIC",2001-11-01,0.00039367583752466,1746.45
".IXIC",2001-11-02,0.00024358051211747,1745.74
".IXIC",2001-11-05,0.00013387462041848,1793.63
".IXIC",2001-11-06,0.00025001274188472,1835.49
".IXIC",2001-11-07,0.00014561076034809,1837.53
".IXIC",2001-11-08,0.00032202963361621,1827.95
".IXIC",2001-11-09,0.00032889778508941,1828.05
".IXIC",2001-11-12,0.00068092891165521,1840.17
".IXIC",2001-11-13,0.00018862751791872,1891.79
".IXIC",2001-11-14,0.00014447112616069,1903.19
".IXIC",2001-11-15,0.00022350785547708,1900.28
".IXIC",2001-11-16,0.00013622196408673,1898.42
".IXIC",2001-11-19,0.00011662172017981,1934.61
".IXIC",2001-11-20,0.00017694749991297,1880.26
".IXIC",2001-11-21,0.0001940539545305,1874.95
".IXIC",2001-11-23,4.46978647058176e-05,1903.2
".IXIC",2001-11-26,0.00015981308821217,1941.18
".IXIC",2001-11-27,0.00029721245134298,1936.3
".IXIC",2001-11-28,0.00031351019426681,1888.25
".IXIC",2001-11-29,0.0002065710837529,1933.2
".IXIC",2001-11-30,0.00015355078285972,1930.43
".IXIC",2001-12-03,0.00017561803691844,1904.67
".IXIC",2001-12-04,8.79879375360281e-05,1963.22
".IXIC",2001-12-05,0.0002028968306939,2046.88
".IXIC",2001-12-06,0.00016318611778691,2054.08
".IXIC",2001-12-07,0.00014167258779905,2020.92
".IXIC",2001-12-10,0.00016219888914613,1992.01
".IXIC",2001-12-11,0.00010401286162219,2001.96
".IXIC",2001-12-12,0.00019364051841022,2011.49
".IXIC",2001-12-13,0.0001706269122265,1946.09
".IXIC",2001-12-14,0.00019981858724535,1953.42
".IXIC",2001-12-17,0.00012027923297125,1987.61
".IXIC",2001-12-18,0.00011641478879051,2005.08
".IXIC",2001-12-19,0.000156667767913,1982.73
".IXIC",2001-12-20,0.00014740315531606,1918.76
".IXIC",2001-12-21,5.38569927735506e-05,1945.71
".IXIC",2001-12-24,2.72213907980111e-05,1944.48
".IXIC",2001-12-26,9.53221404493871e-05,1960.82
".IXIC",2001-12-27,6.71957951239179e-05,1976.52
".IXIC",2001-12-28,6.12022447284702e-05,1987.47
".IXIC",2001-12-31,8.62577311188504e-05,1950.64
".IXIC",2002-01-02,0.00019720290636024,1978.9
".IXIC",2002-01-03,0.00012935194673335,2044.56
".IXIC",2002-01-04,0.00019958444886454,2058.45
".IXIC",2002-01-07,0.00012825386927466,2036.96
".IXIC",2002-01-08,0.00015513057196711,2055.64
".IXIC",2002-01-09,0.00020305902624209,2044.2
".IXIC",2002-01-10,0.0001722790848878,2047.38
".IXIC",2002-01-11,0.00014471393898118,2022.58
".IXIC",2002-01-14,0.00011658799254473,1990.27
".IXIC",2002-01-15,0.00010789546594912,2000.67
".IXIC",2002-01-16,0.00016013037113754,1944.32
".IXIC",2002-01-17,4.05733036198357e-05,1956.16
".IXIC",2002-01-18,9.07520453241271e-05,1930.34
".IXIC",2002-01-22,0.00016324817611666,1882.41
".IXIC",2002-01-23,0.00015070584771135,1922.21
".IXIC",2002-01-24,0.00012925595158824,1942.73
".IXIC",2002-01-25,9.81972053742526e-05,1938.21
".IXIC",2002-01-28,2.71480247428658e-05,1943.91
".IXIC",2002-01-29,0.00021499707544401,1893.3
".IXIC",2002-01-30,0.00044816168733516,1913.66
".IXIC",2002-01-31,0.00016240333295365,1933.75
".IXIC",2002-02-01,4.41544520082586e-05,1923.12
".IXIC",2002-02-04,0.00019260420489495,1855.67
".IXIC",2002-02-05,0.0003245381463608,1838.93
".IXIC",2002-02-06,0.00027643460557832,1813.08
".IXIC",2002-02-07,0.00026252077978023,1781.73
".IXIC",2002-02-08,0.00023148294534246,1818.47
".IXIC",2002-02-11,0.00010152074385925,1846.93
".IXIC",2002-02-12,0.00011374883047768,1834.55
".IXIC",2002-02-13,0.00011388195655897,1859.01
".IXIC",2002-02-14,0.00015272360545512,1843.71
".IXIC",2002-02-15,0.00014300588362345,1805.27
".IXIC",2002-02-19,0.00013123844462582,1750.73
".IXIC",2002-02-20,0.0002636479717407,1776.07
".IXIC",2002-02-21,0.00024478971569052,1716.42
".IXIC",2002-02-22,0.00033393645495718,1724.24
".IXIC",2002-02-25,0.00015342720253846,1769.69
".IXIC",2002-02-26,0.00032360603755819,1767.04
".IXIC",2002-02-27,0.00024131349100531,1752.07
".IXIC",2002-02-28,0.00023725718216555,1730.89
".IXIC",2002-03-01,0.0001918196462482,1802.89
".IXIC",2002-03-04,0.00023087814554169,1859.72
".IXIC",2002-03-05,0.00025245672174951,1866.47
".IXIC",2002-03-06,0.00022678737506465,1890.35
".IXIC",2002-03-07,0.00026313170673167,1881.57
".IXIC",2002-03-08,0.00014373213674661,1929.43
".IXIC",2002-03-11,0.00011617371392833,1929.22
".IXIC",2002-03-12,0.00013132572542152,1897.31
".IXIC",2002-03-13,8.62161485064858e-05,1862.09
".IXIC",2002-03-14,0.00011581386739532,1854.46
".IXIC",2002-03-15,0.00011939469899062,1868.26
".IXIC",2002-03-18,0.000102041607406,1877.04
".IXIC",2002-03-19,8.85219853753601e-05,1881.14
".IXIC",2002-03-20,7.50635668835922e-05,1833.21
".IXIC",2002-03-21,0.00013424432526381,1869.05
".IXIC",2002-03-22,0.00012022139907383,1850.96
".IXIC",2002-03-25,0.0001091298015005,1812.92
".IXIC",2002-03-26,0.00017366848726158,1824.05
".IXIC",2002-03-27,9.25261571321495e-05,1827.09
".IXIC",2002-03-28,7.40027342484323e-05,1845.25
".IXIC",2002-04-01,0.00011164466468128,1863.21
".IXIC",2002-04-02,9.13645499162295e-05,1804.68
".IXIC",2002-04-03,0.00014231836312484,1784.59
".IXIC",2002-04-04,0.00014414668550289,1790.12
".IXIC",2002-04-05,0.00011669015696794,1770.09
".IXIC",2002-04-08,0.00016145072697231,1786.4
".IXIC",2002-04-09,0.00012840140760513,1742.81
".IXIC",2002-04-10,0.00023024316822245,1767.28
".IXIC",2002-04-11,0.00013337902429984,1734.51
".IXIC",2002-04-12,0.0001349368146479,1756.33
".IXIC",2002-04-15,0.00011586524836675,1754
".IXIC",2002-04-16,9.54351683769282e-05,1816.48
".IXIC",2002-04-17,0.0001034419573196,1811.28
".IXIC",2002-04-18,0.00020026016561466,1803.02
".IXIC",2002-04-19,9.44567064166086e-05,1796.61
".IXIC",2002-04-22,6.19872565435705e-05,1759.23
".IXIC",2002-04-23,0.00012965321309371,1730.13
".IXIC",2002-04-24,0.00016017535479788,1713.49
".IXIC",2002-04-25,0.00020697409303006,1713.7
".IXIC",2002-04-26,0.00021938249002144,1664.12
".IXIC",2002-04-29,0.00019413887863457,1657.27
".IXIC",2002-04-30,0.00020977959221329,1688.11
".IXIC",2002-05-01,0.00023906534890788,1677.61
".IXIC",2002-05-02,0.00030974125329587,1645.64
".IXIC",2002-05-03,0.00017846640556781,1612.85
".IXIC",2002-05-06,0.00018053998523208,1578.5
".IXIC",2002-05-07,0.00028211892634056,1574.35
".IXIC",2002-05-08,0.00024253684321246,1696.35
".IXIC",2002-05-09,0.00026882767676296,1650.46
".IXIC",2002-05-10,0.00028617165424556,1600.7
".IXIC",2002-05-13,0.0002065794752121,1653.1
".IXIC",2002-05-14,0.00014027680608445,1719.42
".IXIC",2002-05-15,0.00029751847505376,1725.76
".IXIC",2002-05-16,0.00018433043829723,1730.52
".IXIC",2002-05-17,0.00017060024329183,1741.32
".IXIC",2002-05-20,0.00010209351781401,1701.27
".IXIC",2002-05-21,0.0001506615099366,1664.47
".IXIC",2002-05-22,0.00022653159237044,1673.78
".IXIC",2002-05-23,0.00019401310716717,1697.77
".IXIC",2002-05-24,0.00011991480528784,1661.41
".IXIC",2002-05-28,0.00014691290703247,1652.45
".IXIC",2002-05-29,0.00010390117493588,1624.31
".IXIC",2002-05-30,0.00017440823873438,1632.34
".IXIC",2002-05-31,0.00013611535738407,1615.69
".IXIC",2002-06-03,0.00022704919442612,1562.64
".IXIC",2002-06-04,0.00041774119250876,1578.19
".IXIC",2002-06-05,0.00031760467896188,1595.24
".IXIC",2002-06-06,0.00016156235712686,1555.01
".IXIC",2002-06-07,0.0003134921729321,1535.2
".IXIC",2002-06-10,0.00015724667188558,1530.62
".IXIC",2002-06-11,0.00018955583140933,1496.87
".IXIC",2002-06-12,0.00050126330454958,1519.16
".IXIC",2002-06-13,0.0002510412046984,1497.16
".IXIC",2002-06-14,0.00051417745584706,1504.78
".IXIC",2002-06-17,0.00014330255146269,1553.3
".IXIC",2002-06-18,0.00018429119197726,1543.12
".IXIC",2002-06-19,0.00017406934765104,1496.85
".IXIC",2002-06-20,0.00024572242978948,1464.91
".IXIC",2002-06-21,0.00026549013863386,1440.95
".IXIC",2002-06-24,0.00039867761703592,1460.47
".IXIC",2002-06-25,0.00032241742771681,1424.02
".IXIC",2002-06-26,0.00068640079282725,1429.24
".IXIC",2002-06-27,0.00043880221150501,1459.32
".IXIC",2002-06-28,0.00027668484404888,1462.29
".IXIC",2002-07-01,0.00018600068443989,1403.79
".IXIC",2002-07-02,0.00041520409866689,1357.7
".IXIC",2002-07-03,0.00045245396306354,1380.38
".IXIC",2002-07-05,0.00011660093491852,1448.36
".IXIC",2002-07-08,0.00027392899868347,1405.78
".IXIC",2002-07-09,0.00031757012928773,1381.28
".IXIC",2002-07-10,0.00041332229741406,1345.9
".IXIC",2002-07-11,0.00074030691353249,1372.95
".IXIC",2002-07-12,0.0004510196375518,1373.05
".IXIC",2002-07-15,0.00060286624155805,1382.7
".IXIC",2002-07-16,0.00057611721198148,1375.61
".IXIC",2002-07-17,0.00053780105094597,1396.99
".IXIC",2002-07-18,0.00026007888591927,1356.89
".IXIC",2002-07-19,0.000320442396141,1319.07
".IXIC",2002-07-22,0.00081624142538387,1282.75
".IXIC",2002-07-23,0.00069095522233611,1229.19
".IXIC",2002-07-24,0.00109583883875544,1290.31
".IXIC",2002-07-25,0.00109976238923606,1240.14
".IXIC",2002-07-26,0.00040511056830314,1262.09
".IXIC",2002-07-29,0.00025479118946257,1335.19
".IXIC",2002-07-30,0.00038218371933031,1344.18
".IXIC",2002-07-31,0.00022844962915255,1328.65
".IXIC",2002-08-01,0.00023732430168392,1280.03
".IXIC",2002-08-02,0.0003173752078948,1247.77
".IXIC",2002-08-05,0.00018999365888392,1205.84
".IXIC",2002-08-06,0.00045756130516359,1259.48
".IXIC",2002-08-07,0.00043666764790033,1281.27
".IXIC",2002-08-08,0.00033972374896577,1316.23
".IXIC",2002-08-09,0.00027484487836175,1306.12
".IXIC",2002-08-12,0.00015285083703243,1306.79
".IXIC",2002-08-13,0.00031323808972701,1269.64
".IXIC",2002-08-14,0.00029505765023679,1333.86
".IXIC",2002-08-15,0.00046122045180968,1344.93
".IXIC",2002-08-16,6.76369860804405e-05,1361.01
".IXIC",2002-08-19,0.00014678502105246,1394.56
".IXIC",2002-08-20,0.00014579211937108,1376.83
".IXIC",2002-08-21,0.00026255133227808,1409.05
".IXIC",2002-08-22,0.00016914436055397,1422.69
".IXIC",2002-08-23,0.00014031535158548,1381.04
".IXIC",2002-08-26,0.00019432074733495,1391.97
".IXIC",2002-08-27,0.00022021247471539,1348.21
".IXIC",2002-08-28,0.00019759248316459,1314.76
".IXIC",2002-08-29,0.00030667713106989,1335.68
".IXIC",2002-08-30,0.00019774324565405,1314.92
".IXIC",2002-09-03,0.00017176579344678,1263.84
".IXIC",2002-09-04,0.00023143956295583,1292.05
".IXIC",2002-09-05,0.00018580087651093,1251.32
".IXIC",2002-09-06,0.00019523034314816,1295.21
".IXIC",2002-09-09,0.00019029039989871,1304.68
".IXIC",2002-09-10,0.00010601197468246,1320.09
".IXIC",2002-09-11,0.0001885676217108,1315.45
".IXIC",2002-09-12,0.00011897444835602,1279.68
".IXIC",2002-09-13,0.00026783161873067,1291.27
".IXIC",2002-09-16,0.00011540203520973,1275.79
".IXIC",2002-09-17,0.00017583085865437,1259.81
".IXIC",2002-09-18,0.00021901194232523,1252.37
".IXIC",2002-09-19,0.00017564434593437,1216.23
".IXIC",2002-09-20,0.00018847348022314,1220.86
".IXIC",2002-09-23,0.0002024333905357,1185.03
".IXIC",2002-09-24,0.00049712798340818,1182.52
".IXIC",2002-09-25,0.00025127883410034,1222.24
".IXIC",2002-09-26,0.00028633877084083,1221.67
".IXIC",2002-09-27,0.00024359105696095,1198.94
".IXIC",2002-09-30,0.00038158512143044,1171.86
".IXIC",2002-10-01,0.0003925028903354,1214.01
".IXIC",2002-10-02,0.00038590346953575,1187.31
".IXIC",2002-10-03,0.00038716899599662,1165.4
".IXIC",2002-10-04,0.00052031930996097,1140.21
".IXIC",2002-10-07,0.00028640924299596,1118.98
".IXIC",2002-10-08,0.00045086620039334,1129.28
".IXIC",2002-10-09,0.00041063200981141,1114.27
".IXIC",2002-10-10,0.00044469126609011,1163.5
".IXIC",2002-10-11,0.00033032774818962,1210.39
".IXIC",2002-10-14,0.00020271098244518,1220.73
".IXIC",2002-10-15,0.00016489539116772,1282.12
".IXIC",2002-10-16,0.00018677421871839,1232.33
".IXIC",2002-10-17,0.00020947271342891,1272.26
".IXIC",2002-10-18,0.00023119528947451,1287.98
".IXIC",2002-10-21,0.00019000556708575,1309.66
".IXIC",2002-10-22,7.60741454488806e-05,1292.8
".IXIC",2002-10-23,0.00023908988411527,1320.14
".IXIC",2002-10-24,0.00029127060445421,1298.67
".IXIC",2002-10-25,0.00016743963526221,1331.21
".IXIC",2002-10-28,0.00020052888265033,1315.55
".IXIC",2002-10-29,0.00025858781465935,1300.62
".IXIC",2002-10-30,0.00022701397170798,1326.91
".IXIC",2002-11-01,0.00024054690204,1360.65
".IXIC",2002-11-04,0.00016599290859608,1396.19
".IXIC",2002-11-05,0.00019700385025,1401.37
".IXIC",2002-11-06,0.00041498012762754,1419
".IXIC",2002-11-07,0.00015340601513078,1377
".IXIC",2002-11-08,0.00025188684091314,1359.59
".IXIC",2002-11-11,0.00017589105041188,1319.17
".IXIC",2002-11-12,0.00017807451477145,1349.64
".IXIC",2002-11-13,0.00037686223917506,1361.34
".IXIC",2002-11-14,0.00014078742376323,1411.53
".IXIC",2002-11-15,0.00019692753044358,1411.02
".IXIC",2002-11-18,0.00016589111520611,1394
".IXIC",2002-11-19,0.00016311559228539,1374.41
".IXIC",2002-11-20,6.27426296550551e-05,1397.97
".IXIC",2002-11-21,0.00014975245366137,1467.3
".IXIC",2002-11-22,0.00013868119843068,1468.61
".IXIC",2002-11-25,0.00013981448452068,1481.82
".IXIC",2002-11-26,0.00011186735051846,1444.3
".IXIC",2002-11-27,0.00011627316266939,1487.82
".IXIC",2002-11-29,6.17914490867351e-05,1478.78
".IXIC",2002-12-02,0.00022422570080733,1485.03
".IXIC",2002-12-03,0.00013946249214591,1449.06
".IXIC",2002-12-04,0.00022776948639203,1430.37
".IXIC",2002-12-05,0.0001859206559868,1410.7
".IXIC",2002-12-06,0.00022044286337577,1422.22
".IXIC",2002-12-09,0.00014358919245227,1367.53
".IXIC",2002-12-10,0.00014607423373413,1390.81
".IXIC",2002-12-11,0.00015611370858393,1396.58
".IXIC",2002-12-12,0.00017512199303569,1399.36
".IXIC",2002-12-13,9.34231658683552e-05,1362.92
".IXIC",2002-12-16,9.93995175461768e-05,1399.68
".IXIC",2002-12-17,0.00012766901074401,1392.15
".IXIC",2002-12-18,0.00013010372322881,1361.38
".IXIC",2002-12-19,0.00025876657745476,1353.97
".IXIC",2002-12-20,9.31490308479836e-05,1363.52
".IXIC",2002-12-23,9.8313606895731e-05,1381.6
".IXIC",2002-12-24,2.5689597968702e-05,1372.47
".IXIC",2002-12-26,0.00011217218176227,1367.97
".IXIC",2002-12-27,7.19033140936981e-05,1348.28
".IXIC",2002-12-30,0.00010854839382935,1339.58
".IXIC",2002-12-31,0.00014267480483533,1335.21
".IXIC",2003-01-02,0.00019485219641455,1384.85
".IXIC",2003-01-03,0.00013951078021281,1386.98
".IXIC",2003-01-06,7.4173674423781e-05,1419.91
".IXIC",2003-01-07,0.00020507049431791,1431.69
".IXIC",2003-01-08,0.00012575987287497,1400.98
".IXIC",2003-01-09,0.00010605345972765,1438.42
".IXIC",2003-01-10,0.00017051788391859,1447.72
".IXIC",2003-01-13,0.00012023997694428,1445.92
".IXIC",2003-01-14,0.00010114384605355,1461.12
".IXIC",2003-01-15,9.06609423096807e-05,1438.86
".IXIC",2003-01-16,0.00010778367526248,1423.96
".IXIC",2003-01-22,0.00014976782049854,1359.41
".IXIC",2003-01-23,0.00013219710390903,1388.3
".IXIC",2003-01-24,0.00016124653487465,1342.07
".IXIC",2003-01-27,0.00027309599586073,1325.48
".IXIC",2003-01-28,0.00012584636089917,1342.63
".IXIC",2003-01-29,0.00016667142136198,1358.15
".IXIC",2003-01-30,0.00017234371390114,1322.21
".IXIC",2003-01-31,0.00020587231211943,1320.94
".IXIC",2003-02-03,9.98988695158409e-05,1323.69
".IXIC",2003-02-04,0.00011674308515679,1305.77
".IXIC",2003-02-05,0.0002623428853219,1301.71
".IXIC",2003-02-06,0.00020280605616495,1301.67
".IXIC",2003-02-07,0.00014822387045856,1282.25
".IXIC",2003-02-10,0.00013231113773435,1296.96
".IXIC",2003-02-11,0.0001142247773484,1295.28
".IXIC",2003-02-12,0.0001056358826732,1278.74
".IXIC",2003-02-13,0.00017786517776851,1277.72
".IXIC",2003-02-14,0.00018692915172844,1310.07
".IXIC",2003-02-18,0.00013493084903609,1346.92
".IXIC",2003-02-19,9.83981151481691e-05,1334.64
".IXIC",2003-02-20,6.18638428915415e-05,1331.47
".IXIC",2003-02-21,0.00017094423275083,1349
".IXIC",2003-02-24,0.00011102452421407,1322.58
".IXIC",2003-02-25,0.00017458797013016,1329.34
".IXIC",2003-02-26,0.00015001155871823,1303.89
".IXIC",2003-02-27,0.00016771653285794,1324.22
".IXIC",2003-02-28,0.00013004929986742,1337.95
".IXIC",2003-03-03,0.00010000180601618,1320.07
".IXIC",2003-03-04,7.44661895931023e-05,1307.48
".IXIC",2003-03-05,0.00013542794976929,1314.54
".IXIC",2003-03-06,9.17364710887872e-05,1303.11
".IXIC",2003-03-07,0.00029881684294857,1305.53
".IXIC",2003-03-10,6.77259700403341e-05,1278.47
".IXIC",2003-03-11,0.00011582663908548,1271.4
".IXIC",2003-03-12,0.00016037953330541,1279.02
".IXIC",2003-03-13,0.00011650123394564,1340.76
".IXIC",2003-03-14,0.00028607511221647,1339.77
".IXIC",2003-03-17,0.00046253781506873,1392.41
".IXIC",2003-03-18,0.00020673352881836,1400.15
".IXIC",2003-03-19,0.00014317669468862,1396.97
".IXIC",2003-03-20,0.00017348719042479,1402.53
".IXIC",2003-03-21,0.00021936798862316,1422.31
".IXIC",2003-03-24,8.63826674808358e-05,1370.23
".IXIC",2003-03-25,0.00013531542960189,1391.08
".IXIC",2003-03-26,9.93000869278875e-05,1387.59
".IXIC",2003-03-27,8.1810643832059e-05,1384.43
".IXIC",2003-03-28,6.07162059014592e-05,1369.29
".IXIC",2003-03-31,0.0001240015197753,1341.01
".IXIC",2003-04-01,0.00011260762227368,1348.04
".IXIC",2003-04-02,7.48813613582345e-05,1396.77
".IXIC",2003-04-03,8.93270533317622e-05,1396.59
".IXIC",2003-04-04,0.0001196660279267,1383.53
".IXIC",2003-04-07,0.00016311107396571,1389.73
".IXIC",2003-04-08,0.00013583438167522,1382.87
".IXIC",2003-04-09,0.00016604521649789,1356.7
".IXIC",2003-04-10,7.0202767827665e-05,1365.58
".IXIC",2003-04-11,0.00012227530598435,1359.02
".IXIC",2003-04-14,7.8729743209869e-05,1384.86
".IXIC",2003-04-15,9.43239569114749e-05,1390.99
".IXIC",2003-04-16,0.00010676024177449,1394.47
".IXIC",2003-04-17,9.08384201907902e-05,1425.29
".IXIC",2003-04-21,0.00010927737881746,1424.39
".IXIC",2003-04-22,7.93473482139131e-05,1448.83
".IXIC",2003-04-23,8.13775019873276e-05,1465.93
".IXIC",2003-04-24,5.76547001112644e-05,1458.93
".IXIC",2003-04-25,6.60507267036257e-05,1434.47
".IXIC",2003-04-28,6.26508172550693e-05,1462.17
".IXIC",2003-04-29,0.00012400625778463,1471.28
".IXIC",2003-04-30,0.00010159400664262,1464.26
".IXIC",2003-05-01,0.00010301782938549,1472.65
".IXIC",2003-05-02,0.00010335000830916,1502.86
".IXIC",2003-05-05,7.96224237497169e-05,1504.14
".IXIC",2003-05-06,9.90007049867247e-05,1523.72
".IXIC",2003-05-07,8.63285980475416e-05,1506.65
".IXIC",2003-05-08,7.82615608595381e-05,1489.69
".IXIC",2003-05-09,5.74964938927522e-05,1520.01
".IXIC",2003-05-12,8.7955463245352e-05,1541.42
".IXIC",2003-05-13,6.96823879433277e-05,1539.58
".IXIC",2003-05-14,7.19085504453907e-05,1535.06
".IXIC",2003-05-15,9.11362911106641e-05,1551.23
".IXIC",2003-05-16,6.72947532956384e-05,1538.38
".IXIC",2003-05-19,8.74049301459161e-05,1492.57
".IXIC",2003-05-20,0.0001089484106339,1491.34
".IXIC",2003-05-21,7.93808882397401e-05,1489.84
".IXIC",2003-05-22,6.76850363041107e-05,1507.49
".IXIC",2003-05-23,3.72218340943702e-05,1510.03
".IXIC",2003-05-27,9.52644448972245e-05,1556.62
".IXIC",2003-05-28,9.31516775052034e-05,1563.2
".IXIC",2003-05-29,0.00012495016030855,1574.97
".IXIC",2003-05-30,7.22975104402066e-05,1595.87
".IXIC",2003-06-02,0.0001315878219648,1590.87
".IXIC",2003-06-03,9.61804325568196e-05,1603.53
".IXIC",2003-06-04,0.00012896579454696,1635
".IXIC",2003-06-05,9.48351689636165e-05,1645.6
".IXIC",2003-06-06,0.00019015967917729,1626.35
".IXIC",2003-06-09,0.00011013870897146,1603.91
".IXIC",2003-06-10,8.87605341277374e-05,1627.68
".IXIC",2003-06-11,0.00011818906790803,1645.95
".IXIC",2003-06-12,8.86618300224416e-05,1653.52
".IXIC",2003-06-13,0.00010301714256514,1626.83
".IXIC",2003-06-16,9.27029718249114e-05,1667.77
".IXIC",2003-06-17,9.55629218192738e-05,1668.08
".IXIC",2003-06-18,8.6752833317384e-05,1677.15
".IXIC",2003-06-19,0.00013413375801149,1649.22
".IXIC",2003-06-20,0.00010040471402092,1643.9
".IXIC",2003-06-23,9.4549334595305e-05,1610.68
".IXIC",2003-06-24,0.00012884363073611,1606.12
".IXIC",2003-06-25,0.00016879407807098,1603.57
".IXIC",2003-06-26,0.00010448310238773,1634.38
".IXIC",2003-06-27,0.00010598076234921,1624.25
".IXIC",2003-06-30,0.00010907963361772,1622.94
".IXIC",2003-07-01,0.00014463876953132,1640.15
".IXIC",2003-07-02,6.93984935667324e-05,1678.09
".IXIC",2003-07-03,0.00014322548238979,1663.46
".IXIC",2003-07-07,8.15708196812528e-05,1720.78
".IXIC",2003-07-08,7.43754786377595e-05,1745.94
".IXIC",2003-07-09,0.00010656933408859,1747.16
".IXIC",2003-07-10,9.5572099022215e-05,1715.89
".IXIC",2003-07-11,7.0841610951734e-05,1734.22
".IXIC",2003-07-14,0.00011657681451899,1754.76
".IXIC",2003-07-15,0.00011029462214656,1752.98
".IXIC",2003-07-16,9.09019692437604e-05,1748.09
".IXIC",2003-07-17,9.76401191145562e-05,1698.1
".IXIC",2003-07-18,9.87435140552679e-05,1708.33
".IXIC",2003-07-21,0.00011849175975068,1681.37
".IXIC",2003-07-22,0.00010146366074149,1706.36
".IXIC",2003-07-23,8.65267012009254e-05,1719.16
".IXIC",2003-07-24,0.00010818083361761,1701.06
".IXIC",2003-07-25,0.00014872311520708,1730.76
".IXIC",2003-07-28,9.70645228647243e-05,1735.49
".IXIC",2003-07-29,0.00018521934049684,1731.24
".IXIC",2003-07-30,6.17710551090874e-05,1720.6
".IXIC",2003-07-31,0.00014745343515035,1735.2
".IXIC",2003-08-01,8.32084275263176e-05,1715.77
".IXIC",2003-08-04,0.00014434736773404,1713.92
".IXIC",2003-08-05,0.0001323259573732,1673.35
".IXIC",2003-08-06,0.00014006997703758,1653.12
".IXIC",2003-08-07,9.51805583668e-05,1652.47
".IXIC",2003-08-08,7.53273338815611e-05,1644.04
".IXIC",2003-08-11,7.88506638712065e-05,1661.36
".IXIC",2003-08-12,5.88467485569624e-05,1687.21
".IXIC",2003-08-13,5.4659440439595e-05,1686.47
".IXIC",2003-08-14,6.2506044524486e-05,1700.15
".IXIC",2003-08-15,1.88264399719134e-05,1701.93
".IXIC",2003-08-18,4.48228858635125e-05,1739.54
".IXIC",2003-08-19,6.2225683736328e-05,1761.36
".IXIC",2003-08-20,4.04128935081119e-05,1760.55
".IXIC",2003-08-21,8.58384676961152e-05,1777.6
".IXIC",2003-08-22,0.00011220169810005,1765.57
".IXIC",2003-08-25,4.44224952567556e-05,1764.03
".IXIC",2003-08-26,8.54415355062366e-05,1770.31
".IXIC",2003-08-27,4.15016438013139e-05,1782.72
".IXIC",2003-08-28,5.92387957897734e-05,1799.89
".IXIC",2003-08-29,5.59543313592948e-05,1810.44
".IXIC",2003-09-02,8.74576277698547e-05,1841.45
".IXIC",2003-09-03,6.17950396420119e-05,1852.91
".IXIC",2003-09-04,4.66677198619837e-05,1868.76
".IXIC",2003-09-05,8.21493146891969e-05,1858.11
".IXIC",2003-09-08,6.4013947234075e-05,1888.41
".IXIC",2003-09-09,5.78611779038343e-05,1873.3
".IXIC",2003-09-10,8.37463336402869e-05,1824.04
".IXIC",2003-09-11,8.80831351656114e-05,1845.63
".IXIC",2003-09-12,7.73209858648528e-05,1854.38
".IXIC",2003-09-15,4.63834740156662e-05,1845.85
".IXIC",2003-09-16,4.70129917315084e-05,1887.03
".IXIC",2003-09-17,5.23583810943076e-05,1882.92
".IXIC",2003-09-18,5.64457155503307e-05,1909.43
".IXIC",2003-09-19,3.91154372539909e-05,1905.95
".IXIC",2003-09-22,5.64630716020947e-05,1874.48
".IXIC",2003-09-23,7.05042442686172e-05,1901.68
".IXIC",2003-09-24,0.00011222312912088,1844.58
".IXIC",2003-09-25,0.00016261709627775,1817.8
".IXIC",2003-09-26,0.00017608807251133,1792.07
".IXIC",2003-09-29,0.00010108281841133,1824.47
".IXIC",2003-09-30,0.00019268804029642,1787.29
".IXIC",2003-10-01,9.93670605993016e-05,1831.01
".IXIC",2003-10-02,9.09527744425341e-05,1836.14
".IXIC",2003-10-03,0.00010930938489177,1879.7
".IXIC",2003-10-06,4.5323697291145e-05,1893.61
".IXIC",2003-10-07,7.3899433022662e-05,1907.88
".IXIC",2003-10-08,6.00647277084812e-05,1893.96
".IXIC",2003-10-09,0.00011852992311082,1911.48
".IXIC",2003-10-10,4.73315275233357e-05,1915.49
".IXIC",2003-10-13,3.9891210823527e-05,1933.41
".IXIC",2003-10-14,3.6972465187936e-05,1943.18
".IXIC",2003-10-15,4.66618781645471e-05,1947.73
".IXIC",2003-10-16,2.69455294105988e-05,1950.14
".IXIC",2003-10-17,7.05768349238828e-05,1912.14
".IXIC",2003-10-20,5.84644931938653e-05,1925.16
".IXIC",2003-10-21,4.52312424835677e-05,1940.66
".IXIC",2003-10-22,7.45176405318945e-05,1898.24
".IXIC",2003-10-23,8.32724840418035e-05,1885.45
".IXIC",2003-10-24,7.02382064990289e-05,1865.81
".IXIC",2003-10-27,5.23655077108769e-05,1881.96
".IXIC",2003-10-28,6.91225381550864e-05,1931.84
".IXIC",2003-10-29,6.10958391968219e-05,1936.6
".IXIC",2003-10-30,8.65192975559482e-05,1932.64
".IXIC",2003-10-31,4.21076146138525e-05,1932.23
".IXIC",2003-11-03,6.60404467506833e-05,1967.78
".IXIC",2003-11-04,3.57535065007844e-05,1957.81
".IXIC",2003-11-05,7.8158748203268e-05,1959.9
".IXIC",2003-11-06,5.76041296771806e-05,1975.81
".IXIC",2003-11-07,5.78683595917713e-05,1970.83
".IXIC",2003-11-10,4.47665603717617e-05,1941.83
".IXIC",2003-11-11,4.35099375513867e-05,1930.2
".IXIC",2003-11-12,4.66558675158364e-05,1973
".IXIC",2003-11-13,5.52990175230847e-05,1967.29
".IXIC",2003-11-14,7.48188804088718e-05,1930.5
".IXIC",2003-11-17,8.09688328347847e-05,1909.33
".IXIC",2003-11-18,8.77160283242506e-05,1882.23
".IXIC",2003-11-19,7.8891309969625e-05,1899.98
".IXIC",2003-11-20,9.94127644342207e-05,1882.05
".IXIC",2003-11-21,7.39042069317196e-05,1893.53
".IXIC",2003-11-24,5.13707763488252e-05,1945.2
".IXIC",2003-11-25,4.80841990202138e-05,1943.3
".IXIC",2003-11-26,6.7340303494863e-05,1953.46
".IXIC",2003-11-28,1.75096256470206e-05,1960.26
".IXIC",2003-12-01,5.51281274103135e-05,1989.17
".IXIC",2003-12-02,3.68009011300534e-05,1979.61
".IXIC",2003-12-03,8.17838119601702e-05,1960.13
".IXIC",2003-12-04,8.92622676676105e-05,1969.16
".IXIC",2003-12-05,6.74899504548499e-05,1937.7
".IXIC",2003-12-08,6.69650529705986e-05,1948.37
".IXIC",2003-12-09,9.57672117089804e-05,1908.37
".IXIC",2003-12-10,9.5178507545077e-05,1904.51
".IXIC",2003-12-11,7.19704282459327e-05,1942.1
".IXIC",2003-12-12,6.32455281181932e-05,1948.75
".IXIC",2003-12-15,9.24490613383166e-05,1918.72
".IXIC",2003-12-16,9.77409035207883e-05,1924.01
".IXIC",2003-12-17,5.96136387969956e-05,1921.28
".IXIC",2003-12-18,4.47678056652631e-05,1956.57
".IXIC",2003-12-19,8.09820050757496e-05,1950.76
".IXIC",2003-12-22,3.32724265928761e-05,1955.56
".IXIC",2003-12-23,3.5154663384382e-05,1974.22
".IXIC",2003-12-24,1.06477784277021e-05,1969.23
".IXIC",2003-12-26,8.19687160784729e-06,1973.14
".IXIC",2003-12-29,2.86539138432967e-05,2006.04
".IXIC",2003-12-30,2.39419797231563e-05,2010.13
".IXIC",2003-12-31,4.61460745463813e-05,2001.6
".IXIC",2004-01-02,4.69791653122517e-05,2006.07
".IXIC",2004-01-05,3.40247560249376e-05,2047.04
".IXIC",2004-01-06,3.30306665352424e-05,2056.46
".IXIC",2004-01-07,4.73210698514252e-05,2078.09
".IXIC",2004-01-08,5.40996688873413e-05,2098.21
".IXIC",2004-01-09,7.11150326953353e-05,2086.62
".IXIC",2004-01-14,3.69215421629179e-05,2110.97
".IXIC",2004-01-15,8.14984174659539e-05,2109.46
".IXIC",2004-01-16,4.64873079907484e-05,2139.49
".IXIC",2004-01-20,4.57382439742863e-05,2149.22
".IXIC",2004-01-21,7.22055849459231e-05,2141.99
".IXIC",2004-01-22,7.67660280369847e-05,2119.38
".IXIC",2004-01-23,6.75550221727992e-05,2123.01
".IXIC",2004-01-26,5.68596085681901e-05,2153.68
".IXIC",2004-01-27,5.21800250237648e-05,2116.04
".IXIC",2004-01-28,0.00012303273517995,2077.06
".IXIC",2004-01-29,0.00014761269115578,2067.64
".IXIC",2004-01-30,6.83780243575205e-05,2066.63
".IXIC",2004-02-02,0.00012632563897966,2063.49
".IXIC",2004-02-03,5.62965966951111e-05,2065.74
".IXIC",2004-02-04,7.53178669068395e-05,2013.94
".IXIC",2004-02-05,6.23968534714624e-05,2020.4
".IXIC",2004-02-06,7.50646283154115e-05,2063.98
".IXIC",2004-02-09,3.60668457484861e-05,2060.48
".IXIC",2004-02-10,3.69708295274713e-05,2074.92
".IXIC",2004-02-11,5.14486977616738e-05,2089.13
".IXIC",2004-02-12,3.06382404607017e-05,2073.51
".IXIC",2004-02-13,7.2570878933318e-05,2053.94
".IXIC",2004-02-17,3.72216728026745e-05,2080.19
".IXIC",2004-02-18,3.03017990058154e-05,2076.53
".IXIC",2004-02-19,6.18796380025168e-05,2046.04
".IXIC",2004-02-20,0.00010193263035151,2038.28
".IXIC",2004-02-23,7.67424326572671e-05,2007.59
".IXIC",2004-02-24,0.00010140175952934,2005.79
".IXIC",2004-02-25,3.42255744279105e-05,2023.35
".IXIC",2004-02-26,4.18241665468149e-05,2032.58
".IXIC",2004-02-27,4.92252648780682e-05,2029.77
".IXIC",2004-03-01,2.91527084604724e-05,2057.61
".IXIC",2004-03-02,5.26984899723647e-05,2039.99
".IXIC",2004-03-03,4.78943561742332e-05,2033.46
".IXIC",2004-03-04,3.02011103409552e-05,2054.89
".IXIC",2004-03-05,0.00010345480710658,2047.8
".IXIC",2004-03-08,6.67835161401901e-05,2009.17
".IXIC",2004-03-09,0.00011432944494232,1995.34
".IXIC",2004-03-10,9.62723831481651e-05,1964.46
".IXIC",2004-03-11,0.00015488168386719,1944.07
".IXIC",2004-03-12,9.15311438764068e-05,1984.63
".IXIC",2004-03-15,8.75448177479696e-05,1939.21
".IXIC",2004-03-16,9.30883501879054e-05,1943.35
".IXIC",2004-03-17,3.92027341004945e-05,1976.78
".IXIC",2004-03-18,7.10915800874764e-05,1962.61
".IXIC",2004-03-19,7.11759445679561e-05,1941.2
".IXIC",2004-03-22,0.00010025249364682,1909.77
".IXIC",2004-03-23,9.23437448259018e-05,1902.14
".IXIC",2004-03-24,0.00011200805781733,1909.71
".IXIC",2004-03-25,6.17449449711808e-05,1965.89
".IXIC",2004-03-26,5.62063603538014e-05,1960.26
".IXIC",2004-03-29,6.34637778751463e-05,1993.06
".IXIC",2004-03-30,5.81081770733097e-05,2000.68
".IXIC",2004-03-31,5.29694620366864e-05,1993.37
".IXIC",2004-04-01,6.09460380414728e-05,2014.68
".IXIC",2004-04-02,6.21037113702432e-05,2056.59
".IXIC",2004-04-05,2.75124101402285e-05,2078.69
".IXIC",2004-04-06,3.70617920133533e-05,2059.74
".IXIC",2004-04-07,4.22033656396274e-05,2050.3
".IXIC",2004-04-08,4.66883389750723e-05,2052.83
".IXIC",2004-04-12,2.07814062126411e-05,2065.47
".IXIC",2004-04-13,5.32819648140531e-05,2030.3
".IXIC",2004-04-14,7.23795787034308e-05,2024.5
".IXIC",2004-04-15,8.18142793026004e-05,2002.62
".IXIC",2004-04-16,7.31180852781601e-05,1995.81
".IXIC",2004-04-19,4.94741217130836e-05,2020.43
".IXIC",2004-04-20,7.12702443227439e-05,1978.81
".IXIC",2004-04-21,9.82956486423793e-05,1995.81
".IXIC",2004-04-22,9.59778865826196e-05,2032.61
".IXIC",2004-04-23,4.98986706751402e-05,2049.71
".IXIC",2004-04-26,5.14113522949815e-05,2036.92
".IXIC",2004-04-27,5.93809078802644e-05,2033
".IXIC",2004-04-28,7.80343606564599e-05,1989.2
".IXIC",2004-04-29,0.00013323446199379,1955.58
".IXIC",2004-04-30,0.00016323806081883,1920.68
".IXIC",2004-05-03,9.59430935944057e-05,1938.24
".IXIC",2004-05-04,0.00014889393074474,1950.64
".IXIC",2004-05-05,7.02699239422051e-05,1957.45
".IXIC",2004-05-06,8.307353463921e-05,1937.79
".IXIC",2004-05-07,0.00015504426087403,1918.05
".IXIC",2004-05-10,0.00014459267655196,1896.05
".IXIC",2004-05-11,6.60657040051716e-05,1931.43
".IXIC",2004-05-12,0.00019605650209512,1926.23
".IXIC",2004-05-13,0.00011425200164022,1926
".IXIC",2004-05-14,0.00013990176374816,1904.29
".IXIC",2004-05-17,0.00010392101216129,1876.51
".IXIC",2004-05-18,2.45220106517047e-05,1897.86
".IXIC",2004-05-19,7.84508958176124e-05,1898.19
".IXIC",2004-05-20,7.71487880009797e-05,1896.53
".IXIC",2004-05-21,4.36181274943283e-05,1912.17
".IXIC",2004-05-24,5.99011684546267e-05,1922.99
".IXIC",2004-05-25,6.848498394524e-05,1964.75
".IXIC",2004-05-26,4.97276883977412e-05,1976.08
".IXIC",2004-05-27,5.00508004416783e-05,1984.5
".IXIC",2004-05-28,2.08135985020625e-05,1989.01
".IXIC",2004-06-01,4.21580074138683e-05,1990.6
".IXIC",2004-06-02,5.20299375644761e-05,1989.17
".IXIC",2004-06-03,5.51632692140356e-05,1960.63
".IXIC",2004-06-04,3.07609084085211e-05,1978.71
".IXIC",2004-06-07,2.59301918237149e-05,2020.22
".IXIC",2004-06-08,3.79844827830805e-05,2023.43
".IXIC",2004-06-09,2.82804974564094e-05,1990.54
".IXIC",2004-06-10,3.05391765448017e-05,1999.75
".IXIC",2004-06-14,3.37390671416228e-05,1969.85
".IXIC",2004-06-15,5.41791851570467e-05,1996.15
".IXIC",2004-06-16,3.07201498364044e-05,1997.96
".IXIC",2004-06-17,3.7446302360314e-05,1984
".IXIC",2004-06-18,3.89905414591962e-05,1985.54
".IXIC",2004-06-21,2.86941339462002e-05,1974.44
".IXIC",2004-06-22,5.90970406097267e-05,1994.46
".IXIC",2004-06-23,4.17681528025147e-05,2020.76
".IXIC",2004-06-24,4.52692219197548e-05,2015.48
".IXIC",2004-06-25,3.70663908217454e-05,2026.96
".IXIC",2004-06-28,4.98965647182404e-05,2019.83
".IXIC",2004-06-29,3.56473266295699e-05,2035.45
".IXIC",2004-06-30,4.15060605609105e-05,2048.38
".IXIC",2004-07-01,6.36281304954478e-05,2015.49
".IXIC",2004-07-02,4.32331260253381e-05,2006.15
".IXIC",2004-07-06,6.55851507213977e-05,1963.67
".IXIC",2004-07-07,4.93728960624914e-05,1965.55
".IXIC",2004-07-08,7.92827953935135e-05,1935.29
".IXIC",2004-07-09,4.28848994157002e-05,1946.52
".IXIC",2004-07-12,5.37706515834108e-05,1936.83
".IXIC",2004-07-13,2.97716266299991e-05,1931.62
".IXIC",2004-07-14,6.62195017837464e-05,1914.86
".IXIC",2004-07-15,4.86129132695553e-05,1912.52
".IXIC",2004-07-16,7.13340644817927e-05,1882.93
".IXIC",2004-07-19,6.65289923489716e-05,1883.88
".IXIC",2004-07-20,5.65059573204798e-05,1916.89
".IXIC",2004-07-21,7.84362219590553e-05,1874.78
".IXIC",2004-07-22,0.00013289150654444,1888.67
".IXIC",2004-07-23,9.16520737234613e-05,1849.23
".IXIC",2004-07-26,0.0001093214387688,1839.13
".IXIC",2004-07-27,7.43559137507409e-05,1868.75
".IXIC",2004-07-28,0.00014233611159967,1858.25
".IXIC",2004-07-29,6.56929115537581e-05,1881.28
".IXIC",2004-07-30,6.0902368225785e-05,1887.03
".IXIC",2004-08-02,4.63545950381402e-05,1891.8
".IXIC",2004-08-03,4.17385265876287e-05,1859.17
".IXIC",2004-08-04,6.07467492197626e-05,1855.08
".IXIC",2004-08-05,7.1919172258966e-05,1821.55
".IXIC",2004-08-06,0.00010338190978579,1776.81
".IXIC",2004-08-09,4.28457443227758e-05,1774.99
".IXIC",2004-08-10,6.49657705327513e-05,1808.42
".IXIC",2004-08-11,9.326562885977e-05,1782.22
".IXIC",2004-08-12,7.22821308602726e-05,1752.52
".IXIC",2004-08-13,5.26773793796896e-05,1756.7
".IXIC",2004-08-16,5.92854643936391e-05,1782.8
".IXIC",2004-08-17,4.08283202578041e-05,1794.91
".IXIC",2004-08-18,9.71568783765648e-05,1831.37
".IXIC",2004-08-19,5.91046204760892e-05,1819.66
".IXIC",2004-08-20,3.81988322196463e-05,1837.58
".IXIC",2004-08-23,3.49118924855906e-05,1838.88
".IXIC",2004-08-24,4.54309463213107e-05,1836.9
".IXIC",2004-08-25,3.81356910990306e-05,1860.71
".IXIC",2004-08-26,2.64246750926197e-05,1852.94
".IXIC",2004-08-27,1.70413807073626e-05,1862.41
".IXIC",2004-08-30,2.99386527360775e-05,1838
".IXIC",2004-08-31,4.84581019026438e-05,1837.6
".IXIC",2004-09-01,0.00015649585358986,1850.43
".IXIC",2004-09-02,2.87695708851465e-05,1873.44
".IXIC",2004-09-03,5.88756736659851e-05,1844.44
".IXIC",2004-09-07,6.19927811130513e-05,1858.36
".IXIC",2004-09-08,5.40933384231059e-05,1850.97
".IXIC",2004-09-09,6.59752601360402e-05,1869.7
".IXIC",2004-09-10,5.74297410174548e-05,1894.28
".IXIC",2004-09-13,3.75299545265899e-05,1910.34
".IXIC",2004-09-14,4.38145350401102e-05,1915.52
".IXIC",2004-09-15,2.83924278660414e-05,1896.36
".IXIC",2004-09-16,2.47199068690278e-05,1903.82
".IXIC",2004-09-17,2.9267046373395e-05,1910.19
".IXIC",2004-09-20,5.94587320420124e-05,1908.16
".IXIC",2004-09-21,3.62280536922194e-05,1921.06
".IXIC",2004-09-22,5.18731109538125e-05,1885.58
".IXIC",2004-09-23,4.08492209982745e-05,1887.14
".IXIC",2004-09-24,3.80918271945677e-05,1880.52
".IXIC",2004-09-27,3.32936300593043e-05,1860.08
".IXIC",2004-09-28,3.60292721872205e-05,1869.82
".IXIC",2004-09-29,4.29177196047575e-05,1893.96
".IXIC",2004-09-30,3.9622519663776e-05,1896.46
".IXIC",2004-10-01,4.10040186159185e-05,1942.23
".IXIC",2004-10-04,3.7200570311738e-05,1952.44
".IXIC",2004-10-05,4.22934167110723e-05,1955.41
".IXIC",2004-10-06,3.89545244807781e-05,1971.03
".IXIC",2004-10-07,3.65478712439262e-05,1948.48
".IXIC",2004-10-08,4.81729322303293e-05,1920.04
".IXIC",2004-10-11,1.88477632613654e-05,1929
".IXIC",2004-10-13,7.16643834792483e-05,1920.17
".IXIC",2004-10-14,4.02293755623357e-05,1902.98
".IXIC",2004-10-15,5.73354658463623e-05,1911.72
".IXIC",2004-10-18,5.77160773473596e-05,1936.27
".IXIC",2004-10-19,5.27173883131792e-05,1922.94
".IXIC",2004-10-20,6.91371443563457e-05,1932.62
".IXIC",2004-10-21,5.7294478624947e-05,1953.47
".IXIC",2004-10-22,6.41291129569238e-05,1915.03
".IXIC",2004-10-25,5.74789367237013e-05,1914.31
".IXIC",2004-10-26,5.40797864627368e-05,1928.79
".IXIC",2004-10-27,8.73175463838552e-05,1969.81
".IXIC",2004-10-28,5.72646239204681e-05,1975.65
".IXIC",2004-10-29,4.40301371587789e-05,1974.63
".IXIC",2004-11-01,2.77811408440578e-05,1979.72
".IXIC",2004-11-02,7.00590010191816e-05,1985.72
".IXIC",2004-11-03,6.46269506418571e-05,1996.22
".IXIC",2004-11-04,4.72292390327832e-05,2023.7
".IXIC",2004-11-05,5.79316871201036e-05,2039.57
".IXIC",2004-11-08,2.88583390788055e-05,2039.44
".IXIC",2004-11-09,2.93308789888259e-05,2043.91
".IXIC",2004-11-10,4.04784184568511e-05,2034.7
".IXIC",2004-11-11,2.26473135943954e-05,2061.39
".IXIC",2004-11-12,3.15487929590458e-05,2084.61
".IXIC",2004-11-15,3.10594658950897e-05,2094.13
".IXIC",2004-11-16,2.71089279093017e-05,2078.62
".IXIC",2004-11-17,5.70180309052728e-05,2099.64
".IXIC",2004-11-18,2.7472148190486e-05,2104.1
".IXIC",2004-11-19,3.75382114036637e-05,2071.14
".IXIC",2004-11-22,3.35627304747758e-05,2085.15
".IXIC",2004-11-23,4.64475189571598e-05,2084.34
".IXIC",2004-11-24,2.11187854931698e-05,2102.67
".IXIC",2004-11-26,8.57973193298274e-06,2101.97
".IXIC",2004-11-29,5.45971975003883e-05,2106.79
".IXIC",2004-11-30,3.38874312014376e-05,2097
".IXIC",2004-12-01,2.82071974291466e-05,2138.26
".IXIC",2004-12-02,4.16740551010581e-05,2143.08
".IXIC",2004-12-03,6.76655483109307e-05,2147.55
".IXIC",2004-12-06,3.419730801134e-05,2151.24
".IXIC",2004-12-07,5.66221748326003e-05,2114.92
".IXIC",2004-12-08,4.35138614990318e-05,2126.1
".IXIC",2004-12-09,6.43308933943921e-05,2128.56
".IXIC",2004-12-10,3.04477317616984e-05,2128.14
".IXIC",2004-12-13,2.70641557905025e-05,2148.3
".IXIC",2004-12-14,2.73336234714248e-05,2159.84
".IXIC",2004-12-15,3.95565745427054e-05,2162.55
".IXIC",2004-12-16,4.38740694640208e-05,2146.19
".IXIC",2004-12-17,3.43667692486791e-05,2137.46
".IXIC",2004-12-20,4.02330308501762e-05,2128.04
".IXIC",2004-12-21,2.60006554867941e-05,2150.95
".IXIC",2004-12-22,2.86586443391478e-05,2156.7
".IXIC",2004-12-23,9.61636140106409e-06,2160.63
".IXIC",2004-12-27,3.89062924280015e-05,2154.33
".IXIC",2004-12-28,2.50440443587431e-05,2176.74
".IXIC",2004-12-29,1.63599866041677e-05,2177.01
".IXIC",2004-12-30,7.66181296357127e-06,2178.26
".IXIC",2004-12-31,9.05221494814536e-06,2175.58
".IXIC",2005-01-03,7.97863688539937e-05,2151.92
".IXIC",2005-01-04,7.16672906664828e-05,2108.47
".IXIC",2005-01-05,8.54204065063392e-05,2091.47
".IXIC",2005-01-06,5.20167876505836e-05,2090
".IXIC",2005-01-07,6.73934466984825e-05,2088.31
".IXIC",2005-01-10,5.32124899965803e-05,2096.77
".IXIC",2005-01-11,5.19958055619724e-05,2079.65
".IXIC",2005-01-12,8.71174623476466e-05,2092.59
".IXIC",2005-01-13,4.14117557075855e-05,2070.53
".IXIC",2005-01-14,2.84467823296121e-05,2087.94
".IXIC",2005-01-18,2.9389156558366e-05,2105.92
".IXIC",2005-01-19,4.19765374545481e-05,2073.59
".IXIC",2005-01-20,5.49532189064153e-05,2046.33
".IXIC",2005-01-21,4.68510276247948e-05,2034.4
".IXIC",2005-01-24,7.36517565535296e-05,2009.52
".IXIC",2005-01-25,4.39119829079748e-05,2020.09
".IXIC",2005-01-26,3.48010344752762e-05,2046.08
".IXIC",2005-01-27,3.65437266408227e-05,2047.16
".IXIC",2005-01-28,5.44014380422599e-05,2035.62
".IXIC",2005-01-31,3.05522897244979e-05,2062.41
".IXIC",2005-02-01,2.25653226895109e-05,2068.68
".IXIC",2005-02-02,3.71358140642641e-05,2075.04
".IXIC",2005-02-03,2.64791581559965e-05,2057.74
".IXIC",2005-02-04,4.09471050559709e-05,2086.72
".IXIC",2005-02-07,2.16471163596584e-05,2081.55
".IXIC",2005-02-08,2.31763412168512e-05,2086.61
".IXIC",2005-02-09,4.25016267834999e-05,2052.35
".IXIC",2005-02-10,4.44394322815182e-05,2053.2
".IXIC",2005-02-11,6.58851961123211e-05,2076.79
".IXIC",2005-02-14,2.10262358156485e-05,2082.84
".IXIC",2005-02-15,3.89445289342403e-05,2089.23
".IXIC",2005-02-16,4.09882449447784e-05,2086.97
".IXIC",2005-02-17,4.76457159418806e-05,2061.69
".IXIC",2005-02-18,2.68674455069533e-05,2058.67
".IXIC",2005-02-22,7.11732585840508e-05,2030.8
".IXIC",2005-02-23,4.79885825837156e-05,2031.91
".IXIC",2005-02-24,7.76255119651787e-05,2051.8
".IXIC",2005-02-25,3.41607168151165e-05,2065.38
".IXIC",2005-02-28,4.62615024275675e-05,2051.62
".IXIC",2005-03-01,3.61450058900229e-05,2071.32
".IXIC",2005-03-02,6.08422555124387e-05,2067.48
".IXIC",2005-03-03,3.94479530504164e-05,2058.7
".IXIC",2005-03-04,3.60985366712809e-05,2070.91
".IXIC",2005-03-07,4.37015831330476e-05,2090.18
".IXIC",2005-03-08,3.94755575158236e-05,2073.18
".IXIC",2005-03-09,5.75837464442807e-05,2061.79
".IXIC",2005-03-10,6.08539254221721e-05,2058.82
".IXIC",2005-03-11,5.93451055314976e-05,2041.9
".IXIC",2005-03-14,2.80441885033317e-05,2050.82
".IXIC",2005-03-15,2.68402456491934e-05,2035
".IXIC",2005-03-16,4.27595872529936e-05,2015.96
".IXIC",2005-03-17,2.84287226214816e-05,2016.41
".IXIC",2005-03-18,3.11616656146174e-05,2007.09
".IXIC",2005-03-21,4.07435594000299e-05,2007.46
".IXIC",2005-03-22,5.12013419634879e-05,1989.5
".IXIC",2005-03-23,3.87844234314103e-05,1990.14
".IXIC",2005-03-24,2.6041817124148e-05,1991.59
".IXIC",2005-03-28,2.39132932325845e-05,1992.6
".IXIC",2005-03-29,5.17202076074522e-05,1973.69
".IXIC",2005-03-30,3.87567642489339e-05,2005.65
".IXIC",2005-03-31,3.2785440496463e-05,1999.15
".IXIC",2005-04-01,7.52233747454434e-05,1984.65
".IXIC",2005-04-04,3.40004549767254e-05,1991.06
".IXIC",2005-04-05,2.70973476262657e-05,1999.14
".IXIC",2005-04-06,3.05489825231394e-05,1999
".IXIC",2005-04-07,3.30790485924776e-05,2018.79
".IXIC",2005-04-08,2.73584152386796e-05,1999.6
".IXIC",2005-04-11,2.44700594562255e-05,1992.16
".IXIC",2005-04-12,6.20817909068099e-05,2005.58
".IXIC",2005-04-13,3.19689708495521e-05,1974.51
".IXIC",2005-04-14,6.30022910002738e-05,1946.77
".IXIC",2005-04-15,8.44006877317028e-05,1908.64
".IXIC",2005-04-18,7.88156744582666e-05,1912.82
".IXIC",2005-04-19,4.64524410570187e-05,1932.34
".IXIC",2005-04-20,7.88140065031712e-05,1914.25
".IXIC",2005-04-21,6.85296044156238e-05,1961.45
".IXIC",2005-04-22,6.7068530225495e-05,1932.71
".IXIC",2005-04-25,4.32326962262162e-05,1950.73
".IXIC",2005-04-26,5.53840817268271e-05,1928.04
".IXIC",2005-04-27,6.77279626827334e-05,1930.94
".IXIC",2005-04-28,5.3145756682253e-05,1904.12
".IXIC",2005-04-29,9.5297436507222e-05,1921.41
".IXIC",2005-05-02,3.06107270579341e-05,1928.72
".IXIC",2005-05-03,8.60042133889554e-05,1933.71
".IXIC",2005-05-04,4.50613106610107e-05,1961.55
".IXIC",2005-05-05,5.52277048914317e-05,1961.69
".IXIC",2005-05-06,2.69482078118474e-05,1967.33
".IXIC",2005-05-09,3.01707098284256e-05,1979.43
".IXIC",2005-05-10,2.30273617632669e-05,1962.62
".IXIC",2005-05-11,6.03496263515178e-05,1971.48
".IXIC",2005-05-12,5.67826959311548e-05,1963.42
".IXIC",2005-05-13,9.40901187090772e-05,1976.72
".IXIC",2005-05-16,3.91527778353122e-05,1994.47
".IXIC",2005-05-17,2.68956017210643e-05,2004.1
".IXIC",2005-05-18,3.38956603929868e-05,2030.25
".IXIC",2005-05-19,2.54818821703558e-05,2042.68
".IXIC",2005-05-20,1.83606517078707e-05,2045.93
".IXIC",2005-05-23,3.55740952970513e-05,2056.6
".IXIC",2005-05-24,3.40011838907767e-05,2061.69
".IXIC",2005-05-25,1.54664170510166e-05,2050.18
".IXIC",2005-05-26,1.85508349002511e-05,2071.22
".IXIC",2005-05-27,9.39524248441028e-06,2075.92
".IXIC",2005-05-31,2.31920249018483e-05,2068.64
".IXIC",2005-06-01,5.2272992228769e-05,2087.79
".IXIC",2005-06-02,2.85070184598838e-05,2097.5
".IXIC",2005-06-03,2.86899946605162e-05,2071.77
".IXIC",2005-06-06,1.49844512056501e-05,2075.73
".IXIC",2005-06-07,4.28782445644419e-05,2067.14
".IXIC",2005-06-08,2.51526027020714e-05,2060.16
".IXIC",2005-06-09,3.48677146482752e-05,2077.21
".IXIC",2005-06-10,2.4939513535572e-05,2063.19
".IXIC",2005-06-13,3.84805427105943e-05,2068.93
".IXIC",2005-06-14,2.67862088450086e-05,2069
".IXIC",2005-06-15,3.70432322160912e-05,2075.04
".IXIC",2005-06-16,2.35709603635453e-05,2089.19
".IXIC",2005-06-17,2.33318576157068e-05,2090.21
".IXIC",2005-06-20,2.57929330876639e-05,2088.15
".IXIC",2005-06-21,3.08575969052397e-05,2091.12
".IXIC",2005-06-22,3.19113931649265e-05,2092.06
".IXIC",2005-06-23,6.64121227303384e-05,2070.59
".IXIC",2005-06-24,2.61453851237379e-05,2053.33
".IXIC",2005-06-27,2.72915870856276e-05,2045.31
".IXIC",2005-06-28,1.89263936131459e-05,2069.79
".IXIC",2005-06-29,2.83579601277609e-05,2068.89
".IXIC",2005-06-30,3.85724376185355e-05,2056.37
".IXIC",2005-07-01,2.12750748927703e-05,2057.42
".IXIC",2005-07-05,3.09195881964169e-05,2078.86
".IXIC",2005-07-06,3.21697229399169e-05,2068.65
".IXIC",2005-07-07,5.95495422537273e-05,2075.51
".IXIC",2005-07-08,2.90939066802741e-05,2113.01
".IXIC",2005-07-11,3.28629771902401e-05,2135.69
".IXIC",2005-07-12,3.35831173574733e-05,2143.16
".IXIC",2005-07-13,2.35940816045265e-05,2144.1
".IXIC",2005-07-14,3.63703320134648e-05,2152.89
".IXIC",2005-07-15,1.80516791337928e-05,2156.8
".IXIC",2005-07-18,1.91730577763535e-05,2144.78
".IXIC",2005-07-19,2.17513756478467e-05,2173.18
".IXIC",2005-07-20,3.84321025033668e-05,2188.63
".IXIC",2005-07-21,6.33108932456089e-05,2178.73
".IXIC",2005-07-22,3.10130244093081e-05,2179.6
".IXIC",2005-07-25,2.27854615675559e-05,2166.76
".IXIC",2005-07-26,3.00934107771027e-05,2175.97
".IXIC",2005-07-27,3.39903067764432e-05,2186.24
".IXIC",2005-07-28,1.94886094734247e-05,2198.51
".IXIC",2005-07-29,1.81820426813394e-05,2184.83
".IXIC",2005-08-01,2.04947192475216e-05,2195.24
".IXIC",2005-08-02,1.78695447168643e-05,2218.05
".IXIC",2005-08-03,1.39699701994788e-05,2216.83
".IXIC",2005-08-04,1.86271718491351e-05,2191.31
".IXIC",2005-08-05,2.73943663945807e-05,2177.85
".IXIC",2005-08-08,2.5906404543996e-05,2164.09
".IXIC",2005-08-09,1.6107521676697e-05,2174.21
".IXIC",2005-08-10,4.05664586621942e-05,2157.8
".IXIC",2005-08-11,3.94662278827485e-05,2174.31
".IXIC",2005-08-12,3.23559183334711e-05,2156.98
".IXIC",2005-08-15,2.42567651947653e-05,2167.05
".IXIC",2005-08-16,2.97964646998561e-05,2136.92
".IXIC",2005-08-17,3.22809017449975e-05,2145.07
".IXIC",2005-08-18,2.26969323771743e-05,2136.07
".IXIC",2005-08-19,1.05746775273717e-05,2135.57
".IXIC",2005-08-22,2.65551038768642e-05,2141.44
".IXIC",2005-08-23,2.55256063352527e-05,2137.22
".IXIC",2005-08-24,5.43164454588539e-05,2128.9
".IXIC",2005-08-25,1.75820384685877e-05,2134.37
".IXIC",2005-08-26,3.02204099218269e-05,2120.77
".IXIC",2005-08-29,2.96868382897099e-05,2137.66
".IXIC",2005-08-30,3.43563707481594e-05,2129.74
".IXIC",2005-08-31,4.96737040692915e-05,2151.83
".IXIC",2005-09-01,3.60942862184221e-05,2147.96
".IXIC",2005-09-02,1.48266987858113e-05,2141.12
".IXIC",2005-09-06,1.77734209236844e-05,2167
".IXIC",2005-09-07,1.75378510904963e-05,2172.2
".IXIC",2005-09-08,1.69908556861123e-05,2166.12
".IXIC",2005-09-09,1.35426158052376e-05,2175.57
".IXIC",2005-09-12,1.77669344743259e-05,2182.86
".IXIC",2005-09-13,2.29255860077457e-05,2171.77
".IXIC",2005-09-14,2.9570198138192e-05,2149.27
".IXIC",2005-09-15,2.59138012338425e-05,2146.08
".IXIC",2005-09-16,1.54126345252498e-05,2160.38
".IXIC",2005-09-19,1.63150094948477e-05,2145.21
".IXIC",2005-09-20,5.61747863801836e-05,2131.45
".IXIC",2005-09-21,4.40138321995494e-05,2106.65
".IXIC",2005-09-22,7.26767245643707e-05,2110.72
".IXIC",2005-09-23,2.55501630293051e-05,2116.86
".IXIC",2005-09-26,3.15553097172423e-05,2121.52
".IXIC",2005-09-27,3.02323415363501e-05,2116.37
".IXIC",2005-09-28,2.65183043920593e-05,2115.41
".IXIC",2005-09-29,4.60955537430933e-05,2141.43
".IXIC",2005-09-30,2.67262939138403e-05,2151.69
".IXIC",2005-10-03,2.45860467086435e-05,2155.36
".IXIC",2005-10-04,4.28942741239933e-05,2139.34
".IXIC",2005-10-05,6.37654432041371e-05,2103.14
".IXIC",2005-10-06,0.00012375860089494,2083.84
".IXIC",2005-10-07,3.21748200634897e-05,2090.39
".IXIC",2005-10-10,3.89876326077174e-05,2078.96
".IXIC",2005-10-11,4.98539484052799e-05,2061.16
".IXIC",2005-10-12,9.12515705350572e-05,2037.48
".IXIC",2005-10-13,8.64755364604229e-05,2047.2
".IXIC",2005-10-14,4.90754506085369e-05,2064.86
".IXIC",2005-10-17,2.68335197736641e-05,2070.36
".IXIC",2005-10-18,3.63594210114818e-05,2055.96
".IXIC",2005-10-19,0.00010291081994733,2091.18
".IXIC",2005-10-20,7.51114448950205e-05,2068.13
".IXIC",2005-10-21,5.00447898645771e-05,2082.22
".IXIC",2005-10-24,5.22550290029706e-05,2115.88
".IXIC",2005-10-25,3.50731584131339e-05,2109.44
".IXIC",2005-10-26,5.66334518000508e-05,2099.99
".IXIC",2005-10-27,4.15469450977107e-05,2063.83
".IXIC",2005-10-28,4.88469388659015e-05,2089.63
".IXIC",2005-10-31,3.85158845808545e-05,2120.23
".IXIC",2005-11-01,3.20950388060148e-05,2114.04
".IXIC",2005-11-02,3.88857260903147e-05,2144.29
".IXIC",2005-11-03,3.10599434405088e-05,2160.14
".IXIC",2005-11-04,3.80426312523548e-05,2169.37
".IXIC",2005-11-07,2.750375767994e-05,2178.16
".IXIC",2005-11-08,2.59614447126577e-05,2172.11
".IXIC",2005-11-09,2.20700860276491e-05,2175.78
".IXIC",2005-11-10,4.83001729550975e-05,2196.75
".IXIC",2005-11-11,1.28237369428591e-05,2202.45
".IXIC",2005-11-14,1.64638139309244e-05,2200.89
".IXIC",2005-11-15,2.59719589325503e-05,2186.51
".IXIC",2005-11-16,2.16760800945999e-05,2187.92
".IXIC",2005-11-17,2.36555552281623e-05,2220.26
".IXIC",2005-11-18,2.95023723497366e-05,2227.08
".IXIC",2005-11-21,2.56117246474211e-05,2241.48
".IXIC",2005-11-22,2.72754047644804e-05,2253.49
".IXIC",2005-11-23,1.34128683946182e-05,2260.02
".IXIC",2005-11-25,4.80704314636794e-06,2263.01
".IXIC",2005-11-28,2.7132481989968e-05,2239.37
".IXIC",2005-11-29,3.2799825796928e-05,2232.67
".IXIC",2005-11-30,3.41737906589442e-05,2232.74
".IXIC",2005-12-01,2.19473611270078e-05,2267.63
".IXIC",2005-12-02,1.94648660305158e-05,2273.36
".IXIC",2005-12-05,2.57443050745438e-05,2257.64
".IXIC",2005-12-06,2.56976145588448e-05,2260.7
".IXIC",2005-12-07,3.05821505382093e-05,2252.03
".IXIC",2005-12-08,4.79519099133677e-05,2246.38
".IXIC",2005-12-09,2.53070035372022e-05,2256.72
".IXIC",2005-12-12,1.32810680467842e-05,2260.99
".IXIC",2005-12-13,2.85443870152351e-05,2264.71
".IXIC",2005-12-14,2.37610677065151e-05,2262.66
".IXIC",2005-12-15,3.23037549822345e-05,2260.6
".IXIC",2005-12-16,1.28446331068262e-05,2252.46
".IXIC",2005-12-19,3.3274297056298e-05,2222.13
".IXIC",2005-12-20,3.06878632970784e-05,2222.43
".IXIC",2005-12-21,2.70419913286136e-05,2231.69
".IXIC",2005-12-22,1.30188302571951e-05,2246.49
".IXIC",2005-12-23,8.23787070119801e-06,2249.43
".IXIC",2005-12-27,3.6169931472037e-05,2226.91
".IXIC",2005-12-28,1.72853502018478e-05,2229
".IXIC",2005-12-29,1.51791204095556e-05,2218.19
".IXIC",2005-12-30,1.44129628075732e-05,2205.15
".IXIC",2006-01-03,8.69859582364395e-05,2243.52
".IXIC",2006-01-04,4.43793605459799e-05,2263.4
".IXIC",2006-01-05,2.71818370641052e-05,2276.85
".IXIC",2006-01-06,3.85101156880813e-05,2305.71
".IXIC",2006-01-09,2.27688448693498e-05,2318.57
".IXIC",2006-01-10,3.02994842665229e-05,2320.09
".IXIC",2006-01-11,2.46338244006339e-05,2331.06
".IXIC",2006-01-12,2.96034491152559e-05,2316.65
".IXIC",2006-01-13,2.37105373456597e-05,2317
".IXIC",2006-01-17,2.3887590809973e-05,2302.64
".IXIC",2006-01-18,3.77567862185248e-05,2279.26
".IXIC",2006-01-19,2.03076483911657e-05,2301.35
".IXIC",2006-01-20,7.309710739152e-05,2247.6
".IXIC",2006-01-23,4.07521121910554e-05,2248.6
".IXIC",2006-01-24,3.42953777786748e-05,2264.6
".IXIC",2006-01-25,6.10528424537262e-05,2260.26
".IXIC",2006-01-26,4.27584514298964e-05,2283.24
".IXIC",2006-01-27,3.63455152884795e-05,2304.18
".IXIC",2006-01-30,1.41024540541473e-05,2306.79
".IXIC",2006-01-31,3.98651234294806e-05,2304.02
".IXIC",2006-02-01,3.78179340894701e-05,2310.01
".IXIC",2006-02-02,5.21271215821847e-05,2281.51
".IXIC",2006-02-03,4.69874398066773e-05,2262.51
".IXIC",2006-02-06,3.71411416127434e-05,2258.85
".IXIC",2006-02-07,5.5328144176064e-05,2245.29
".IXIC",2006-02-08,2.92668908198135e-05,2266.93
".IXIC",2006-02-09,2.89076679709577e-05,2255.87
".IXIC",2006-02-10,5.85893288360182e-05,2261.85
".IXIC",2006-02-13,2.62891308416569e-05,2239.8
".IXIC",2006-02-14,3.56551173924623e-05,2262.03
".IXIC",2006-02-15,5.2704443842429e-05,2276.47
".IXIC",2006-02-16,2.31589145388938e-05,2294.25
".IXIC",2006-02-17,2.23254309126379e-05,2282.38
".IXIC",2006-02-21,3.44939929179704e-05,2262.45
".IXIC",2006-02-22,3.50090669648031e-05,2282.99
".IXIC",2006-02-23,3.02562521612762e-05,2279.42
".IXIC",2006-02-24,2.60139556183789e-05,2287.05
".IXIC",2006-02-27,2.29920884380525e-05,2307.17
".IXIC",2006-02-28,5.89256185833193e-05,2280.98
".IXIC",2006-03-01,2.38495678112693e-05,2314.62
".IXIC",2006-03-02,3.78283469002202e-05,2311.13
".IXIC",2006-03-03,5.78738170214169e-05,2302.52
".IXIC",2006-03-06,4.9152087158533e-05,2286.01
".IXIC",2006-03-07,3.54458165561216e-05,2268.41
".IXIC",2006-03-08,5.27123873294053e-05,2267.46
".IXIC",2006-03-09,3.55356010856542e-05,2249.73
".IXIC",2006-03-10,5.2204760531846e-05,2262
".IXIC",2006-03-13,3.01729069675743e-05,2267.03
".IXIC",2006-03-14,3.60192621097402e-05,2295.78
".IXIC",2006-03-15,3.19938330220322e-05,2312.2
".IXIC",2006-03-16,3.62218666002269e-05,2299.55
".IXIC",2006-03-17,2.55381773551647e-05,2306.49
".IXIC",2006-03-20,2.92194709295878e-05,2314.11
".IXIC",2006-03-21,5.47246224407507e-05,2294.15
".IXIC",2006-03-22,4.57963173447594e-05,2303.35
".IXIC",2006-03-23,3.16756908272093e-05,2300.04
".IXIC",2006-03-24,2.75122279858863e-05,2312.81
".IXIC",2006-03-27,1.6680135309804e-05,2315.67
".IXIC",2006-03-28,3.55114782369806e-05,2304.44
".IXIC",2006-03-29,3.84432531600671e-05,2337.8
".IXIC",2006-03-30,5.64262693936289e-05,2340.81
".IXIC",2006-03-31,2.6202930384041e-05,2340.42
".IXIC",2006-04-03,2.05495618936082e-05,2336.74
".IXIC",2006-04-04,3.73285239518286e-05,2345.31
".IXIC",2006-04-05,3.25155410702898e-05,2359.75
".IXIC",2006-04-06,2.76197194954201e-05,2361.16
".IXIC",2006-04-07,5.1614037583383e-05,2339.01
".IXIC",2006-04-10,2.23578972643398e-05,2333.23
".IXIC",2006-04-11,3.24326318904777e-05,2310.33
".IXIC",2006-04-12,2.32489670498977e-05,2314.68
".IXIC",2006-04-13,2.96284619428212e-05,2326.05
".IXIC",2006-04-17,2.31471777523901e-05,2311.15
".IXIC",2006-04-18,5.9374461986975e-05,2356.01
".IXIC",2006-04-19,3.35432763605631e-05,2370.65
".IXIC",2006-04-20,4.45511180218691e-05,2363.18
".IXIC",2006-04-21,3.63438306315018e-05,2342.77
".IXIC",2006-04-24,2.7705377213963e-05,2333.35
".IXIC",2006-04-25,4.18070035840133e-05,2330.3
".IXIC",2006-04-26,3.41648314776353e-05,2333.64
".IXIC",2006-04-27,0.00011947123409683,2344.68
".IXIC",2006-04-28,3.32450559378124e-05,2322.38
".IXIC",2006-05-01,4.57330124740619e-05,2304.45
".IXIC",2006-05-02,2.29845644322087e-05,2309.86
".IXIC",2006-05-03,3.08251440304479e-05,2304.05
".IXIC",2006-05-04,3.42763002862328e-05,2323.88
".IXIC",2006-05-05,1.95100337693178e-05,2342.57
".IXIC",2006-05-08,1.17027821141544e-05,2344.36
".IXIC",2006-05-09,9.45127439735393e-06,2337.97
".IXIC",2006-05-10,2.85584818454365e-05,2320.79
".IXIC",2006-05-11,5.45224221777183e-05,2272.54
".IXIC",2006-05-12,0.00010091558236023,2243.32
".IXIC",2006-05-15,8.26066848962215e-05,2238.36
".IXIC",2006-05-16,3.69031821299006e-05,2229.11
".IXIC",2006-05-17,7.12046595680302e-05,2195.82
".IXIC",2006-05-18,6.19691957547121e-05,2180.94
".IXIC",2006-05-19,0.00011190663597749,2193.89
".IXIC",2006-05-22,0.00013365838441302,2172.85
".IXIC",2006-05-23,6.10854639536885e-05,2161.58
".IXIC",2006-05-24,0.00025104208583646,2169.17
".IXIC",2006-05-25,4.86929251750855e-05,2198.58
".IXIC",2006-05-26,2.513886367521e-05,2210.27
".IXIC",2006-05-30,4.41200455831281e-05,2164.74
".IXIC",2006-05-31,7.20079097019706e-05,2178.24
".IXIC",2006-06-01,5.2793644224511e-05,2219.71
".IXIC",2006-06-02,6.69920215526148e-05,2219.41
".IXIC",2006-06-05,5.87524058616818e-05,2169.68
".IXIC",2006-06-06,0.00010768988735928,2162.79
".IXIC",2006-06-07,9.02996616279481e-05,2151.78
".IXIC",2006-06-08,0.00024870050391826,2145.32
".IXIC",2006-06-09,7.77619801638652e-05,2134.89
".IXIC",2006-06-12,0.00011622869440503,2091.32
".IXIC",2006-06-13,0.00019174723892873,2072.65
".IXIC",2006-06-14,0.00012199154022924,2086
".IXIC",2006-06-15,6.2332287265784e-05,2144.17
".IXIC",2006-06-16,5.21210652236712e-05,2129.95
".IXIC",2006-06-19,7.12252158307224e-05,2110.46
".IXIC",2006-06-20,7.21049769148616e-05,2107.07
".IXIC",2006-06-21,5.30585029889249e-05,2141.21
".IXIC",2006-06-22,6.01896221134299e-05,2123.01
".IXIC",2006-06-23,6.73506641277302e-05,2121.47
".IXIC",2006-06-26,3.53310559124386e-05,2133.64
".IXIC",2006-06-27,5.2933581314557e-05,2100.25
".IXIC",2006-06-28,3.78435363935674e-05,2111.83
".IXIC",2006-06-29,0.00012018553275808,2174.14
".IXIC",2006-06-30,3.60468775262242e-05,2172.67
".IXIC",2006-07-03,5.61804457789159e-06,2190.43
".IXIC",2006-07-05,3.75860105355846e-05,2153.76
".IXIC",2006-07-06,4.29508890695184e-05,2155.06
".IXIC",2006-07-07,5.47351757771727e-05,2129.91
".IXIC",2006-07-10,3.46061011236677e-05,2116.93
".IXIC",2006-07-11,8.73561329246385e-05,2128.83
".IXIC",2006-07-12,5.08544300982466e-05,2090.23
".IXIC",2006-07-13,8.91182665645697e-05,2054.11
".IXIC",2006-07-14,0.0001101133551399,2037.96
".IXIC",2006-07-17,0.00010113482068365,2036.25
".IXIC",2006-07-18,0.0001107751620166,2041.73
".IXIC",2006-07-19,0.00011298352164437,2080.17
".IXIC",2006-07-20,6.259908511262e-05,2039.63
".IXIC",2006-07-21,0.00010061913833377,2020.71
".IXIC",2006-07-24,6.33983303929313e-05,2061.41
".IXIC",2006-07-25,9.64020175973482e-05,2073.8
".IXIC",2006-07-26,8.28156632318125e-05,2070.56
".IXIC",2006-07-27,8.70268460019493e-05,2054.49
".IXIC",2006-07-28,8.20838096491109e-05,2094.14
".IXIC",2006-07-31,4.87452081141464e-05,2091.47
".IXIC",2006-08-01,5.54498979787907e-05,2061.98
".IXIC",2006-08-02,5.30028296276087e-05,2078.29
".IXIC",2006-08-03,6.7572390689125e-05,2092.32
".IXIC",2006-08-04,9.54756109403192e-05,2085.05
".IXIC",2006-08-07,4.38151732753677e-05,2072.53
".IXIC",2006-08-08,0.00016889542417498,2060.93
".IXIC",2006-08-09,7.00903477724631e-05,2060.3
".IXIC",2006-08-10,9.09442454212978e-05,2071.75
".IXIC",2006-08-11,3.24806331976433e-05,2057.72
".IXIC",2006-08-14,4.24703434747249e-05,2069.04
".IXIC",2006-08-15,4.05143008306513e-05,2115
".IXIC",2006-08-16,3.90413309224875e-05,2149.36
".IXIC",2006-08-17,4.25307387100882e-05,2157.64
".IXIC",2006-08-18,3.82081841416924e-05,2163.96
".IXIC",2006-08-21,2.742991772403e-05,2147.75
".IXIC",2006-08-22,3.90666148132527e-05,2149.98
".IXIC",2006-08-23,3.29054845521632e-05,2134.67
".IXIC",2006-08-24,3.86623035724327e-05,2137.11
".IXIC",2006-08-25,3.2941267423623e-05,2140.27
".IXIC",2006-08-28,2.4695417202786e-05,2160.73
".IXIC",2006-08-29,4.3615015006078e-05,2172.32
".IXIC",2006-08-30,3.27038551632178e-05,2185.73
".IXIC",2006-08-31,2.96862345574047e-05,2183.77
".IXIC",2006-09-01,2.89192608130224e-05,2193.16
".IXIC",2006-09-05,3.35574509016955e-05,2205.71
".IXIC",2006-09-06,3.49170467728294e-05,2167.84
".IXIC",2006-09-07,6.50097586105082e-05,2155.31
".IXIC",2006-09-08,2.83025387588884e-05,2165.61
".IXIC",2006-09-11,5.60160047953256e-05,2173.26
".IXIC",2006-09-12,4.68737221273848e-05,2215.78
".IXIC",2006-09-13,4.53076741637378e-05,2227.6
".IXIC",2006-09-14,2.32813177373375e-05,2228.72
".IXIC",2006-09-15,3.0723653954172e-05,2235.56
".IXIC",2006-09-18,4.62545741098495e-05,2235.78
".IXIC",2006-09-19,7.93952661237595e-05,2222.37
".IXIC",2006-09-20,5.46231308697325e-05,2252.88
".IXIC",2006-09-21,5.6370743491556e-05,2237.76
".IXIC",2006-09-22,3.55758462792752e-05,2218.95
".IXIC",2006-09-25,5.91092731518708e-05,2248.97
".IXIC",2006-09-26,6.10251388779261e-05,2261.33
".IXIC",2006-09-27,5.57773253993071e-05,2263.39
".IXIC",2006-09-28,3.7158963532723e-05,2270.01
".IXIC",2006-09-29,2.45844952702921e-05,2258.51
".IXIC",2006-10-02,4.68494812733234e-05,2237.61
".IXIC",2006-10-03,4.61661005866935e-05,2243.64
".IXIC",2006-10-04,5.41695604655969e-05,2290.97
".IXIC",2006-10-05,3.05664740388806e-05,2306.34
".IXIC",2006-10-06,2.96123934929782e-05,2300.02
".IXIC",2006-10-09,3.1190957525124e-05,2311.82
".IXIC",2006-10-10,2.89084865121399e-05,2315.41
".IXIC",2006-10-11,4.84498767676617e-05,2308.28
".IXIC",2006-10-12,2.89638432086022e-05,2346.2
".IXIC",2006-10-13,1.93468561423448e-05,2357.3
".IXIC",2006-10-16,1.45178563451017e-05,2363.69
".IXIC",2006-10-17,3.42664414481001e-05,2344.95
".IXIC",2006-10-18,5.21792946903807e-05,2337.25
".IXIC",2006-10-19,3.0460161905672e-05,2340.9
".IXIC",2006-10-20,5.71160353622035e-05,2341.54
".IXIC",2006-10-23,4.14446804978089e-05,2355
".IXIC",2006-10-24,3.91615341279403e-05,2344.63
".IXIC",2006-10-25,5.53175768792633e-05,2355.96
".IXIC",2006-10-26,4.53427630471063e-05,2377.53
".IXIC",2006-10-27,5.42379550257447e-05,2350.85
".IXIC",2006-10-30,3.16720708504299e-05,2363.81
".IXIC",2006-10-31,5.10947034638455e-05,2366.45
".IXIC",2006-11-01,3.64506745291167e-05,2334.16
".IXIC",2006-11-02,2.64504595008049e-05,2333.3
".IXIC",2006-11-03,5.57711643625326e-05,2331.26
".IXIC",2006-11-06,3.06015072708085e-05,2365.95
".IXIC",2006-11-07,3.95450414372122e-05,2375.88
".IXIC",2006-11-08,6.83929228792418e-05,2385.5
".IXIC",2006-11-09,5.02649909624262e-05,2376.01
".IXIC",2006-11-10,3.27686181074541e-05,2389.32
".IXIC",2006-11-13,2.76513673413698e-05,2406.38
".IXIC",2006-11-14,3.91854539664743e-05,2430.18
".IXIC",2006-11-15,2.8406129749308e-05,2442.75
".IXIC",2006-11-16,3.0369614207998e-05,2448.75
".IXIC",2006-11-17,2.03011620064441e-05,2445.86
".IXIC",2006-11-20,3.31337819125499e-05,2452.72
".IXIC",2006-11-21,1.63888835263569e-05,2454.84
".IXIC",2006-11-22,1.87988486561011e-05,2465.98
".IXIC",2006-11-24,1.14826117139263e-05,2460.26
".IXIC",2006-11-27,6.38079138009014e-05,2405.92
".IXIC",2006-11-28,6.53104913647521e-05,2412.61
".IXIC",2006-11-29,4.12440344353937e-05,2432.23
".IXIC",2006-11-30,6.47535200303359e-05,2431.78
".IXIC",2006-12-01,7.05046187410103e-05,2413.21
".IXIC",2006-12-04,4.00821109156916e-05,2448.39
".IXIC",2006-12-05,3.85006090583521e-05,2452.38
".IXIC",2006-12-06,2.05002991896988e-05,2445.85
".IXIC",2006-12-07,3.59730984191335e-05,2427.69
".IXIC",2006-12-08,4.01568472149737e-05,2437.36
".IXIC",2006-12-11,2.89268643202686e-05,2442.86
".IXIC",2006-12-12,4.79541490639727e-05,2431.6
".IXIC",2006-12-13,3.42937627321923e-05,2432.41
".IXIC",2006-12-14,2.86876548289428e-05,2453.85
".IXIC",2006-12-15,3.00318698694281e-05,2457.18
".IXIC",2006-12-18,3.89288003668344e-05,2435.57
".IXIC",2006-12-19,5.46769392554279e-05,2429.55
".IXIC",2006-12-20,1.78867443286943e-05,2427.61
".IXIC",2006-12-21,3.54121643141355e-05,2415.85
".IXIC",2006-12-22,3.48820012593394e-05,2401.18
".IXIC",2006-12-26,1.15205824975028e-05,2413.51
".IXIC",2006-12-27,2.10474134646434e-05,2431.22
".IXIC",2006-12-28,2.48312391201971e-05,2425.56
".IXIC",2006-12-29,1.93520378966816e-05,2415.12
".IXIC",2007-01-03,0.00011480477388972,2423.16
".IXIC",2007-01-04,7.79413626879433e-05,2453.43
".IXIC",2007-01-05,6.70215010662651e-05,2434.26
".IXIC",2007-01-08,6.08285082338893e-05,2438.2
".IXIC",2007-01-09,5.21066624462464e-05,2443.83
".IXIC",2007-01-10,3.54632251218406e-05,2459.33
".IXIC",2007-01-11,3.96644856293166e-05,2484.85
".IXIC",2007-01-12,4.09747704993348e-05,2502.82
".IXIC",2007-01-16,2.41817558825668e-05,2497.77
".IXIC",2007-01-17,3.15081184718162e-05,2479.42
".IXIC",2007-01-18,5.88215987633071e-05,2443.21
".IXIC",2007-01-19,2.50238483347184e-05,2451.31
".IXIC",2007-01-22,4.96860923304214e-05,2431.07
".IXIC",2007-01-23,4.40388932732565e-05,2431.41
".IXIC",2007-01-24,2.49588576135513e-05,2466.28
".IXIC",2007-01-25,4.0286160405296e-05,2434.24
".IXIC",2007-01-26,7.32859711786151e-05,2435.49
".IXIC",2007-01-29,3.90389140515519e-05,2441.09
".IXIC",2007-01-30,2.18726658972434e-05,2448.64
".IXIC",2007-01-31,5.99757046537389e-05,2463.93
".IXIC",2007-02-01,3.59455774781947e-05,2468.38
".IXIC",2007-02-02,3.05453704365412e-05,2475.84
".IXIC",2007-02-05,2.0557283593219e-05,2470.36
".IXIC",2007-02-06,3.12852063626544e-05,2471.49
".IXIC",2007-02-07,2.38311757686367e-05,2490.5
".IXIC",2007-02-08,3.01387558273987e-05,2488.67
".IXIC",2007-02-09,5.56655748667527e-05,2459.82
".IXIC",2007-02-12,1.90996953404567e-05,2450.38
".IXIC",2007-02-13,2.09624870937653e-05,2459.88
".IXIC",2007-02-14,3.30106674666312e-05,2487.86
".IXIC",2007-02-15,1.82745302697374e-05,2497.1
".IXIC",2007-02-16,1.43352868010601e-05,2496.31
".IXIC",2007-02-20,3.43975393449675e-05,2513.04
".IXIC",2007-02-21,2.32775562142483e-05,2518.42
".IXIC",2007-02-22,4.02912916821162e-05,2524.94
".IXIC",2007-02-23,3.07113799158036e-05,2515.1
".IXIC",2007-02-26,3.6746196985432e-05,2504.92
".IXIC",2007-02-27,0.00017587040833467,2410.33
".IXIC",2007-02-28,9.72171226711246e-05,2416.13
".IXIC",2007-03-01,3.45312039680407e-05,2404.21
".IXIC",2007-03-02,6.96363714367622e-05,2368
".IXIC",2007-03-05,0.0001130039049007,2340.68
".IXIC",2007-03-06,4.36985855466943e-05,2384.81
".IXIC",2007-03-07,3.80529473248008e-05,2374.64
".IXIC",2007-03-08,2.59006178839234e-05,2387.19
".IXIC",2007-03-09,4.34235504791126e-05,2387.55
".IXIC",2007-03-12,3.3621848826807e-05,2402.29
".IXIC",2007-03-13,7.32584600702356e-05,2350.57
".IXIC",2007-03-14,0.00013167049899257,2371.74
".IXIC",2007-03-15,3.9514464650782e-05,2378.7
".IXIC",2007-03-16,3.05568204838465e-05,2372.01
".IXIC",2007-03-19,2.77940376452504e-05,2393.73
".IXIC",2007-03-20,1.76827800936058e-05,2408.21
".IXIC",2007-03-21,8.41157949427987e-05,2455.92
".IXIC",2007-03-22,2.52656393101033e-05,2451.74
".IXIC",2007-03-23,3.60618308321049e-05,2449.06
".IXIC",2007-03-26,5.93309430952386e-05,2455.63
".IXIC",2007-03-27,1.71637953181055e-05,2437.43
".IXIC",2007-03-28,6.22002837172105e-05,2417.1
".IXIC",2007-03-29,5.05589391181899e-05,2417.88
".IXIC",2007-03-30,4.20773584877892e-05,2420.9
".IXIC",2007-04-02,2.38101887184386e-05,2422.26
".IXIC",2007-04-03,3.45640867919048e-05,2450.17
".IXIC",2007-04-04,1.73416647175175e-05,2458.69
".IXIC",2007-04-05,8.04525874464605e-06,2471.34
".IXIC",2007-04-09,2.30439896177558e-05,2469.18
".IXIC",2007-04-10,1.39840684767185e-05,2477.61
".IXIC",2007-04-11,3.00670548031548e-05,2459.31
".IXIC",2007-04-12,3.55280056902111e-05,2480.32
".IXIC",2007-04-13,2.97313608275199e-05,2491.84
".IXIC",2007-04-16,1.78309006027242e-05,2517.6
".IXIC",2007-04-17,1.87734221557583e-05,2516.95
".IXIC",2007-04-18,1.86914290342619e-05,2509.67
".IXIC",2007-04-19,3.35833724192671e-05,2504.63
".IXIC",2007-04-20,2.70370343976638e-05,2525.93
".IXIC",2007-04-23,1.76732572724531e-05,2523.56
".IXIC",2007-04-24,2.85928642372399e-05,2524.34
".IXIC",2007-04-25,2.11280584784615e-05,2547.88
".IXIC",2007-04-26,1.54088851837491e-05,2554.29
".IXIC",2007-04-27,2.04846902088734e-05,2557.42
".IXIC",2007-04-30,3.46400002523383e-05,2525.47
".IXIC",2007-05-01,5.02226976195541e-05,2531.11
".IXIC",2007-05-02,2.18317909497167e-05,2557.7
".IXIC",2007-05-03,1.96497138226126e-05,2564.95
".IXIC",2007-05-04,2.09789291764377e-05,2571.4
".IXIC",2007-05-07,9.89708004893505e-06,2570.14
".IXIC",2007-05-08,2.37094227954628e-05,2571.64
".IXIC",2007-05-09,3.72945224140221e-05,2575.94
".IXIC",2007-05-10,5.18699641741994e-05,2533.25
".IXIC",2007-05-11,2.75806369727732e-05,2561.72
".IXIC",2007-05-14,3.38377268267594e-05,2546.46
".IXIC",2007-05-15,7.07736492137749e-05,2525.26
".IXIC",2007-05-16,3.53845118665529e-05,2546.98
".IXIC",2007-05-17,2.75632606331297e-05,2539.14
".IXIC",2007-05-18,2.27893860699285e-05,2558.45
".IXIC",2007-05-21,3.31249413157286e-05,2578.08
".IXIC",2007-05-22,2.99023541953874e-05,2587.7
".IXIC",2007-05-23,3.57469156573533e-05,2576.94
".IXIC",2007-05-24,8.27946150991913e-05,2537.75
".IXIC",2007-05-25,1.805313236528e-05,2556.89
".IXIC",2007-05-29,3.56601304998015e-05,2571.68
".IXIC",2007-05-30,3.40884844844009e-05,2591.97
".IXIC",2007-05-31,2.25985269422645e-05,2603.85
".IXIC",2007-06-01,2.85888767498903e-05,2613.72
".IXIC",2007-06-04,2.35335118514809e-05,2618.13
".IXIC",2007-06-05,4.21721968526865e-05,2611.65
".IXIC",2007-06-06,3.44707129116674e-05,2587.13
".IXIC",2007-06-07,7.22851114976181e-05,2541.68
".IXIC",2007-06-08,5.15930933523027e-05,2573.54
".IXIC",2007-06-11,2.12809120401212e-05,2572.37
".IXIC",2007-06-12,4.73761346974997e-05,2550.1
".IXIC",2007-06-13,3.2292779157729e-05,2582.31
".IXIC",2007-06-14,2.41312083232011e-05,2599.2
".IXIC",2007-06-15,1.4901036888702e-05,2626.71
".IXIC",2007-06-18,2.18044325023778e-05,2626.51
".IXIC",2007-06-19,2.12485806378038e-05,2627.07
".IXIC",2007-06-20,5.21690952504743e-05,2600.11
".IXIC",2007-06-21,7.26589707981399e-05,2616.79
".IXIC",2007-06-22,5.90503783126016e-05,2589.43
".IXIC",2007-06-25,7.75437115174017e-05,2576.84
".IXIC",2007-06-26,6.55590183200136e-05,2573.9
".IXIC",2007-06-27,4.4118530757921e-05,2605.35
".IXIC",2007-06-28,6.15544931167098e-05,2608.37
".IXIC",2007-06-29,5.8435545811224e-05,2602.55
".IXIC",2007-07-02,1.90910172755125e-05,2631.98
".IXIC",2007-07-03,4.74321171165568e-06,2644.95
".IXIC",2007-07-05,2.07063597285897e-05,2656.42
".IXIC",2007-07-06,1.32813962477414e-05,2666.05
".IXIC",2007-07-09,1.41838568849352e-05,2669.71
".IXIC",2007-07-10,3.78295419901421e-05,2639.15
".IXIC",2007-07-11,4.44087940006447e-05,2652.34
".IXIC",2007-07-12,1.92990213576922e-05,2700.63
".IXIC",2007-07-13,1.54373977322328e-05,2706.07
".IXIC",2007-07-16,2.0030810759862e-05,2697.26
".IXIC",2007-07-17,2.16531061722052e-05,2712.29
".IXIC",2007-07-18,5.27160757885473e-05,2699.49
".IXIC",2007-07-19,1.86111366536839e-05,2719.37
".IXIC",2007-07-20,6.39049021460363e-05,2687.6
".IXIC",2007-07-23,2.19239589604467e-05,2690.53
".IXIC",2007-07-24,8.26782148474664e-05,2640.69
".IXIC",2007-07-25,9.78420579514479e-05,2648.17
".IXIC",2007-07-26,0.00023400753313374,2602.75
".IXIC",2007-07-27,0.00019346931128913,2562.06
".IXIC",2007-07-30,0.00011815396159124,2583.67
".IXIC",2007-07-31,0.0001135870833737,2546.27
".IXIC",2007-08-01,0.00030796369183741,2555.06
".IXIC",2007-08-02,8.95713175555486e-05,2575.9
".IXIC",2007-08-03,0.00011199521554516,2511.12
".IXIC",2007-08-06,0.00020474821481488,2547.33
".IXIC",2007-08-07,0.00013927422151518,2561.59
".IXIC",2007-08-08,8.41111084329913e-05,2611.86
".IXIC",2007-08-09,0.00019672343637178,2558.25
".IXIC",2007-08-10,0.00033372223391558,2545.84
".IXIC",2007-08-13,8.2654318389498e-05,2542.24
".IXIC",2007-08-14,0.00012552375793841,2499.12
".IXIC",2007-08-15,0.00017136557605314,2458.83
".IXIC",2007-08-16,0.00052018814842174,2451.2
".IXIC",2007-08-17,0.00021518448930072,2505.03
".IXIC",2007-08-20,9.14115382481036e-05,2508.59
".IXIC",2007-08-21,7.69494656606875e-05,2521.3
".IXIC",2007-08-22,3.23627491229011e-05,2552.8
".IXIC",2007-08-23,6.35645292879766e-05,2541.7
".IXIC",2007-08-24,2.95279759957085e-05,2576.69
".IXIC",2007-08-27,3.69049813196781e-05,2561.25
".IXIC",2007-08-28,4.79200200017972e-05,2500.64
".IXIC",2007-08-29,5.85494196420871e-05,2562.15
".IXIC",2007-08-30,9.21344500496879e-05,2565.3
".IXIC",2007-08-31,5.0820165106609e-05,2594.67
".IXIC",2007-09-04,3.96986866309477e-05,2630.24
".IXIC",2007-09-05,5.69960927419284e-05,2605.95
".IXIC",2007-09-06,4.74357732087624e-05,2614.03
".IXIC",2007-09-07,7.40377974624622e-05,2565.98
".IXIC",2007-09-10,0.00011970735892628,2559.11
".IXIC",2007-09-11,5.46132297967804e-05,2597.47
".IXIC",2007-09-12,5.06405329365038e-05,2592.07
".IXIC",2007-09-13,3.53007860587659e-05,2600.96
".IXIC",2007-09-14,3.351765032986e-05,2602.18
".IXIC",2007-09-17,3.26818478980813e-05,2581.66
".IXIC",2007-09-18,0.00014975464318075,2651.66
".IXIC",2007-09-19,4.2970229890235e-05,2666.48
".IXIC",2007-09-20,4.05597799387283e-05,2654.29
".IXIC",2007-09-21,1.65742570109203e-05,2671.22
".IXIC",2007-09-24,5.81365526857528e-05,2667.95
".IXIC",2007-09-25,3.53073896805891e-05,2683.45
".IXIC",2007-09-26,3.48398581511738e-05,2698.6
".IXIC",2007-09-27,2.143597473324e-05,2708.9
".IXIC",2007-09-28,2.80334235670753e-05,2701.5
".IXIC",2007-10-01,3.55547124451751e-05,2740.99
".IXIC",2007-10-02,2.54955046884647e-05,2747.11
".IXIC",2007-10-03,3.1549220304956e-05,2729.43
".IXIC",2007-10-04,2.30635705453566e-05,2733.29
".IXIC",2007-10-05,3.45369339066099e-05,2780.32
".IXIC",2007-10-08,2.46636302506663e-05,2786.57
".IXIC",2007-10-09,3.37942371581492e-05,2803.91
".IXIC",2007-10-10,2.42429290083034e-05,2811.61
".IXIC",2007-10-11,0.00013107768936558,2772.2
".IXIC",2007-10-12,5.05191246546674e-05,2805.68
".IXIC",2007-10-15,7.75782596922984e-05,2780.05
".IXIC",2007-10-16,5.5899246830951e-05,2763.91
".IXIC",2007-10-17,9.7905690552287e-05,2792.67
".IXIC",2007-10-18,5.96537760122411e-05,2799.31
".IXIC",2007-10-19,0.00013280252524975,2726
".IXIC",2007-10-22,0.00014503212290756,2753.94
".IXIC",2007-10-23,6.87035696692207e-05,2799.26
".IXIC",2007-10-24,0.00021713308896728,2774.37
".IXIC",2007-10-25,0.00018123391087728,2750.86
".IXIC",2007-10-26,6.62015110509735e-05,2804.19
".IXIC",2007-10-29,6.03887441061722e-05,2816.83
".IXIC",2007-10-30,3.38801068524683e-05,2815.56
".IXIC",2007-10-31,0.00013058938523494,2859.12
".IXIC",2007-11-01,0.00013805480203306,2796.07
".IXIC",2007-11-02,0.00019053993103894,2810.18
".IXIC",2007-11-05,0.00010818002902486,2795.18
".IXIC",2007-11-06,7.21077782204087e-05,2825.47
".IXIC",2007-11-07,0.00012351276510094,2748.87
".IXIC",2007-11-08,0.000371705183841,2696
".IXIC",2007-11-09,0.00023595979986271,2626.44
".IXIC",2007-11-12,0.00020012926001119,2584.13
".IXIC",2007-11-13,8.96550579901524e-05,2673.57
".IXIC",2007-11-14,0.00012764360586538,2644.32
".IXIC",2007-11-15,0.00017097365641506,2617.82
".IXIC",2007-11-16,0.00018154156230695,2636.14
".IXIC",2007-11-19,0.00016219676790612,2593.38
".IXIC",2007-11-20,0.00031929635105831,2596.81
".IXIC",2007-11-21,0.00021752716118774,2562.15
".IXIC",2007-11-23,3.52791592016774e-05,2596.6
".IXIC",2007-11-26,0.000149826497872,2540.99
".IXIC",2007-11-27,0.00021069393475096,2580.8
".IXIC",2007-11-28,0.00010175894898407,2662.92
".IXIC",2007-11-29,0.00011693118510435,2668.13
".IXIC",2007-11-30,0.00010821195557892,2660.96
".IXIC",2007-12-03,7.41254116928451e-05,2638.09
".IXIC",2007-12-04,5.60893328125329e-05,2619.83
".IXIC",2007-12-05,5.81064873487332e-05,2666.36
".IXIC",2007-12-06,4.75353751566725e-05,2709.03
".IXIC",2007-12-07,4.02676336397778e-05,2706
".IXIC",2007-12-10,2.66277659647732e-05,2718.95
".IXIC",2007-12-11,0.00021949760581997,2652.35
".IXIC",2007-12-12,0.00020281359315109,2671.17
".IXIC",2007-12-13,0.00011949920904634,2668.49
".IXIC",2007-12-14,7.19031705016498e-05,2636.31
".IXIC",2007-12-17,8.97582990467511e-05,2575.85
".IXIC",2007-12-18,0.0001387854719154,2596.32
".IXIC",2007-12-19,9.45885159958364e-05,2600.36
".IXIC",2007-12-20,7.48931772722675e-05,2640.88
".IXIC",2007-12-21,3.080445626038e-05,2691.98
".IXIC",2007-12-24,1.27422727175639e-05,2713.5
".IXIC",2007-12-26,2.34279379064937e-05,2724.41
".IXIC",2007-12-27,5.25434013082728e-05,2676.79
".IXIC",2007-12-28,5.12912195706064e-05,2674.46
".IXIC",2007-12-31,3.57142421083408e-05,2652.28
".IXIC",2008-01-02,0.0001628775828362,2609.7
".IXIC",2008-01-03,8.19823087806167e-05,2602.26
".IXIC",2008-01-04,0.00017353474039276,2504.65
".IXIC",2008-01-07,0.00033274268538212,2499.46
".IXIC",2008-01-08,0.00031131903744311,2440.58
".IXIC",2008-01-09,0.00038745747761315,2474.55
".IXIC",2008-01-10,0.00033244918432854,2488.52
".IXIC",2008-01-11,0.00017931461506639,2439.98
".IXIC",2008-01-14,7.95608284488012e-05,2478.3
".IXIC",2008-01-15,0.00014638586716617,2417.61
".IXIC",2008-01-16,0.00032227277576702,2394.51
".IXIC",2008-01-17,0.00030383542522304,2346.9
".IXIC",2008-01-18,0.00033772443933459,2340.02
".IXIC",2008-01-22,0.00071961693186993,2292.77
".IXIC",2008-01-23,0.00075354943685167,2316.62
".IXIC",2008-01-24,0.0002963221234241,2359.89
".IXIC",2008-01-25,0.00021604034142959,2327.51
".IXIC",2008-01-28,0.00020733760347358,2349.21
".IXIC",2008-01-29,9.45538423155167e-05,2358.06
".IXIC",2008-01-30,0.00020345151610526,2348.65
".IXIC",2008-01-31,0.00027410437784194,2385.7
".IXIC",2008-02-01,0.00016869780541931,2411.61
".IXIC",2008-02-04,5.71131866534569e-05,2382.79
".IXIC",2008-02-05,0.00010587985905453,2310.8
".IXIC",2008-02-06,0.00016637754059429,2278.6
".IXIC",2008-02-07,0.00041192207160807,2293.03
".IXIC",2008-02-08,0.0001851185944799,2303.6
".IXIC",2008-02-11,8.09242691889777e-05,2319.5
".IXIC",2008-02-12,0.00013142347817703,2320.04
".IXIC",2008-02-13,8.2911565331382e-05,2372.2
".IXIC",2008-02-14,0.00015633307712947,2333.32
".IXIC",2008-02-15,6.76546919397166e-05,2321.8
".IXIC",2008-02-19,7.56316709863828e-05,2306.69
".IXIC",2008-02-20,0.00012722970374956,2326.93
".IXIC",2008-02-21,0.00011324180196594,2299.43
".IXIC",2008-02-22,0.00016112895688824,2304.72
".IXIC",2008-02-25,0.00016447890383273,2327.48
".IXIC",2008-02-26,0.00016830988503477,2344.91
".IXIC",2008-02-27,0.00014119993594033,2354.47
".IXIC",2008-02-28,9.63563971321705e-05,2331.57
".IXIC",2008-02-29,0.00010768116901016,2271.5
".IXIC",2008-03-03,0.00013638758707296,2258.6
".IXIC",2008-03-04,0.00019531007779281,2260.19
".IXIC",2008-03-05,0.00012589673728463,2272.81
".IXIC",2008-03-06,0.00011103958790709,2220.5
".IXIC",2008-03-07,0.00028520558738488,2212.49
".IXIC",2008-03-10,0.0001158519150139,2169.34
".IXIC",2008-03-11,0.00018354323534655,2254.46
".IXIC",2008-03-12,0.00011435868714599,2243.43
".IXIC",2008-03-13,0.00032183384912357,2262.65
".IXIC",2008-03-14,0.00053382205391828,2214.14
".IXIC",2008-03-17,0.00029208986634956,2177.09
".IXIC",2008-03-18,0.00023325855305209,2268.19
".IXIC",2008-03-19,0.00024225945594523,2211.16
".IXIC",2008-03-20,0.00013003158647894,2257.89
".IXIC",2008-03-24,0.00012535884501744,2326.75
".IXIC",2008-03-25,0.00013480628806992,2341.05
".IXIC",2008-03-26,8.8672676110012e-05,2324.36
".IXIC",2008-03-27,0.00011749074399324,2281.58
".IXIC",2008-03-28,8.74640463049489e-05,2261.12
".IXIC",2008-03-31,9.55588893842975e-05,2279.1
".IXIC",2008-04-01,8.56559039164605e-05,2362.75
".IXIC",2008-04-02,9.48086176259979e-05,2361.4
".IXIC",2008-04-03,0.00010046859302632,2363.3
".IXIC",2008-04-04,8.5787907733214e-05,2370.85
".IXIC",2008-04-07,5.84491607013653e-05,2364.83
".IXIC",2008-04-08,6.27956032872384e-05,2348.76
".IXIC",2008-04-09,6.97649967728701e-05,2322.12
".IXIC",2008-04-10,0.00010885180759419,2350.6
".IXIC",2008-04-11,8.14617295230194e-05,2290.24
".IXIC",2008-04-14,6.38276035690025e-05,2275.82
".IXIC",2008-04-15,6.3132984130383e-05,2286.04
".IXIC",2008-04-16,6.3465719030361e-05,2350.11
".IXIC",2008-04-17,6.15200270467571e-05,2342.43
".IXIC",2008-04-18,5.35948797612437e-05,2402.32
".IXIC",2008-04-21,3.81779116384728e-05,2408.04
".IXIC",2008-04-22,6.76994494601831e-05,2376.94
".IXIC",2008-04-23,7.4544909946503e-05,2405.21
".IXIC",2008-04-24,0.00012364209109726,2428.92
".IXIC",2008-04-25,9.21919803862113e-05,2423.36
".IXIC",2008-04-28,4.81355380827314e-05,2424.4
".IXIC",2008-04-29,4.46513504131083e-05,2426.1
".IXIC",2008-04-30,0.00010030640353422,2412.99
".IXIC",2008-05-01,8.69418821466674e-05,2479.55
".IXIC",2008-05-02,0.00010349981477493,2476.99
".IXIC",2008-05-05,6.82849255622256e-05,2464.12
".IXIC",2008-05-06,6.07466180619462e-05,2482.57
".IXIC",2008-05-07,7.33407898668097e-05,2439.39
".IXIC",2008-05-08,9.01993838984523e-05,2450.71
".IXIC",2008-05-09,4.89971177521077e-05,2445.15
".IXIC",2008-05-12,5.78877288917344e-05,2486.62
".IXIC",2008-05-13,4.5802039042991e-05,2495.12
".IXIC",2008-05-14,6.58294783516913e-05,2495.66
".IXIC",2008-05-15,7.19808433046873e-05,2533.73
".IXIC",2008-05-16,5.286439918709e-05,2528.85
".IXIC",2008-05-19,0.00010990055960752,2515.82
".IXIC",2008-05-20,9.68448859669493e-05,2492.26
".IXIC",2008-05-21,0.0001677692149209,2448.27
".IXIC",2008-05-22,0.00010236612116493,2464.58
".IXIC",2008-05-23,8.33327652887359e-05,2444.67
".IXIC",2008-05-27,8.48951444093022e-05,2481.24
".IXIC",2008-05-28,7.9028996105005e-05,2486.7
".IXIC",2008-05-29,6.59640230984158e-05,2508.32
".IXIC",2008-05-30,3.86742013619917e-05,2522.66
".IXIC",2008-06-02,7.06270240478609e-05,2491.53
".IXIC",2008-06-03,0.00010362923104142,2480.48
".IXIC",2008-06-04,0.00013599596026746,2502.48
".IXIC",2008-06-05,6.2476075279967e-05,2549.94
".IXIC",2008-06-06,0.00013270541054472,2474.56
".IXIC",2008-06-09,0.00020842307384007,2459.46
".IXIC",2008-06-10,0.00013075294890073,2448.94
".IXIC",2008-06-11,0.00013991028904207,2394.36
".IXIC",2008-06-12,0.00012408238553677,2404.35
".IXIC",2008-06-13,0.00013298827315787,2454.5
".IXIC",2008-06-16,8.60568409577054e-05,2473.08
".IXIC",2008-06-17,8.30303316009655e-05,2457.73
".IXIC",2008-06-18,0.0001051975436609,2429.71
".IXIC",2008-06-19,0.00014700533716852,2462.07
".IXIC",2008-06-20,0.00012909778217889,2406.09
".IXIC",2008-06-23,0.00010429767676085,2385.74
".IXIC",2008-06-24,0.00015345279573005,2368.28
".IXIC",2008-06-25,0.00013341475697091,2401.26
".IXIC",2008-06-26,9.99070679049422e-05,2321.37
".IXIC",2008-06-27,0.00017615887721011,2315.63
".IXIC",2008-06-30,0.00011516867093749,2292.98
".IXIC",2008-07-01,0.0002835427966413,2304.97
".IXIC",2008-07-02,0.00017284378602994,2251.72
".IXIC",2008-07-03,0.00015895048606779,2245.38
".IXIC",2008-07-07,0.00025925944235633,2242.96
".IXIC",2008-07-08,0.00022791593585195,2294.42
".IXIC",2008-07-09,0.00015581082939951,2234.89
".IXIC",2008-07-10,0.00037205785352078,2257.85
".IXIC",2008-07-11,0.00045567066504013,2239.08
".IXIC",2008-07-14,0.00023934868691811,2212.87
".IXIC",2008-07-15,0.00037614379167163,2215.67
".IXIC",2008-07-16,0.0002807832338973,2284.48
".IXIC",2008-07-17,0.00019879151882899,2312
".IXIC",2008-07-18,0.00012647777862271,2282.78
".IXIC",2008-07-21,7.00394453054493e-05,2279.53
".IXIC",2008-07-22,0.00011281887219871,2303.93
".IXIC",2008-07-23,0.00021274542846331,2325.89
".IXIC",2008-07-24,0.0001183336135128,2280.83
".IXIC",2008-07-25,0.00015151693339876,2310.53
".IXIC",2008-07-28,0.00012324981057774,2264.22
".IXIC",2008-07-29,0.00010432453976078,2319.62
".IXIC",2008-07-30,0.000123946272397,2329.72
".IXIC",2008-07-31,0.00013313365756949,2325.3
".IXIC",2008-08-01,0.00018562014143097,2310.96
".IXIC",2008-08-04,0.00010389780095218,2285.56
".IXIC",2008-08-05,8.62677660093747e-05,2349.83
".IXIC",2008-08-06,9.2264715688896e-05,2378.37
".IXIC",2008-08-07,0.00011450206142092,2355.73
".IXIC",2008-08-08,0.00010442937466581,2414.1
".IXIC",2008-08-11,0.00010151449463285,2439.95
".IXIC",2008-08-12,0.00011189338460077,2430.61
".IXIC",2008-08-13,0.00014867078270508,2428.62
".IXIC",2008-08-14,9.75968886950644e-05,2453.67
".IXIC",2008-08-15,9.55148448523116e-05,2452.52
".IXIC",2008-08-18,0.00010806005062607,2416.98
".IXIC",2008-08-19,9.10245632929326e-05,2384.36
".IXIC",2008-08-20,0.00013725210906638,2389.08
".IXIC",2008-08-21,9.90512532813086e-05,2380.38
".IXIC",2008-08-22,6.23686410087141e-05,2414.71
".IXIC",2008-08-25,6.51358877303099e-05,2366.74
".IXIC",2008-08-26,8.35337156572328e-05,2361.97
".IXIC",2008-08-27,8.43334231277769e-05,2382.46
".IXIC",2008-08-28,5.4353272957336e-05,2411.64
".IXIC",2008-08-29,7.39963192074897e-05,2367.52
".IXIC",2008-09-02,0.00011642891194154,2349.24
".IXIC",2008-09-03,0.00016403530076709,2333.73
".IXIC",2008-09-04,0.00011801950803025,2259.04
".IXIC",2008-09-05,0.00018599051588449,2255.88
".IXIC",2008-09-08,0.00031940686596573,2269.35
".IXIC",2008-09-09,0.00017724635098189,2214.19
".IXIC",2008-09-10,0.00019226754313783,2228.7
".IXIC",2008-09-11,0.0002102933865085,2259.25
".IXIC",2008-09-12,0.00018839001189488,2261.27
".IXIC",2008-09-15,0.00033524226216206,2186.38
".IXIC",2008-09-16,0.00047114778185359,2203.04
".IXIC",2008-09-17,0.00047022239052717,2101.68
".IXIC",2008-09-18,0.00091220223225186,2190.25
".IXIC",2008-09-19,0.00037096331265271,2264.44
".IXIC",2008-09-22,0.00018221900714975,2178.99
".IXIC",2008-09-23,0.0003035978489488,2153.34
".IXIC",2008-09-24,0.00020669205958441,2155.68
".IXIC",2008-09-25,0.00016126350940531,2186.57
".IXIC",2008-09-26,0.00022851986958203,2183.34
".IXIC",2008-09-29,0.00116490121817399,2018.59
".IXIC",2008-09-30,0.00030147269773773,2082.33
".IXIC",2008-10-01,0.00029310626070928,2069.4
".IXIC",2008-10-02,0.00030172232731025,1976.93
".IXIC",2008-10-03,0.00100818659104728,1947.48
".IXIC",2008-10-06,0.00130176994696383,1864.27
".IXIC",2008-10-07,0.00075408337510079,1754.95
".IXIC",2008-10-08,0.00228799856062693,1739.49
".IXIC",2008-10-09,0.00136320478440992,1657.13
".IXIC",2008-10-10,0.00379070520706241,1643.06
".IXIC",2008-10-13,0.00057682866867904,1836.83
".IXIC",2008-10-14,0.00171970471071046,1778.99
".IXIC",2008-10-15,0.00100754786066425,1632.01
".IXIC",2008-10-16,0.00288123901811019,1717.72
".IXIC",2008-10-17,0.00109879695788341,1711.47
".IXIC",2008-10-20,0.00067497739179377,1770.05
".IXIC",2008-10-21,0.00062074320479844,1696.64
".IXIC",2008-10-22,0.00079455198031258,1621.28
".IXIC",2008-10-23,0.00217925107118435,1604.73
".IXIC",2008-10-24,0.00153147510993578,1551.37
".IXIC",2008-10-27,0.00118341003637556,1505.76
".IXIC",2008-10-28,0.00101881431466246,1641.76
".IXIC",2008-10-29,0.00175557994772725,1650.75
".IXIC",2008-10-30,0.00065177162816912,1698.51
".IXIC",2008-10-31,0.00074948396123982,1722.25
".IXIC",2008-11-03,0.0002405566941019,1726.32
".IXIC",2008-11-04,0.00031629811463105,1779.88
".IXIC",2008-11-05,0.00045329967792308,1681.68
".IXIC",2008-11-06,0.00058614090758976,1608.88
".IXIC",2008-11-07,0.00046666497697496,1647.4
".IXIC",2008-11-10,0.00050357811970449,1616.72
".IXIC",2008-11-11,0.00060296897933611,1580.93
".IXIC",2008-11-12,0.00040941476037466,1499.21
".IXIC",2008-11-13,0.00228810287946963,1592.34
".IXIC",2008-11-14,0.00153256529328417,1513.09
".IXIC",2008-11-17,0.00072779156687152,1482.62
".IXIC",2008-11-18,0.00086802640630563,1479.76
".IXIC",2008-11-19,0.00078314868555389,1389.42
".IXIC",2008-11-20,0.0018621823268998,1316.01
".IXIC",2008-11-21,0.00184583173099002,1380.93
".IXIC",2008-11-24,0.00091745200006892,1466.22
".IXIC",2008-11-25,0.00075733625541032,1464.73
".IXIC",2008-11-26,0.00058628455066949,1532.1
".IXIC",2008-11-28,0.00011547956368774,1535.57
".IXIC",2008-12-01,0.00054666966709149,1399.8
".IXIC",2008-12-02,0.00079425682161725,1450.4
".IXIC",2008-12-03,0.00095073469532938,1492.38
".IXIC",2008-12-04,0.00081154330844476,1445.56
".IXIC",2008-12-05,0.00092209091144946,1510.18
".IXIC",2008-12-08,0.00053793234831586,1568.64
".IXIC",2008-12-09,0.00072099482204529,1547.34
".IXIC",2008-12-10,0.00049180889561801,1565.48
".IXIC",2008-12-11,0.00043130967706035,1509.23
".IXIC",2008-12-12,0.00062072047710184,1538.66
".IXIC",2008-12-15,0.00033049598698308,1510.6
".IXIC",2008-12-16,0.00038716898897645,1585.98
".IXIC",2008-12-17,0.00038857347735283,1579.59
".IXIC",2008-12-18,0.00036528142185269,1551.46
".IXIC",2008-12-19,0.00023957457602657,1564.2
".IXIC",2008-12-22,0.00025114980219157,1532.8
".IXIC",2008-12-23,0.0002201369658825,1521.36
".IXIC",2008-12-24,2.74844060612295e-05,1524.9
".IXIC",2008-12-26,2.20393753383383e-05,1530.01
".IXIC",2008-12-29,0.00011020586456403,1509.41
".IXIC",2008-12-30,0.00012376096967227,1550.09
".IXIC",2008-12-31,0.00011085401906556,1575.84
".IXIC",2009-01-02,0.00015231653690159,1629.08
".IXIC",2009-01-05,0.00017710131884918,1626.23
".IXIC",2009-01-06,0.00016622969776993,1650.86
".IXIC",2009-01-07,0.00016699695212824,1598.9
".IXIC",2009-01-08,0.00019194383621115,1615.62
".IXIC",2009-01-09,0.00034871053255214,1571.59
".IXIC",2009-01-12,0.00018691004800965,1539
".IXIC",2009-01-13,0.00031258261986929,1545.29
".IXIC",2009-01-14,0.00028384142543664,1492.33
".IXIC",2009-01-15,0.00057720380103766,1511.73
".IXIC",2009-01-16,0.0004153535279539,1528.32
".IXIC",2009-01-20,0.00054029654623432,1443.6
".IXIC",2009-01-21,0.00042228465081043,1505.76
".IXIC",2009-01-22,0.00067484494723169,1466.77
".IXIC",2009-01-23,0.00059298683480741,1477.1
".IXIC",2009-01-26,0.00041680092323512,1488.17
".IXIC",2009-01-27,0.00028583349850043,1505.82
".IXIC",2009-01-28,0.00022938464376022,1558.34
".IXIC",2009-01-29,0.00017591099191144,1508.21
".IXIC",2009-01-30,0.00026697778001551,1477.59
".IXIC",2009-02-02,0.00024868850452725,1494.43
".IXIC",2009-02-03,0.00025473913506871,1514.24
".IXIC",2009-02-04,0.0002919699963267,1515.95
".IXIC",2009-02-05,0.00036375564623219,1542.77
".IXIC",2009-02-06,0.00031278906122128,1588.05
".IXIC",2009-02-09,0.00020081428875299,1590.95
".IXIC",2009-02-10,0.00056442971618833,1528.78
".IXIC",2009-02-11,0.00036415250916774,1530.73
".IXIC",2009-02-12,0.00048928095296235,1542.1
".IXIC",2009-02-13,0.00028826416765117,1533.16
".IXIC",2009-02-17,0.00048671224597394,1472.7
".IXIC",2009-02-18,0.00035988724541708,1467.88
".IXIC",2009-02-19,0.00027358020311469,1444.11
".IXIC",2009-02-20,0.00033503515531978,1441.24
".IXIC",2009-02-23,0.00034254729142949,1389.95
".IXIC",2009-02-24,0.00049469713393123,1439.07
".IXIC",2009-02-25,0.00048621645187644,1425.81
".IXIC",2009-02-26,0.00039586623747191,1393.17
".IXIC",2009-02-27,0.00044848357278787,1377.84
".IXIC",2009-03-02,0.00031216972769627,1325.59
".IXIC",2009-03-03,0.0004319452429816,1322.12
".IXIC",2009-03-04,0.00027310716344849,1352.52
".IXIC",2009-03-05,0.00037529078129147,1302.09
".IXIC",2009-03-06,0.00054596894134733,1293.85
".IXIC",2009-03-09,0.00047778497646717,1268.89
".IXIC",2009-03-10,0.00041700150602184,1358.28
".IXIC",2009-03-11,0.00040670553332004,1371.86
".IXIC",2009-03-12,0.00026947553186528,1424.97
".IXIC",2009-03-13,0.00028114604604692,1429.57
".IXIC",2009-03-16,0.00033701642945751,1403.53
".IXIC",2009-03-17,0.00029894527243317,1459
".IXIC",2009-03-18,0.00050044378641237,1489.02
".IXIC",2009-03-19,0.0002590108870703,1482.98
".IXIC",2009-03-20,0.00025379871630653,1456.06
".IXIC",2009-03-23,0.00024811917741723,1552.22
".IXIC",2009-03-24,0.00017993779034334,1515.98
".IXIC",2009-03-25,0.00042010621403572,1529.55
".IXIC",2009-03-26,0.00033443422147585,1582.03
".IXIC",2009-03-27,0.00017799085943948,1544.85
".IXIC",2009-03-30,0.00024234239093146,1501.8
".IXIC",2009-03-31,0.00023672583393799,1528.59
".IXIC",2009-04-01,0.000287417544759,1549.55
".IXIC",2009-04-02,0.00019946017497304,1598.13
".IXIC",2009-04-03,0.00021325135873315,1619.88
".IXIC",2009-04-06,0.00025056746528869,1604.78
".IXIC",2009-04-07,0.00018147913537523,1561.52
".IXIC",2009-04-08,0.00018184814894841,1590.32
".IXIC",2009-04-09,0.00014315518121527,1649.55
".IXIC",2009-04-13,0.00012177780426279,1652.78
".IXIC",2009-04-14,0.00015895533030414,1624.48
".IXIC",2009-04-15,0.00014351636323358,1626.59
".IXIC",2009-04-16,0.00018190140423918,1668.06
".IXIC",2009-04-17,0.00012117337509327,1671.9
".IXIC",2009-04-20,0.00015676681252696,1610.05
".IXIC",2009-04-21,0.0002340580396265,1643.09
".IXIC",2009-04-22,0.00025498132606737,1644.78
".IXIC",2009-04-23,0.00026938377526828,1652.81
".IXIC",2009-04-24,0.00019264587507426,1691.23
".IXIC",2009-04-27,0.00020062472934212,1682.13
".IXIC",2009-04-28,0.00014534368057924,1673.81
".IXIC",2009-04-29,0.00016870320887606,1711.94
".IXIC",2009-04-30,0.00026117379082854,1715.1
".IXIC",2009-05-01,0.00012830857781294,1719.2
".IXIC",2009-05-04,0.00015441982701487,1760.56
".IXIC",2009-05-05,0.00012251318176146,1754.12
".IXIC",2009-05-06,0.00023285581760114,1757.94
".IXIC",2009-05-07,0.00028550014544094,1715.6
".IXIC",2009-05-08,0.00022246507470705,1737.62
".IXIC",2009-05-11,0.0001760386725115,1730.2
".IXIC",2009-05-12,0.00019059104852975,1716.96
".IXIC",2009-05-13,0.00017025237467681,1665.64
".IXIC",2009-05-14,0.00017511968507569,1686.99
".IXIC",2009-05-15,0.00013672650189257,1680.59
".IXIC",2009-05-18,0.00010323951632857,1731.51
".IXIC",2009-05-19,0.00016918040884385,1733.06
".IXIC",2009-05-20,0.00021231137128904,1727.84
".IXIC",2009-05-21,0.00014798068729667,1695.34
".IXIC",2009-05-22,0.00015139174120511,1693.52
".IXIC",2009-05-26,0.00021067609197412,1750.84
".IXIC",2009-05-27,0.00021159557699889,1730.2
".IXIC",2009-05-28,0.00024583563318162,1752.23
".IXIC",2009-05-29,0.00017212143392449,1771.54
".IXIC",2009-06-01,0.00022987662229262,1827.97
".IXIC",2009-06-02,0.00016836398689886,1835.99
".IXIC",2009-06-03,9.08684276095937e-05,1825.87
".IXIC",2009-06-04,8.70325698552954e-05,1847.97
".IXIC",2009-06-05,0.00019588175672666,1849.42
".IXIC",2009-06-08,0.00012555104339916,1842.76
".IXIC",2009-06-09,7.16106808395834e-05,1859.09
".IXIC",2009-06-10,0.00016136240585635,1853.79
".IXIC",2009-06-11,0.00013439433576282,1860.68
".IXIC",2009-06-12,0.00011138228837526,1857.26
".IXIC",2009-06-15,0.0001464540673147,1816.16
".IXIC",2009-06-16,0.00011012628966863,1796.78
".IXIC",2009-06-17,0.00016539344497182,1808.07
".IXIC",2009-06-18,0.00010600499898054,1807.79
".IXIC",2009-06-19,6.14369317018074e-05,1827.47
".IXIC",2009-06-22,0.00011075370114163,1766.47
".IXIC",2009-06-23,0.00015817208683276,1764.55
".IXIC",2009-06-24,0.00011977123429571,1792.88
".IXIC",2009-06-25,0.00014203738525231,1829.54
".IXIC",2009-06-26,9.2506122132014e-05,1838.22
".IXIC",2009-06-29,7.8242910527945e-05,1844.06
".IXIC",2009-06-30,9.28654413554062e-05,1835.7
".IXIC",2009-07-01,5.90702670702004e-05,1845.43
".IXIC",2009-07-02,0.0001257324509236,1796.68
".IXIC",2009-07-06,8.35276050584677e-05,1787.4
".IXIC",2009-07-07,9.72488936109868e-05,1746.17
".IXIC",2009-07-08,0.00015599632845976,1747.59
".IXIC",2009-07-09,0.00011013230079558,1751.97
".IXIC",2009-07-10,0.0001426870915096,1755.76
".IXIC",2009-07-13,0.00015087467909867,1792.69
".IXIC",2009-07-14,7.00109800854404e-05,1799.16
".IXIC",2009-07-15,4.851342742648e-05,1862.44
".IXIC",2009-07-16,6.25520015459757e-05,1884.66
".IXIC",2009-07-17,4.57539712962348e-05,1886.63
".IXIC",2009-07-20,7.02583349468825e-05,1908.03
".IXIC",2009-07-21,8.12965714367525e-05,1916.2
".IXIC",2009-07-22,8.61616054807722e-05,1926.38
".IXIC",2009-07-23,0.00011412720044354,1973.6
".IXIC",2009-07-24,0.00012501508469362,1965.86
".IXIC",2009-07-27,8.58378986711792e-05,1967.76
".IXIC",2009-07-28,9.09770810018349e-05,1975.51
".IXIC",2009-07-29,9.12372057993357e-05,1967.92
".IXIC",2009-07-30,0.00012482374144828,1983.83
".IXIC",2009-07-31,7.49781101429417e-05,1979.55
".IXIC",2009-08-03,0.00010054836090082,2007.72
".IXIC",2009-08-04,5.35791059428713e-05,2010.75
".IXIC",2009-08-05,0.00011277689409206,1992.95
".IXIC",2009-08-06,0.0001093744227064,1973.16
".IXIC",2009-08-07,7.26309614295899e-05,2000.14
".IXIC",2009-08-10,4.76632745080103e-05,1992.24
".IXIC",2009-08-11,6.1596130254512e-05,1969.81
".IXIC",2009-08-12,0.00010883360930762,1999.34
".IXIC",2009-08-13,8.9564009107203e-05,2009.51
".IXIC",2009-08-14,7.80618429560274e-05,1985.48
".IXIC",2009-08-17,4.92793364591801e-05,1930.83
".IXIC",2009-08-18,4.16980940050508e-05,1955.92
".IXIC",2009-08-19,8.74172153604595e-05,1969.24
".IXIC",2009-08-20,4.80207002253617e-05,1989.25
".IXIC",2009-08-21,7.28716112893947e-05,2020.9
".IXIC",2009-08-24,6.50126053550863e-05,2017.93
".IXIC",2009-08-25,7.49800431293856e-05,2024.23
".IXIC",2009-08-26,6.7547478427743e-05,2024.3
".IXIC",2009-08-27,8.81244173538317e-05,2027.73
".IXIC",2009-08-28,9.3094064373651e-05,2028.65
".IXIC",2009-08-31,4.5296759730863e-05,2009.06
".IXIC",2009-09-01,0.00021362872956908,1968.89
".IXIC",2009-09-02,0.00010833932162186,1967.07
".IXIC",2009-09-03,4.34166268075914e-05,1982.97
".IXIC",2009-09-04,6.97966085961936e-05,2018.92
".IXIC",2009-09-08,3.63677227134906e-05,2037.37
".IXIC",2009-09-09,5.94742022878439e-05,2060.04
".IXIC",2009-09-10,5.55594682489319e-05,2084.02
".IXIC",2009-09-11,4.77990084919615e-05,2080.76
".IXIC",2009-09-14,6.88795430606067e-05,2091.78
".IXIC",2009-09-15,5.80393961849368e-05,2102.64
".IXIC",2009-09-16,3.94584571586002e-05,2132.63
".IXIC",2009-09-17,6.91174576124682e-05,2127.13
".IXIC",2009-09-18,3.74007866471346e-05,2133.15
".IXIC",2009-09-21,5.93981522330508e-05,2138.04
".IXIC",2009-09-22,4.06606639592341e-05,2146.3
".IXIC",2009-09-23,9.09170879504274e-05,2131.42
".IXIC",2009-09-24,0.0001006226828361,2107.61
".IXIC",2009-09-25,6.44647399231136e-05,2090.99
".IXIC",2009-09-28,6.19368030865173e-05,2130.74
".IXIC",2009-09-29,5.19616552746464e-05,2124.04
".IXIC",2009-09-30,0.00016732840824285,2120.59
".IXIC",2009-10-01,0.00011694342158282,2057.54
".IXIC",2009-10-02,9.42807762123811e-05,2048.11
".IXIC",2009-10-05,9.15725456046922e-05,2068.36
".IXIC",2009-10-06,9.18832639898833e-05,2103.78
".IXIC",2009-10-07,5.67831834876694e-05,2109.81
".IXIC",2009-10-08,6.1035431864927e-05,2123.93
".IXIC",2009-10-09,3.31674669685989e-05,2138.57
".IXIC",2009-10-12,3.08140458244866e-05,2138.91
".IXIC",2009-10-13,5.53472354264197e-05,2140.27
".IXIC",2009-10-14,3.48703043103486e-05,2172.23
".IXIC",2009-10-15,2.43420634930722e-05,2172.73
".IXIC",2009-10-16,5.2888074318914e-05,2156.8
".IXIC",2009-10-19,4.48281011314455e-05,2175.83
".IXIC",2009-10-20,7.16564646728178e-05,2163.56
".IXIC",2009-10-21,0.00010937980464134,2150.14
".IXIC",2009-10-22,8.47228060265048e-05,2165.29
".IXIC",2009-10-23,0.00011224182649495,2154.47
".IXIC",2009-10-26,0.00013739377892186,2142.2
".IXIC",2009-10-27,0.00016496609808372,2115.79
".IXIC",2009-10-28,0.00015590999173092,2059.61
".IXIC",2009-10-29,5.22220453231268e-05,2097.55
".IXIC",2009-10-30,0.00020654492556817,2045.11
".IXIC",2009-11-02,0.00028335624163298,2048.54
".IXIC",2009-11-03,0.00011524915598411,2057.32
".IXIC",2009-11-04,0.00010132964196121,2054.83
".IXIC",2009-11-05,6.1567353578755e-05,2104.79
".IXIC",2009-11-06,9.31788631062573e-05,2112.22
".IXIC",2009-11-09,3.21319183978651e-05,2154.06
".IXIC",2009-11-10,4.56762939959683e-05,2151.08
".IXIC",2009-11-11,4.88765068146611e-05,2166.9
".IXIC",2009-11-12,6.95324606698616e-05,2149.02
".IXIC",2009-11-13,5.01697580932879e-05,2168.07
".IXIC",2009-11-16,4.7473447682075e-05,2197.85
".IXIC",2009-11-17,3.36613354328753e-05,2203.78
".IXIC",2009-11-18,4.35740398178189e-05,2192.74
".IXIC",2009-11-19,7.44263317456513e-05,2156.86
".IXIC",2009-11-20,2.33860949052367e-05,2146.04
".IXIC",2009-11-23,3.75878944560424e-05,2175.96
".IXIC",2009-11-24,4.29903675775413e-05,2168.94
".IXIC",2009-11-25,2.00859637411799e-05,2176.05
".IXIC",2009-11-27,6.66243382435054e-05,2138.44
".IXIC",2009-11-30,4.83597369322107e-05,2144.92
".IXIC",2009-12-01,5.38514610686633e-05,2175.83
".IXIC",2009-12-02,5.6070820594394e-05,2184.9
".IXIC",2009-12-03,5.20911706329219e-05,2173.02
".IXIC",2009-12-04,0.00013247938888077,2194.1
".IXIC",2009-12-07,3.42296200826239e-05,2189.22
".IXIC",2009-12-08,5.43109561598732e-05,2173.12
".IXIC",2009-12-09,5.02361214703025e-05,2183.73
".IXIC",2009-12-10,3.15097319185103e-05,2190.56
".IXIC",2009-12-11,3.97555880551238e-05,2190.4
".IXIC",2009-12-14,2.25240226622681e-05,2211.89
".IXIC",2009-12-15,2.12994587009207e-05,2201.2
".IXIC",2009-12-16,2.99424908513906e-05,2207.37
".IXIC",2009-12-17,4.42902108571511e-05,2180.05
".IXIC",2009-12-18,3.59823046757902e-05,2212.52
".IXIC",2009-12-21,3.53913642483265e-05,2237.79
".IXIC",2009-12-22,2.07794624764931e-05,2252.92
".IXIC",2009-12-23,1.63092369737671e-05,2270.75
".IXIC",2009-12-24,5.62957000636419e-06,2285.69
".IXIC",2009-12-28,1.32940609561293e-05,2291.32
".IXIC",2009-12-29,8.74389601399913e-06,2288.3
".IXIC",2009-12-30,1.95036905457045e-05,2291.28
".IXIC",2009-12-31,1.63810510801815e-05,2269.15
".IXIC",2010-01-04,1.92622600700069e-05,2308.18
".IXIC",2010-01-05,2.67824166092478e-05,2308.26
".IXIC",2010-01-06,3.80199336843961e-05,2300.9
".IXIC",2010-01-07,3.62578676343583e-05,2299.83
".IXIC",2010-01-08,4.11306273599755e-05,2317.17
".IXIC",2010-01-11,3.64381275618176e-05,2312.41
".IXIC",2010-01-12,4.2831429110401e-05,2282.27
".IXIC",2010-01-13,4.16729960958408e-05,2308.2
".IXIC",2010-01-14,3.33735836758984e-05,2316.7
".IXIC",2010-01-15,4.48797076014127e-05,2288.38
".IXIC",2010-01-19,3.17999508825632e-05,2320.4
".IXIC",2010-01-20,6.84760049789801e-05,2290.93
".IXIC",2010-01-21,0.00017945851649734,2265.7
".IXIC",2010-01-22,0.00013955088683251,2205.02
".IXIC",2010-01-25,6.67822709497339e-05,2210.8
".IXIC",2010-01-26,7.54194794758357e-05,2203.84
".IXIC",2010-01-27,0.00013210722587022,2221.13
".IXIC",2010-01-28,0.00016867661168015,2179.58
".IXIC",2010-01-29,0.00018788691494316,2147.31
".IXIC",2010-02-01,7.96672371589954e-05,2170.05
".IXIC",2010-02-02,6.13557999241647e-05,2189.69
".IXIC",2010-02-03,5.48388960984448e-05,2190.91
".IXIC",2010-02-04,0.00010648172204542,2126
".IXIC",2010-02-05,0.00023409768874054,2140.69
".IXIC",2010-02-08,9.63578359283961e-05,2125.84
".IXIC",2010-02-09,0.00012838775575005,2150.33
".IXIC",2010-02-10,7.78077832908268e-05,2147.53
".IXIC",2010-02-11,9.34001366896144e-05,2177.41
".IXIC",2010-02-12,7.81418339248733e-05,2183.78
".IXIC",2010-02-16,3.6473806706374e-05,2214.19
".IXIC",2010-02-17,3.76608104898536e-05,2226.08
".IXIC",2010-02-18,2.39433526201488e-05,2241.71
".IXIC",2010-02-19,2.67869641257433e-05,2242.94
".IXIC",2010-02-22,2.75502501929233e-05,2241.88
".IXIC",2010-02-23,6.18086541434458e-05,2213.72
".IXIC",2010-02-24,5.68342276040326e-05,2235.9
".IXIC",2010-02-25,7.5169352440985e-05,2234.22
".IXIC",2010-02-26,4.28205654868611e-05,2238.43
".IXIC",2010-03-01,4.16543996400495e-05,2273.57
".IXIC",2010-03-02,2.9907894058831e-05,2280.07
".IXIC",2010-03-03,3.00438519539284e-05,2280.33
".IXIC",2010-03-04,3.52434955720512e-05,2291.95
".IXIC",2010-03-05,1.68489328718806e-05,2326.35
".IXIC",2010-03-08,1.6793145084663e-05,2332.21
".IXIC",2010-03-09,3.27716312589509e-05,2340.68
".IXIC",2010-03-10,3.72288701763502e-05,2358.95
".IXIC",2010-03-11,2.4682468877541e-05,2368.46
".IXIC",2010-03-12,3.61011603019797e-05,2367.46
".IXIC",2010-03-15,3.49431346466997e-05,2362.21
".IXIC",2010-03-16,3.46579850202866e-05,2377.56
".IXIC",2010-03-17,2.59407791652876e-05,2389.09
".IXIC",2010-03-18,2.24205741157645e-05,2390.76
".IXIC",2010-03-19,4.17914617206933e-05,2373.44
".IXIC",2010-03-22,4.34435608522779e-05,2394.98
".IXIC",2010-03-23,3.27065219912807e-05,2415.43
".IXIC",2010-03-24,2.57803357140017e-05,2399.14
".IXIC",2010-03-25,6.04535511539509e-05,2398.12
".IXIC",2010-03-26,4.71970485858645e-05,2395.13
".IXIC",2010-03-29,1.85454815792667e-05,2404.87
".IXIC",2010-03-30,3.70396429515139e-05,2410.46
".IXIC",2010-03-31,3.65284093325306e-05,2397.96
".IXIC",2010-04-01,4.36825457343477e-05,2401.91
".IXIC",2010-04-05,2.65658121082285e-05,2429.05
".IXIC",2010-04-06,1.67848844250759e-05,2437
".IXIC",2010-04-07,3.66789527505961e-05,2431.16
".IXIC",2010-04-08,2.7984421099719e-05,2436.69
".IXIC",2010-04-09,1.98240202540102e-05,2454.05
".IXIC",2010-04-12,2.47281149639666e-05,2457.71
".IXIC",2010-04-13,2.0969747686295e-05,2465.99
".IXIC",2010-04-14,1.99070410734616e-05,2504.22
".IXIC",2010-04-15,1.42714904350537e-05,2515.69
".IXIC",2010-04-16,9.63886572663003e-05,2481.52
".IXIC",2010-04-19,5.2071756360849e-05,2480.03
".IXIC",2010-04-20,1.92554551743947e-05,2500.17
".IXIC",2010-04-21,3.47943246117896e-05,2504.48
".IXIC",2010-04-22,6.26969380596259e-05,2518.84
".IXIC",2010-04-23,5.63301715336044e-05,2530.15
".IXIC",2010-04-26,4.2284250394325e-05,2522.52
".IXIC",2010-04-27,0.00010929981137256,2471.79
".IXIC",2010-04-28,8.622285204814e-05,2471.82
".IXIC",2010-04-29,2.78827374961439e-05,2511.92
".IXIC",2010-04-30,8.38499235277728e-05,2461.41
".IXIC",2010-05-03,4.26553230604415e-05,2498.74
".IXIC",2010-05-04,0.00014909470615192,2424.13
".IXIC",2010-05-05,0.00014251867046097,2402.39
".IXIC",2010-05-06,0.00215855761756205,2319.73
".IXIC",2010-05-07,0.00082232946010431,2265.82
".IXIC",2010-05-10,0.00015395147768428,2374.67
".IXIC",2010-05-11,0.00011214087136998,2374.65
".IXIC",2010-05-12,6.10816498364691e-05,2424.3
".IXIC",2010-05-13,8.0577063256319e-05,2394.36
".IXIC",2010-05-14,0.00016458411338245,2346.85
".IXIC",2010-05-17,0.00024205600223371,2353.84
".IXIC",2010-05-18,0.00021915784236211,2317.26
".IXIC",2010-05-19,0.00032749728659833,2298.37
".IXIC",2010-05-20,0.00038587130275803,2204.01
".IXIC",2010-05-21,0.00036635336679573,2229.4
".IXIC",2010-05-24,0.00015864330788315,2213.44
".IXIC",2010-05-25,0.00026812144171905,2211.4
".IXIC",2010-05-26,0.00025838809417017,2195.79
".IXIC",2010-05-27,7.34329618967908e-05,2278.02
".IXIC",2010-05-28,0.00020715123729922,2257.04
".IXIC",2010-06-01,0.00016459551650042,2222.33
".IXIC",2010-06-02,8.77410669356859e-05,2281.07
".IXIC",2010-06-03,0.00013823328563568,2303.06
".IXIC",2010-06-04,0.00012253998111631,2219.48
".IXIC",2010-06-07,0.000185493730282,2173.9
".IXIC",2010-06-08,0.00028423655501585,2170.01
".IXIC",2010-06-09,0.00018123800322212,2158.1
".IXIC",2010-06-10,0.00011093857311228,2218.95
".IXIC",2010-06-11,0.00012031302960112,2243.23
".IXIC",2010-06-14,9.09915591659158e-05,2243.96
".IXIC",2010-06-15,5.72639976012309e-05,2305.88
".IXIC",2010-06-16,6.20254075947979e-05,2305.66
".IXIC",2010-06-17,7.96915108708279e-05,2306.71
".IXIC",2010-06-18,4.42155747991431e-05,2309.8
".IXIC",2010-06-21,8.51994221530113e-05,2289.11
".IXIC",2010-06-22,0.00014907931729398,2261.8
".IXIC",2010-06-23,0.00015565940077184,2254.23
".IXIC",2010-06-24,0.00014298188818476,2217.48
".IXIC",2010-06-25,0.00014921121204896,2223.48
".IXIC",2010-06-28,9.55756364716094e-05,2220.77
".IXIC",2010-06-29,0.00023612812159069,2135.51
".IXIC",2010-06-30,0.00014365557667923,2109.24
".IXIC",2010-07-01,0.00028780356775608,2101.14
".IXIC",2010-07-02,0.00016008930601339,2091.79
".IXIC",2010-07-06,0.00020043412768248,2093.65
".IXIC",2010-07-07,0.00011517979784047,2158.9
".IXIC",2010-07-08,0.00010836071372204,2175.4
".IXIC",2010-07-09,6.53178412429055e-05,2196.26
".IXIC",2010-07-12,0.00011191939637054,2198.36
".IXIC",2010-07-13,8.56909010769857e-05,2241.22
".IXIC",2010-07-14,7.71112757303228e-05,2249.84
".IXIC",2010-07-15,0.00011809771458597,2248.43
".IXIC",2010-07-16,9.76888186984886e-05,2179.07
".IXIC",2010-07-19,0.00011298128622304,2197.99
".IXIC",2010-07-20,0.00014381641082351,2222.18
".IXIC",2010-07-21,0.00015323315558322,2187.33
".IXIC",2010-07-22,0.00010456498701448,2245.89
".IXIC",2010-07-23,0.00012003897219417,2269.15
".IXIC",2010-07-26,5.49541911536575e-05,2295.79
".IXIC",2010-07-27,7.57933992066566e-05,2288.25
".IXIC",2010-07-28,5.7788235216738e-05,2264.71
".IXIC",2010-07-29,0.00012511134719194,2251.69
".IXIC",2010-07-30,0.00013517063306497,2254.7
".IXIC",2010-08-02,6.43204838535795e-05,2295.06
".IXIC",2010-08-03,4.82834080591025e-05,2282.73
".IXIC",2010-08-04,5.38402621301704e-05,2303.57
".IXIC",2010-08-05,3.79823437495783e-05,2293.03
".IXIC",2010-08-06,0.00011156333880648,2288.31
".IXIC",2010-08-09,2.22609918046527e-05,2304.72
".IXIC",2010-08-10,9.27814887919429e-05,2276.97
".IXIC",2010-08-11,0.00011564890391305,2208.63
".IXIC",2010-08-12,9.654925934675e-05,2190.27
".IXIC",2010-08-13,4.95084978452461e-05,2173.48
".IXIC",2010-08-16,7.10648334680672e-05,2181.87
".IXIC",2010-08-17,5.0700061830829e-05,2209.44
".IXIC",2010-08-18,6.52703391680598e-05,2215.7
".IXIC",2010-08-19,9.87028625280013e-05,2178.87
".IXIC",2010-08-20,6.68230498523636e-05,2179.76
".IXIC",2010-08-23,9.34833883302982e-05,2159.58
".IXIC",2010-08-24,9.9410307334836e-05,2124.09
".IXIC",2010-08-25,0.00013822385123012,2141.54
".IXIC",2010-08-26,0.00010362665275501,2118.84
".IXIC",2010-08-27,0.00018974127376545,2153.11
".IXIC",2010-08-30,6.48208158389561e-05,2119.97
".IXIC",2010-08-31,0.00013747913104075,2113.47
".IXIC",2010-09-01,9.51068749583433e-05,2176.38
".IXIC",2010-09-02,4.96953462600467e-05,2200.01
".IXIC",2010-09-03,4.94378715731705e-05,2233.5
".IXIC",2010-09-07,5.09416309444565e-05,2209.17
".IXIC",2010-09-08,4.83514526820941e-05,2228.49
".IXIC",2010-09-09,3.88909551165846e-05,2236.2
".IXIC",2010-09-10,3.56587562699429e-05,2242.45
".IXIC",2010-09-13,4.07023209077272e-05,2285.59
".IXIC",2010-09-14,4.15467821261294e-05,2289.44
".IXIC",2010-09-15,3.62509461133029e-05,2301.34
".IXIC",2010-09-16,3.95253053938343e-05,2303.25
".IXIC",2010-09-17,3.27641311750246e-05,2315.61
".IXIC",2010-09-20,4.63326938299924e-05,2355.83
".IXIC",2010-09-21,6.74657115380002e-05,2349.45
".IXIC",2010-09-22,7.36470026931002e-05,2334.66
".IXIC",2010-09-23,5.41981419915504e-05,2327.25
".IXIC",2010-09-24,3.64904357862423e-05,2380.91
".IXIC",2010-09-27,3.75745459551281e-05,2369.77
".IXIC",2010-09-28,0.00010262249560615,2379.45
".IXIC",2010-09-29,8.16721966507587e-05,2376.36
".IXIC",2010-09-30,0.00012244062007566,2368.26
".IXIC",2010-10-01,8.46761180390633e-05,2370.53
".IXIC",2010-10-04,7.20939179825044e-05,2344.52
".IXIC",2010-10-05,3.41363945622987e-05,2398.86
".IXIC",2010-10-06,6.66567990694454e-05,2380.87
".IXIC",2010-10-07,7.71916082541627e-05,2383.67
".IXIC",2010-10-08,5.82934459628646e-05,2401.91
".IXIC",2010-10-11,2.40271908615188e-05,2402.33
".IXIC",2010-10-12,7.59973206351637e-05,2417.92
".IXIC",2010-10-13,3.88472695656569e-05,2441.23
".IXIC",2010-10-14,5.20622443349953e-05,2435.38
".IXIC",2010-10-15,5.20173639739728e-05,2468.77
".IXIC",2010-10-18,2.93712182280755e-05,2480.22
".IXIC",2010-10-19,0.00013764654667003,2436.95
".IXIC",2010-10-20,7.19126240316502e-05,2456.77
".IXIC",2010-10-21,9.42516550980938e-05,2459.45
".IXIC",2010-10-22,2.655763322297e-05,2479.39
".IXIC",2010-10-25,4.15695445449887e-05,2491.14
".IXIC",2010-10-26,5.23720694264544e-05,2496.98
".IXIC",2010-10-27,5.72308109664424e-05,2503.64
".IXIC",2010-10-28,5.21983517917884e-05,2507.25
".IXIC",2010-10-29,2.84459313451786e-05,2508.18
".IXIC",2010-11-01,4.35365875898464e-05,2504.84
".IXIC",2010-11-02,2.09458415688079e-05,2532.72
".IXIC",2010-11-03,7.56282906474555e-05,2539.85
".IXIC",2010-11-04,3.32906440419725e-05,2576.94
".IXIC",2010-11-05,3.25024528596561e-05,2578.33
".IXIC",2010-11-08,2.52029718967524e-05,2579.29
".IXIC",2010-11-09,5.31138845771103e-05,2562.98
".IXIC",2010-11-10,3.92972427891571e-05,2578.03
".IXIC",2010-11-11,5.32944091476055e-05,2555.52
".IXIC",2010-11-12,6.86562538861637e-05,2518.26
".IXIC",2010-11-15,3.60498128843495e-05,2513.82
".IXIC",2010-11-16,9.60880097340447e-05,2470.09
".IXIC",2010-11-17,4.9990946273575e-05,2475.82
".IXIC",2010-11-18,3.00660128852827e-05,2514.4
".IXIC",2010-11-19,2.3413797531473e-05,2517.13
".IXIC",2010-11-22,7.39463464209784e-05,2531.92
".IXIC",2010-11-23,5.24275241549184e-05,2495.64
".IXIC",2010-11-24,3.51582371071317e-05,2543.12
".IXIC",2010-11-26,1.28878467098307e-05,2534.56
".IXIC",2010-11-29,9.10767657936015e-05,2525.22
".IXIC",2010-11-30,6.50493956063537e-05,2498.55
".IXIC",2010-12-01,3.73949006690936e-05,2549.4
".IXIC",2010-12-02,2.18659959246515e-05,2579.35
".IXIC",2010-12-03,2.45943761194046e-05,2591.21
".IXIC",2010-12-06,1.64361075404205e-05,2594.75
".IXIC",2010-12-07,4.46117629865081e-05,2598.32
".IXIC",2010-12-08,2.55330251348422e-05,2609.16
".IXIC",2010-12-09,2.42608517521626e-05,2616.67
".IXIC",2010-12-10,1.76312452221655e-05,2637.35
".IXIC",2010-12-13,2.74881514200933e-05,2624.91
".IXIC",2010-12-14,1.97451793020776e-05,2627.81
".IXIC",2010-12-15,3.56631905247463e-05,2617.96
".IXIC",2010-12-16,2.42842918283929e-05,2637.6
".IXIC",2010-12-17,1.22451920594931e-05,2644.62
".IXIC",2010-12-20,2.28325132864071e-05,2649.66
".IXIC",2010-12-21,4.96195295513992e-06,2667.3
".IXIC",2010-12-22,9.06565918206941e-06,2671.48
".IXIC",2010-12-23,9.7644661980223e-06,2665.99
".IXIC",2010-12-27,1.32524959445217e-05,2667.27
".IXIC",2010-12-28,8.99304749635921e-06,2663.08
".IXIC",2010-12-29,4.39604798367986e-06,2666.84
".IXIC",2010-12-30,8.03435335052691e-06,2662.98
".IXIC",2010-12-31,2.469654719429e-05,2653.16
".IXIC",2011-01-03,2.34884851188537e-05,2691.52
".IXIC",2011-01-04,3.09912307865711e-05,2681.25
".IXIC",2011-01-05,1.69596955262693e-05,2702.04
".IXIC",2011-01-06,2.44097950024798e-05,2709.89
".IXIC",2011-01-07,6.18830009090092e-05,2702.93
".IXIC",2011-01-10,4.13842091625974e-05,2707.7
".IXIC",2011-01-11,2.80698164884296e-05,2716.83
".IXIC",2011-01-12,1.1487328281187e-05,2737.33
".IXIC",2011-01-13,1.62110666134614e-05,2735.29
".IXIC",2011-01-14,1.45717507621456e-05,2755.3
".IXIC",2011-01-18,2.70104376157222e-05,2765.85
".IXIC",2011-01-19,3.50518233573905e-05,2725.36
".IXIC",2011-01-20,5.62013738398306e-05,2704.29
".IXIC",2011-01-21,2.94938662782579e-05,2689.38
".IXIC",2011-01-24,2.51097944517353e-05,2717.55
".IXIC",2011-01-25,5.48315028063478e-05,2719.34
".IXIC",2011-01-26,4.19526174989595e-05,2739.3
".IXIC",2011-01-27,3.02488278675421e-05,2755.28
".IXIC",2011-01-28,0.00017861711818792,2686.89
".IXIC",2011-01-31,4.07318611461788e-05,2699.75
".IXIC",2011-02-01,2.94033580835436e-05,2750.63
".IXIC",2011-02-02,3.04618902410775e-05,2750.16
".IXIC",2011-02-03,4.69792416903923e-05,2753.52
".IXIC",2011-02-04,3.62135984032536e-05,2768.41
".IXIC",2011-02-07,2.2893706893471e-05,2783.99
".IXIC",2011-02-08,1.97842111527271e-05,2797.05
".IXIC",2011-02-09,2.88762185632307e-05,2788.6
".IXIC",2011-02-10,5.11083497942884e-05,2789.09
".IXIC",2011-02-11,2.14040651712581e-05,2809.53
".IXIC",2011-02-14,1.11752659500256e-05,2817.1
".IXIC",2011-02-15,2.38382385480824e-05,2804.46
".IXIC",2011-02-16,3.19114699365306e-05,2825.16
".IXIC",2011-02-17,1.34271060254348e-05,2831.58
".IXIC",2011-02-18,1.69200805857301e-05,2833.95
".IXIC",2011-02-22,7.8968866077514e-05,2756.42
".IXIC",2011-02-23,9.66029137986416e-05,2723.71
".IXIC",2011-02-24,0.00010046363314583,2737.71
".IXIC",2011-02-25,3.86558126813947e-05,2780.98
".IXIC",2011-02-28,3.20291154315287e-05,2782.27
".IXIC",2011-03-01,8.44816924987867e-05,2737.41
".IXIC",2011-03-02,5.97525945089257e-05,2748.07
".IXIC",2011-03-03,3.20044594004181e-05,2797.97
".IXIC",2011-03-04,4.90708316819456e-05,2784.77
".IXIC",2011-03-07,9.23502041016048e-05,2745.63
".IXIC",2011-03-08,6.01568717473128e-05,2765.2
".IXIC",2011-03-09,8.71876178764544e-05,2751
".IXIC",2011-03-10,0.00011148423241994,2701.64
".IXIC",2011-03-11,7.7303265906397e-05,2714.95
".IXIC",2011-03-14,8.6859599336065e-05,2700.97
".IXIC",2011-03-15,0.00013013181901567,2667.19
".IXIC",2011-03-16,0.00018701879832965,2617.98
".IXIC",2011-03-17,6.08351443287144e-05,2636.05
".IXIC",2011-03-18,5.04777523354271e-05,2642.95
".IXIC",2011-03-21,3.02972832603105e-05,2691.54
".IXIC",2011-03-22,3.00579971253151e-05,2683.63
".IXIC",2011-03-23,5.19937177736027e-05,2697.68
".IXIC",2011-03-24,3.42522474269463e-05,2736.42
".IXIC",2011-03-25,2.89099665939702e-05,2743.19
".IXIC",2011-03-28,2.61136210509951e-05,2731
".IXIC",2011-03-29,3.04156122073513e-05,2756.72
".IXIC",2011-03-30,2.32058745680605e-05,2776.8
".IXIC",2011-03-31,1.68360717744436e-05,2781.3
".IXIC",2011-04-01,2.59266398186201e-05,2788.55
".IXIC",2011-04-04,2.29296252157987e-05,2788.48
".IXIC",2011-04-05,2.78040372351334e-05,2791.19
".IXIC",2011-04-06,4.30285152594509e-05,2799.81
".IXIC",2011-04-07,9.21938998091494e-05,2796.14
".IXIC",2011-04-08,3.06602523392666e-05,2780.41
".IXIC",2011-04-11,3.52938076476504e-05,2771.05
".IXIC",2011-04-12,3.92913453092487e-05,2744.81
".IXIC",2011-04-13,5.48153277849802e-05,2761.52
".IXIC",2011-04-14,3.68363032545197e-05,2760.32
".IXIC",2011-04-15,2.77946981657631e-05,2764.1
".IXIC",2011-04-18,6.02751827831034e-05,2735.45
".IXIC",2011-04-19,2.54853852813331e-05,2744.41
".IXIC",2011-04-20,1.94711968554493e-05,2802.4
".IXIC",2011-04-21,2.10267495470225e-05,2820.03
".IXIC",2011-04-25,1.15774092190183e-05,2825.66
".IXIC",2011-04-26,2.51257286409929e-05,2847.89
".IXIC",2011-04-27,2.38085936011311e-05,2869.72
".IXIC",2011-04-28,2.10575625839215e-05,2872.53
".IXIC",2011-04-29,1.42069919832074e-05,2872.63
".IXIC",2011-05-02,3.46808488931224e-05,2864.04
".IXIC",2011-05-03,4.35844223299821e-05,2841.37
".IXIC",2011-05-04,8.16673230246822e-05,2828.35
".IXIC",2011-05-05,8.03555123031722e-05,2814.72
".IXIC",2011-05-06,6.97666258366966e-05,2827.56
".IXIC",2011-05-09,3.52225802656239e-05,2843.01
".IXIC",2011-05-10,1.97436318187475e-05,2871.89
".IXIC",2011-05-11,5.53138425441079e-05,2845.06
".IXIC",2011-05-12,6.31580321537118e-05,2862.55
".IXIC",2011-05-13,4.72154780189448e-05,2828.32
".IXIC",2011-05-16,4.87651668015015e-05,2782.53
".IXIC",2011-05-17,6.29676378768749e-05,2783.21
".IXIC",2011-05-18,2.85874975739466e-05,2814.82
".IXIC",2011-05-19,3.98151890211791e-05,2823.24
".IXIC",2011-05-20,4.08060120579887e-05,2803.32
".IXIC",2011-05-23,4.93386460323018e-05,2758.9
".IXIC",2011-05-24,3.09339112266738e-05,2746.13
".IXIC",2011-05-25,2.84232327239071e-05,2761.2
".IXIC",2011-05-26,3.00353064581377e-05,2782.69
".IXIC",2011-05-27,1.19025738671264e-05,2796.74
".IXIC",2011-05-31,2.52029194529459e-05,2835.3
".IXIC",2011-06-01,5.59237996428278e-05,2769.37
".IXIC",2011-06-02,5.91817204324925e-05,2773.27
".IXIC",2011-06-03,4.90494384700625e-05,2732.78
".IXIC",2011-06-06,5.1307425116109e-05,2702.53
".IXIC",2011-06-07,3.4108403313858e-05,2701.72
".IXIC",2011-06-08,5.52884292017535e-05,2675.58
".IXIC",2011-06-09,2.45435344033042e-05,2684.87
".IXIC",2011-06-10,6.271102018747e-05,2644.29
".IXIC",2011-06-13,4.66066379917685e-05,2639.52
".IXIC",2011-06-14,1.58808964807327e-05,2678.79
".IXIC",2011-06-15,6.48387143441952e-05,2631.76
".IXIC",2011-06-16,6.65926764924166e-05,2623.97
".IXIC",2011-06-17,5.7113957261079e-05,2616.48
".IXIC",2011-06-20,4.59134378302866e-05,2629.41
".IXIC",2011-06-21,3.80373596866102e-05,2687.05
".IXIC",2011-06-22,3.14110214384165e-05,2669.33
".IXIC",2011-06-23,0.00018415669188487,2686.82
".IXIC",2011-06-24,6.69378526979736e-05,2652.89
".IXIC",2011-06-27,5.34713335234177e-05,2688.39
".IXIC",2011-06-28,2.9760779662163e-05,2729.94
".IXIC",2011-06-29,3.90177734766427e-05,2740.93
".IXIC",2011-06-30,3.23199397192056e-05,2773.24
".IXIC",2011-07-01,3.43604826925608e-05,2815.62
".IXIC",2011-07-05,2.86557059774933e-05,2826.06
".IXIC",2011-07-06,3.64503675140834e-05,2833.97
".IXIC",2011-07-07,1.52913463717931e-05,2872.34
".IXIC",2011-07-08,5.30572767447528e-05,2860.02
".IXIC",2011-07-11,6.22200139823507e-05,2802.63
".IXIC",2011-07-12,8.1844188262066e-05,2782.07
".IXIC",2011-07-13,4.66695888530754e-05,2796.91
".IXIC",2011-07-14,0.00012715588873831,2762.71
".IXIC",2011-07-15,5.78042712207552e-05,2790.01
".IXIC",2011-07-18,4.89735887228994e-05,2765.32
".IXIC",2011-07-19,4.49546315277079e-05,2826.33
".IXIC",2011-07-20,3.98544075204095e-05,2814.26
".IXIC",2011-07-21,7.97682683416714e-05,2834.11
".IXIC",2011-07-22,3.11940975537616e-05,2858.6
".IXIC",2011-07-25,2.84671761396892e-05,2842.82
".IXIC",2011-07-26,2.90774998378053e-05,2840.07
".IXIC",2011-07-27,8.59056093676835e-05,2765.17
".IXIC",2011-07-28,6.01325537637299e-05,2766.36
".IXIC",2011-07-29,0.00013236783150961,2756.49
".IXIC",2011-08-01,0.0001794803164242,2745.15
".IXIC",2011-08-02,9.99203461253017e-05,2669.63
".IXIC",2011-08-03,0.00024661803083476,2693.59
".IXIC",2011-08-04,0.00023027495661048,2556.39
".IXIC",2011-08-05,0.00115375126643388,2533.24
".IXIC",2011-08-08,0.0008596146675509,2358
".IXIC",2011-08-09,0.00139914710369778,2483.66
".IXIC",2011-08-10,0.00082390158535644,2380.35
".IXIC",2011-08-11,0.00042566840674116,2490.74
".IXIC",2011-08-12,0.0002350515552093,2508.1
".IXIC",2011-08-15,9.8537290692719e-05,2555.2
".IXIC",2011-08-16,0.00019030575943314,2523.11
".IXIC",2011-08-17,0.00011315965698382,2511.76
".IXIC",2011-08-18,0.00032037373412636,2381.15
".IXIC",2011-08-19,0.00035929725716706,2341.81
".IXIC",2011-08-22,0.00025165801380222,2344.86
".IXIC",2011-08-23,0.00027422503954679,2445.76
".IXIC",2011-08-24,0.00019239769167665,2467.63
".IXIC",2011-08-25,0.00027319377057587,2419.66
".IXIC",2011-08-26,0.00033199250326743,2479.44
".IXIC",2011-08-29,6.01915074083868e-05,2562.11
".IXIC",2011-08-30,0.00020675460219093,2575.2
".IXIC",2011-08-31,0.00015546499733675,2579.31
".IXIC",2011-09-01,0.0001698942776529,2545.9
".IXIC",2011-09-02,0.00010460070193825,2480.03
".IXIC",2011-09-06,0.00018136834000131,2474
".IXIC",2011-09-07,5.70041771782906e-05,2548.94
".IXIC",2011-09-08,0.00017493186179682,2528.88
".IXIC",2011-09-09,0.00028233601078821,2467.85
".IXIC",2011-09-12,0.00026001814891898,2495.36
".IXIC",2011-09-13,0.00017565868941954,2531.72
".IXIC",2011-09-14,0.00018714773913864,2572.17
".IXIC",2011-09-15,9.37027722265137e-05,2607.06
".IXIC",2011-09-16,7.66036724923665e-05,2622.33
".IXIC",2011-09-19,0.0001631828795214,2612.43
".IXIC",2011-09-20,0.00013938269909035,2589.78
".IXIC",2011-09-21,0.00024403092530817,2537.57
".IXIC",2011-09-22,0.00047511708181644,2456.22
".IXIC",2011-09-23,0.00029662563057563,2483.21
".IXIC",2011-09-26,0.00032652539183802,2517.1
".IXIC",2011-09-27,0.00017526051650099,2547.01
".IXIC",2011-09-28,0.00025083126782922,2491.65
".IXIC",2011-09-29,0.0003782830466073,2480.25
".IXIC",2011-09-30,0.0002562461593001,2415.08
".IXIC",2011-10-03,0.00044649633162286,2335.76
".IXIC",2011-10-04,0.00077012053482898,2405.36
".IXIC",2011-10-05,0.00031846106820199,2460.48
".IXIC",2011-10-06,0.00020375151924354,2506.34
".IXIC",2011-10-07,0.00025476460513934,2478.2
".IXIC",2011-10-10,9.690597692059e-05,2565.52
".IXIC",2011-10-11,0.00012443790093011,2582.58
".IXIC",2011-10-12,0.00010395985563231,2604.31
".IXIC",2011-10-13,0.0001141654651998,2619.52
".IXIC",2011-10-14,6.385414378786e-05,2667.82
".IXIC",2011-10-17,8.61057181394905e-05,2614.92
".IXIC",2011-10-18,0.00020579746799403,2656.46
".IXIC",2011-10-19,0.00012913535607781,2604.12
".IXIC",2011-10-20,0.00019603685909442,2598.71
".IXIC",2011-10-21,8.53334375509078e-05,2637.85
".IXIC",2011-10-24,6.83252753043681e-05,2698.99
".IXIC",2011-10-25,0.00012824787020825,2638.49
".IXIC",2011-10-26,0.00023610630885468,2650.19
".IXIC",2011-10-27,0.00010346695015275,2738.4
".IXIC",2011-10-28,7.27184018423953e-05,2736.97
".IXIC",2011-10-31,8.85701927942052e-05,2684.41
".IXIC",2011-11-01,0.00025755875158712,2607.38
".IXIC",2011-11-02,0.00010319668815337,2640.13
".IXIC",2011-11-03,0.00014664458340601,2697.68
".IXIC",2011-11-04,8.36308986846044e-05,2685.6
".IXIC",2011-11-07,9.51911583454463e-05,2695.02
".IXIC",2011-11-08,0.00011948531914601,2727.57
".IXIC",2011-11-09,0.00012025657599618,2622.19
".IXIC",2011-11-10,0.00017353815683736,2624.44
".IXIC",2011-11-11,4.79882186030746e-05,2677.98
".IXIC",2011-11-14,6.96852493466036e-05,2657.16
".IXIC",2011-11-15,0.00010750319780076,2686.2
".IXIC",2011-11-16,0.00012641903887168,2640.14
".IXIC",2011-11-17,0.00017138993949588,2589.32
".IXIC",2011-11-18,8.32925130131358e-05,2572.61
".IXIC",2011-11-21,0.00011013169176247,2523.25
".IXIC",2011-11-22,0.00011437678067798,2521.32
".IXIC",2011-11-23,0.00012152584887013,2460.42
".IXIC",2011-11-25,9.63836664970311e-05,2441.51
".IXIC",2011-11-28,7.89031571449116e-05,2527.44
".IXIC",2011-11-29,0.0001227750589616,2515.71
".IXIC",2011-11-30,5.05912503439243e-05,2619.59
".IXIC",2011-12-01,6.7100066657107e-05,2626.35
".IXIC",2011-12-02,5.59296146178634e-05,2626.59
".IXIC",2011-12-05,7.20079177757961e-05,2655.81
".IXIC",2011-12-06,5.59395946836146e-05,2649.9
".IXIC",2011-12-07,9.82060164073642e-05,2649.21
".IXIC",2011-12-08,0.00013044370332736,2596.69
".IXIC",2011-12-09,8.39009333688991e-05,2646.85
".IXIC",2011-12-12,7.36058439632265e-05,2612.26
".IXIC",2011-12-13,0.0001244658961142,2578.48
".IXIC",2011-12-14,0.00012213020631258,2539.09
".IXIC",2011-12-15,6.67140491845914e-05,2540.91
".IXIC",2011-12-16,7.83935504584086e-05,2555.96
".IXIC",2011-12-19,8.05230261154049e-05,2522.86
".IXIC",2011-12-20,5.316710160164e-05,2603.37
".IXIC",2011-12-21,9.92449358795694e-05,2577.99
".IXIC",2011-12-22,3.04894306769493e-05,2599.45
".IXIC",2011-12-23,1.62868762871534e-05,2618.64
".IXIC",2011-12-27,2.48545769517685e-05,2625.22
".IXIC",2011-12-28,5.3560029611715e-05,2590.79
".IXIC",2011-12-29,2.12041899837972e-05,2613.25
".IXIC",2011-12-30,1.37173651790808e-05,2604.83
".IXIC",2012-01-03,4.87598480968869e-05,2648.35
".IXIC",2012-01-04,3.4305393827175e-05,2648.34
".IXIC",2012-01-05,5.7518615474904e-05,2669.84
".IXIC",2012-01-06,2.95329790885009e-05,2673.99
".IXIC",2012-01-09,3.33520077556518e-05,2675.98
".IXIC",2012-01-10,2.86286943912776e-05,2702.01
".IXIC",2012-01-11,2.99329646131566e-05,2710.46
".IXIC",2012-01-12,3.57500034461378e-05,2724.35
".IXIC",2012-01-13,3.43856797435678e-05,2710.94
".IXIC",2012-01-17,2.65447012746461e-05,2727.77
".IXIC",2012-01-18,2.86101958520824e-05,2768.97
".IXIC",2012-01-19,2.07006715372033e-05,2788.16
".IXIC",2012-01-20,1.56800475472585e-05,2786.48
".IXIC",2012-01-23,4.51553828208524e-05,2784.08
".IXIC",2012-01-24,2.552816189517e-05,2785.96
".IXIC",2012-01-25,5.22480116870353e-05,2817.82
".IXIC",2012-01-26,4.17197461497253e-05,2805.58
".IXIC",2012-01-27,3.26901856651881e-05,2816.25
".IXIC",2012-01-30,4.32883179171945e-05,2811.63
".IXIC",2012-01-31,5.32032113160031e-05,2813.4
".IXIC",2012-02-01,2.03777034160324e-05,2848.3
".IXIC",2012-02-02,2.00486655450539e-05,2859.51
".IXIC",2012-02-03,1.44675360400617e-05,2905.34
".IXIC",2012-02-06,1.90143613823617e-05,2902.07
".IXIC",2012-02-07,2.49686568242829e-05,2904.08
".IXIC",2012-02-08,2.79287623736457e-05,2916.18
".IXIC",2012-02-09,3.71114919082841e-05,2927.27
".IXIC",2012-02-10,2.93432256842657e-05,2903.88
".IXIC",2012-02-13,2.09814025401489e-05,2931.39
".IXIC",2012-02-14,3.08615748801098e-05,2931.83
".IXIC",2012-02-15,7.71964868643462e-05,2915.48
".IXIC",2012-02-16,4.0485708680975e-05,2959.85
".IXIC",2012-02-17,1.96624888968291e-05,2951.73
".IXIC",2012-02-21,4.19592139779664e-05,2948.43
".IXIC",2012-02-22,3.21709598198907e-05,2933.04
".IXIC",2012-02-23,3.80096900790258e-05,2956.83
".IXIC",2012-02-24,1.84817922967693e-05,2964.14
".IXIC",2012-02-27,4.05354502404851e-05,2966.16
".IXIC",2012-02-28,3.68435576370183e-05,2986.77
".IXIC",2012-02-29,6.33911202316482e-05,2966.38
".IXIC",2012-03-01,4.83925596684063e-05,2988.57
".IXIC",2012-03-02,3.62619739834127e-05,2975.87
".IXIC",2012-03-05,4.43527734458651e-05,2950.35
".IXIC",2012-03-06,4.36719858110857e-05,2910.23
".IXIC",2012-03-07,3.40433684342669e-05,2935.69
".IXIC",2012-03-08,2.04083654578462e-05,2970.41
".IXIC",2012-03-09,2.01158178500595e-05,2988.25
".IXIC",2012-03-12,2.68408359111637e-05,2983.97
".IXIC",2012-03-13,2.15419457192076e-05,3039.89
".IXIC",2012-03-14,4.14425407191716e-05,3041.12
".IXIC",2012-03-15,5.042644125711e-05,3056.37
".IXIC",2012-03-16,1.86596327911593e-05,3055.26
".IXIC",2012-03-19,3.42113289420404e-05,3078.33
".IXIC",2012-03-20,2.8678465220194e-05,3074.15
".IXIC",2012-03-21,2.8329248935593e-05,3075.42
".IXIC",2012-03-22,3.18172860398765e-05,3063.52
".IXIC",2012-03-23,2.51867346792926e-05,3067.67
".IXIC",2012-03-26,1.95048182113025e-05,3122.57
".IXIC",2012-03-27,1.48292101723706e-05,3120.35
".IXIC",2012-03-28,4.36546281101833e-05,3104.96
".IXIC",2012-03-29,5.08368158125716e-05,3095.53
".IXIC",2012-03-30,3.30360500859041e-05,3091.57
".IXIC",2012-04-02,2.3449829854146e-05,3119.47
".IXIC",2012-04-03,4.93508586418435e-05,3113.37
".IXIC",2012-04-04,3.32203603830572e-05,3068
".IXIC",2012-04-05,2.02637905092091e-05,3080.06
".IXIC",2012-04-09,3.20778195251767e-05,3047.2
".IXIC",2012-04-10,9.49517769213926e-05,2992.15
".IXIC",2012-04-11,3.10883721862173e-05,3016.5
".IXIC",2012-04-12,2.96028179241432e-05,3055.11
".IXIC",2012-04-13,4.79885175593742e-05,3011.1
".IXIC",2012-04-16,0.00010145972126611,2988.4
".IXIC",2012-04-17,3.1818807436996e-05,3042.14
".IXIC",2012-04-18,4.30488909175275e-05,3031.32
".IXIC",2012-04-19,0.00012933675223427,3007.37
".IXIC",2012-04-20,5.09603923081367e-05,3000.04
".IXIC",2012-04-23,5.88293877830731e-05,2970.64
".IXIC",2012-04-24,3.90872055297786e-05,2961.8
".IXIC",2012-04-25,2.66770253607507e-05,3029.18
".IXIC",2012-04-26,2.57782279297075e-05,3050.26
".IXIC",2012-04-27,2.57769295654042e-05,3069.11
".IXIC",2012-04-30,2.27548115836943e-05,3046.36
".IXIC",2012-05-01,3.41557520997889e-05,3050.4
".IXIC",2012-05-02,4.15389844779161e-05,3059.85
".IXIC",2012-05-03,6.17235642821972e-05,3024.39
".IXIC",2012-05-04,5.18383422699634e-05,2956.42
".IXIC",2012-05-07,5.65395303687529e-05,2958.16
".IXIC",2012-05-08,9.03941361816886e-05,2946.42
".IXIC",2012-05-09,0.00011011447266645,2934.71
".IXIC",2012-05-10,4.66402521814911e-05,2933.63
".IXIC",2012-05-11,4.53300595471011e-05,2933.58
".IXIC",2012-05-14,4.79446656871672e-05,2902.55
".IXIC",2012-05-15,8.30955726583489e-05,2893.81
".IXIC",2012-05-16,6.33177775398707e-05,2874.05
".IXIC",2012-05-17,9.80034082796808e-05,2814.09
".IXIC",2012-05-18,0.00013144570176158,2778.56
".IXIC",2012-05-21,8.43924072997292e-05,2847.02
".IXIC",2012-05-22,0.00011026551123901,2839.62
".IXIC",2012-05-23,0.00013793684783856,2850.2
".IXIC",2012-05-24,0.00011149635013564,2839.35
".IXIC",2012-05-25,3.34987291126594e-05,2837.23
".IXIC",2012-05-29,7.48291219283889e-05,2870.47
".IXIC",2012-05-30,7.67740215201007e-05,2837.02
".IXIC",2012-05-31,9.62804790560679e-05,2827.34
".IXIC",2012-06-01,0.00012937224405853,2747.73
".IXIC",2012-06-04,0.00016276166442047,2759.67
".IXIC",2012-06-05,7.90714994359176e-05,2778.07
".IXIC",2012-06-06,4.1103276118384e-05,2844.01
".IXIC",2012-06-07,6.30680241615409e-05,2830.59
".IXIC",2012-06-08,4.15158587467471e-05,2858.42
".IXIC",2012-06-11,9.65340780208102e-05,2809.86
".IXIC",2012-06-12,9.51115227090666e-05,2842.71
".IXIC",2012-06-13,8.9236097974716e-05,2818.45
".IXIC",2012-06-14,0.00010729663398794,2835.96
".IXIC",2012-06-15,2.05611021079005e-05,2872.13
".IXIC",2012-06-18,0.0001026158193363,2895
".IXIC",2012-06-19,3.23692834927365e-05,2929.31
".IXIC",2012-06-20,7.16771782162401e-05,2930.45
".IXIC",2012-06-21,7.0751123807927e-05,2858.84
".IXIC",2012-06-22,3.24231295340252e-05,2892.42
".IXIC",2012-06-25,5.47556572635353e-05,2836.16
".IXIC",2012-06-26,6.10048176245664e-05,2854.06
".IXIC",2012-06-27,3.91576824701756e-05,2875.32
".IXIC",2012-06-28,9.2983328313012e-05,2849.49
".IXIC",2012-06-29,2.26985503168923e-05,2935.05
".IXIC",2012-07-02,5.4858662633151e-05,2951.23
".IXIC",2012-07-03,1.16889833329511e-05,2976.08
".IXIC",2012-07-05,2.83918587307317e-05,2976.12
".IXIC",2012-07-06,3.25361604221713e-05,2937.33
".IXIC",2012-07-09,3.37485798233274e-05,2931.77
".IXIC",2012-07-10,6.09478686530925e-05,2902.11
".IXIC",2012-07-11,6.31049686323639e-05,2887.98
".IXIC",2012-07-12,6.16032248590836e-05,2866.19
".IXIC",2012-07-13,4.06513601172305e-05,2908.47
".IXIC",2012-07-16,3.58026533792497e-05,2896.93
".IXIC",2012-07-17,8.82858341630502e-05,2910.04
".IXIC",2012-07-18,3.59357680819642e-05,2942.28
".IXIC",2012-07-19,3.09706827760062e-05,2965.9
".IXIC",2012-07-20,4.07751805879149e-05,2925.3
".IXIC",2012-07-23,7.11229389377354e-05,2890.15
".IXIC",2012-07-24,7.21451502087277e-05,2862.99
".IXIC",2012-07-25,6.18533602213936e-05,2854.24
".IXIC",2012-07-26,5.31564205574158e-05,2893.25
".IXIC",2012-07-27,6.62205736191043e-05,2958.09
".IXIC",2012-07-30,5.94547722492369e-05,2945.84
".IXIC",2012-07-31,6.55738866370938e-05,2939.52
".IXIC",2012-08-01,6.21843833260624e-05,2920.21
".IXIC",2012-08-02,8.5812254380181e-05,2909.77
".IXIC",2012-08-03,3.01149523919755e-05,2967.9
".IXIC",2012-08-06,2.10814811736724e-05,2989.91
".IXIC",2012-08-07,1.7277850859479e-05,3014.58
".IXIC",2012-08-08,2.00647701512078e-05,3011.25
".IXIC",2012-08-09,1.60614932355198e-05,3018.64
".IXIC",2012-08-10,2.1914468525856e-05,3020.86
".IXIC",2012-08-13,1.94092194764639e-05,3022.52
".IXIC",2012-08-14,2.36946155796054e-05,3017.07
".IXIC",2012-08-15,1.86518095407487e-05,3030.16
".IXIC",2012-08-16,1.6113017744196e-05,3062.39
".IXIC",2012-08-17,1.22317979216478e-05,3076.59
".IXIC",2012-08-20,2.09295932719373e-05,3076.21
".IXIC",2012-08-21,4.50828418544454e-05,3067.26
".IXIC",2012-08-22,4.45930908871468e-05,3073.67
".IXIC",2012-08-23,4.78519487606654e-05,3053.4
".IXIC",2012-08-24,3.43808766729518e-05,3069.79
".IXIC",2012-08-27,2.26360615607045e-05,3073.19
".IXIC",2012-08-28,2.74610620181707e-05,3077.14
".IXIC",2012-08-29,1.50371351830347e-05,3081.19
".IXIC",2012-08-30,2.3585235440906e-05,3048.71
".IXIC",2012-08-31,8.86901579848099e-05,3066.96
".IXIC",2012-09-04,4.66060077869598e-05,3075.06
".IXIC",2012-09-05,2.93960614892152e-05,3069.27
".IXIC",2012-09-06,3.04424505958698e-05,3135.81
".IXIC",2012-09-07,1.29166248700278e-05,3136.42
".IXIC",2012-09-10,1.8319197200453e-05,3104.02
".IXIC",2012-09-11,2.97012531215432e-05,3104.53
".IXIC",2012-09-12,2.9658224531106e-05,3114.31
".IXIC",2012-09-13,5.31966823443218e-05,3155.83
".IXIC",2012-09-14,3.17203106816669e-05,3183.58
".IXIC",2012-09-17,1.77602271366068e-05,3178.67
".IXIC",2012-09-18,1.29326298126315e-05,3177.8
".IXIC",2012-09-19,2.2013795962285e-05,3182.62
".IXIC",2012-09-20,1.80330246729292e-05,3175.96
".IXIC",2012-09-21,1.25470106154172e-05,3180.01
".IXIC",2012-09-24,1.95058349309158e-05,3160.78
".IXIC",2012-09-25,4.25404654998493e-05,3117.73
".IXIC",2012-09-26,4.75967175338599e-05,3093.7
".IXIC",2012-09-27,2.46158512503107e-05,3136.6
".IXIC",2012-09-28,5.08547632310774e-05,3116.23
".IXIC",2012-10-01,6.70203657913419e-05,3113.33
".IXIC",2012-10-02,4.65538837300779e-05,3120.04
".IXIC",2012-10-03,3.8325267211309e-05,3135.23
".IXIC",2012-10-04,3.02019091839264e-05,3149.46
".IXIC",2012-10-05,3.714102218778e-05,3135.92
".IXIC",2012-10-08,3.29213638168433e-05,3112.35
".IXIC",2012-10-09,5.62418124532381e-05,3065.02
".IXIC",2012-10-10,3.34163131251667e-05,3051.78
".IXIC",2012-10-11,3.39483150519432e-05,3049.38
".IXIC",2012-10-12,3.2131954510275e-05,3044.11
".IXIC",2012-10-15,3.10493968732604e-05,3064.02
".IXIC",2012-10-16,1.82719827146445e-05,3101.17
".IXIC",2012-10-17,2.4370372840025e-05,3104.12
".IXIC",2012-10-18,5.50968528401266e-05,3072.87
".IXIC",2012-10-19,6.43048263823002e-05,3005.62
".IXIC",2012-10-22,1.3747602559482e-05,3005.9
".IXIC",2012-10-23,6.82725611912849e-05,2990.46
".IXIC",2012-10-24,3.62901942123011e-05,2981.7
".IXIC",2012-10-25,4.96927724398502e-05,2986.12
".IXIC",2012-10-26,7.90374818492492e-05,2987.95
".IXIC",2012-11-01,8.67988784973473e-06,3020.06
".IXIC",2012-11-02,3.52637480458916e-05,2982.13
".IXIC",2012-11-05,2.90846248957193e-05,2999.66
".IXIC",2012-11-06,3.2633603852238e-05,3011.93
".IXIC",2012-11-07,8.90349862811337e-05,2937.34
".IXIC",2012-11-08,6.07951977012971e-05,2895.58
".IXIC",2012-11-09,7.4246719641544e-05,2904.87
".IXIC",2012-11-12,3.02977621239615e-05,2904.25
".IXIC",2012-11-13,5.80020137646225e-05,2883.89
".IXIC",2012-11-14,5.29307214402011e-05,2846.81
".IXIC",2012-11-15,7.49173546958651e-05,2836.94
".IXIC",2012-11-16,0.00012701569140328,2853.13
".IXIC",2012-11-19,3.65449487870486e-05,2916.07
".IXIC",2012-11-20,4.66806313653413e-05,2916.68
".IXIC",2012-11-21,1.7470240761039e-05,2926.55
".IXIC",2012-11-23,1.31829840698131e-05,2966.85
".IXIC",2012-11-26,2.78829873230329e-05,2976.78
".IXIC",2012-11-27,4.99464526269352e-05,2967.79
".IXIC",2012-11-28,7.6151884234281e-05,2991.78
".IXIC",2012-11-29,5.80066167489635e-05,3012.03
".IXIC",2012-11-30,2.43246854303997e-05,3010.24
".IXIC",2012-12-03,2.70492297609047e-05,3002.2
".IXIC",2012-12-04,5.1138226993821e-05,2996.69
".IXIC",2012-12-05,6.83498605329535e-05,2973.7
".IXIC",2012-12-06,5.21115776398086e-05,2989.27
".IXIC",2012-12-07,4.60810615140431e-05,2978.04
".IXIC",2012-12-10,3.92874112679772e-05,2986.96
".IXIC",2012-12-11,2.79316363753263e-05,3022.3
".IXIC",2012-12-12,3.36748303979115e-05,3013.81
".IXIC",2012-12-13,5.47829298233049e-05,2992.16
".IXIC",2012-12-14,3.78698175187664e-05,2971.33
".IXIC",2012-12-17,4.17115475233774e-05,3010.6
".IXIC",2012-12-18,3.37539442423639e-05,3054.53
".IXIC",2012-12-19,3.43976423842096e-05,3044.36
".IXIC",2012-12-20,3.64863440295403e-05,3050.39
".IXIC",2012-12-21,4.30436947314469e-05,3021.01
".IXIC",2012-12-24,8.25422212876899e-06,3012.6
".IXIC",2012-12-26,3.06308746291271e-05,2990.16
".IXIC",2012-12-27,6.94356614008001e-05,2985.91
".IXIC",2012-12-28,4.07344643907344e-05,2960.31
".IXIC",2012-12-31,8.08239617525696e-05,3019.51
".IXIC",2013-01-02,5.50092795451861e-05,3112.26
".IXIC",2013-01-03,2.64080858172442e-05,3100.57
".IXIC",2013-01-04,2.57580761688777e-05,3101.66
".IXIC",2013-01-07,2.08161832560737e-05,3098.81
".IXIC",2013-01-08,3.04371792605923e-05,3091.81
".IXIC",2013-01-09,1.61371646540333e-05,3105.81
".IXIC",2013-01-10,2.29174860455573e-05,3121.76
".IXIC",2013-01-11,1.38012480977662e-05,3125.64
".IXIC",2013-01-14,2.58002351868021e-05,3117.5
".IXIC",2013-01-15,1.63634792367465e-05,3110.78
".IXIC",2013-01-16,1.35243972607183e-05,3117.54
".IXIC",2013-01-17,1.3097298178481e-05,3136
".IXIC",2013-01-18,1.06173624710267e-05,3134.71
".IXIC",2013-01-22,1.57912484983783e-05,3143.18
".IXIC",2013-01-23,9.20314695788222e-06,3153.67
".IXIC",2013-01-24,3.1412822671306e-05,3130.38
".IXIC",2013-01-25,3.64307485855645e-05,3149.71
".IXIC",2013-01-28,2.46680549121852e-05,3154.3
".IXIC",2013-01-29,2.99767146041229e-05,3153.66
".IXIC",2013-01-30,2.67583288174227e-05,3142.31
".IXIC",2013-01-31,3.18045341034961e-05,3142.13
".IXIC",2013-02-01,2.16929788779783e-05,3179.1
".IXIC",2013-02-04,2.68700085586948e-05,3131.17
".IXIC",2013-02-05,1.96058965935811e-05,3171.59
".IXIC",2013-02-06,2.62588853870675e-05,3168.48
".IXIC",2013-02-07,5.61717264817174e-05,3165.13
".IXIC",2013-02-08,2.18876093223934e-05,3193.87
".IXIC",2013-02-11,9.26571244080278e-06,3192
".IXIC",2013-02-12,1.70529822054525e-05,3186.49
".IXIC",2013-02-13,2.92618291736572e-05,3196.88
".IXIC",2013-02-14,1.07336088219272e-05,3198.66
".IXIC",2013-02-15,1.47160750035339e-05,3192.03
".IXIC",2013-02-19,1.6980971437208e-05,3213.59
".IXIC",2013-02-20,2.87289807368667e-05,3164.41
".IXIC",2013-02-21,4.54712135863665e-05,3131.49
".IXIC",2013-02-22,2.59953037213162e-05,3161.82
".IXIC",2013-02-25,5.26831539363644e-05,3116.25
".IXIC",2013-02-26,6.31467644875364e-05,3129.65
".IXIC",2013-02-27,4.76677170745401e-05,3162.26
".IXIC",2013-02-28,3.13093187452141e-05,3160.19
".IXIC",2013-03-01,5.27368505346408e-05,3169.74
".IXIC",2013-03-04,2.61746776856752e-05,3182.03
".IXIC",2013-03-05,3.2206685287093e-05,3224.13
".IXIC",2013-03-06,2.17069154351584e-05,3222.36
".IXIC",2013-03-07,1.83529153229459e-05,3232.09
".IXIC",2013-03-08,1.30328836998731e-05,3244.37
".IXIC",2013-03-11,7.90164711285216e-06,3252.87
".IXIC",2013-03-12,2.05222591620644e-05,3242.32
".IXIC",2013-03-13,1.71578169979276e-05,3245.12
".IXIC",2013-03-14,8.33310671186593e-06,3258.93
".IXIC",2013-03-15,1.41940267042837e-05,3249.07
".IXIC",2013-03-18,2.6729502258862e-05,3237.59
".IXIC",2013-03-19,6.0155148247211e-05,3229.1
".IXIC",2013-03-20,2.40775112904072e-05,3254.19
".IXIC",2013-03-21,2.81847618245577e-05,3222.6
".IXIC",2013-03-22,1.15622501898858e-05,3245
".IXIC",2013-03-25,5.28107713863474e-05,3235.3
".IXIC",2013-03-26,1.14719100419538e-05,3252.48
".IXIC",2013-03-27,1.77273583620595e-05,3256.52
".IXIC",2013-03-28,9.270840757717e-06,3267.52
".IXIC",2013-04-01,2.945220055923e-05,3239.17
".IXIC",2013-04-02,2.12565021926699e-05,3254.86
".IXIC",2013-04-03,3.94504090681126e-05,3218.6
".IXIC",2013-04-04,3.40229797949982e-05,3224.98
".IXIC",2013-04-05,2.35778129396215e-05,3203.86
".IXIC",2013-04-08,1.88317757574082e-05,3222.25
".IXIC",2013-04-09,3.00801672684144e-05,3237.86
".IXIC",2013-04-10,3.25985416654902e-05,3297.25
".IXIC",2013-04-11,2.02234588587095e-05,3300.16
".IXIC",2013-04-12,3.38643967790403e-05,3294.95
".IXIC",2013-04-15,0.00010182839688353,3216.49
".IXIC",2013-04-16,3.60339421579667e-05,3264.63
".IXIC",2013-04-17,8.36960422184655e-05,3204.67
".IXIC",2013-04-18,8.81833292107999e-05,3166.36
".IXIC",2013-04-19,4.82122950389849e-05,3206.06
".IXIC",2013-04-22,4.6565445349404e-05,3233.55
".IXIC",2013-04-23,0.00012756291912117,3269.33
".IXIC",2013-04-24,2.98365244544432e-05,3269.65
".IXIC",2013-04-25,1.6613118864981e-05,3289.99
".IXIC",2013-04-26,1.87861810130992e-05,3279.26
".IXIC",2013-04-29,1.50873379563745e-05,3307.02
".IXIC",2013-04-30,2.6258182455828e-05,3328.79
".IXIC",2013-05-01,3.40690233880932e-05,3299.13
".IXIC",2013-05-02,1.88568237227266e-05,3340.62
".IXIC",2013-05-03,1.28632727671015e-05,3378.63
".IXIC",2013-05-06,9.38341135279635e-06,3392.97
".IXIC",2013-05-07,2.29616540697642e-05,3396.63
".IXIC",2013-05-08,1.16136752336401e-05,3413.27
".IXIC",2013-05-09,2.75244773631162e-05,3409.17
".IXIC",2013-05-10,2.42869133474503e-05,3436.58
".IXIC",2013-05-13,2.40624411413833e-05,3438.79
".IXIC",2013-05-14,1.98807809447478e-05,3462.61
".IXIC",2013-05-15,2.90350000961414e-05,3471.62
".IXIC",2013-05-16,2.75184374617415e-05,3465.24
".IXIC",2013-05-17,1.64360826646585e-05,3498.97
".IXIC",2013-05-20,2.62118177110809e-05,3496.43
".IXIC",2013-05-21,2.42887928524172e-05,3502.12
".IXIC",2013-05-22,0.00010173770354725,3463.3
".IXIC",2013-05-23,5.38927142856907e-05,3459.42
".IXIC",2013-05-24,3.11362180374791e-05,3459.14
".IXIC",2013-05-28,3.18574220878456e-05,3488.89
".IXIC",2013-05-29,4.46670428448308e-05,3467.52
".IXIC",2013-05-30,2.0689146230002e-05,3491.3
".IXIC",2013-05-31,4.20548881222586e-05,3455.91
".IXIC",2013-06-03,7.12823550399783e-05,3465.37
".IXIC",2013-06-04,7.12284155541847e-05,3445.26
".IXIC",2013-06-05,7.08308182321468e-05,3401.48
".IXIC",2013-06-06,5.50788322556934e-05,3424.05
".IXIC",2013-06-07,3.23698373957141e-05,3469.22
".IXIC",2013-06-10,2.77254701078493e-05,3473.77
".IXIC",2013-06-11,5.15820124754584e-05,3436.95
".IXIC",2013-06-12,4.8987186171551e-05,3400.43
".IXIC",2013-06-13,3.91673940624513e-05,3445.36
".IXIC",2013-06-14,3.84774807275571e-05,3423.56
".IXIC",2013-06-17,4.04104466842311e-05,3452.13
".IXIC",2013-06-18,1.51514778906415e-05,3482.18
".IXIC",2013-06-19,8.45241072042271e-05,3443.2
".IXIC",2013-06-20,7.13072785212716e-05,3364.64
".IXIC",2013-06-21,8.71761407480633e-05,3357.25
".IXIC",2013-06-24,0.0001138807845395,3320.76
".IXIC",2013-06-25,4.99351131054952e-05,3347.89
".IXIC",2013-06-26,2.99309563483214e-05,3376.22
".IXIC",2013-06-27,3.10176510012617e-05,3401.86
".IXIC",2013-06-28,3.95485530458204e-05,3403.25
".IXIC",2013-07-01,2.62724646903829e-05,3434.49
".IXIC",2013-07-02,4.00243180491761e-05,3433.4
".IXIC",2013-07-03,2.50680327742656e-05,3443.67
".IXIC",2013-07-05,4.69329648533639e-05,3479.38
".IXIC",2013-07-08,2.06541828355429e-05,3484.83
".IXIC",2013-07-09,1.9602413355761e-05,3504.26
".IXIC",2013-07-10,3.03123256897016e-05,3520.76
".IXIC",2013-07-11,1.58993338422242e-05,3578.3
".IXIC",2013-07-12,1.29437744834045e-05,3600.08
".IXIC",2013-07-15,7.07983759790287e-06,3607.49
".IXIC",2013-07-16,1.56525202179533e-05,3598.5
".IXIC",2013-07-17,1.31130559603149e-05,3610
".IXIC",2013-07-18,1.27158308527972e-05,3611.28
".IXIC",2013-07-19,1.22582346883299e-05,3587.61
".IXIC",2013-07-22,1.35205567342003e-05,3600.39
".IXIC",2013-07-23,1.5085069582875e-05,3579.27
".IXIC",2013-07-24,2.47884432690953e-05,3579.6
".IXIC",2013-07-25,2.34755818153603e-05,3605.19
".IXIC",2013-07-26,2.30530601457872e-05,3613.16
".IXIC",2013-07-29,1.90742549807404e-05,3599.14
".IXIC",2013-07-30,1.78527203571813e-05,3616.47
".IXIC",2013-07-31,2.95517651805107e-05,3626.37
".IXIC",2013-08-01,1.37620123277836e-05,3675.74
".IXIC",2013-08-02,9.05848541042787e-06,3689.59
".IXIC",2013-08-05,8.60393272676628e-06,3692.951
".IXIC",2013-08-06,1.9583351048771e-05,3665.77
".IXIC",2013-08-07,2.90100298705767e-05,3654.009
".IXIC",2013-08-08,1.70219037323301e-05,3669.124
".IXIC",2013-08-09,2.7033350436489e-05,3660.108
".IXIC",2013-08-12,1.95155013829532e-05,3669.951
".IXIC",2013-08-13,2.8524148021394e-05,3684.443
".IXIC",2013-08-14,2.04346406804867e-05,3669.273
".IXIC",2013-08-15,3.56899226767829e-05,3606.117
".IXIC",2013-08-16,2.48096575054331e-05,3602.778
".IXIC",2013-08-19,2.02487075034322e-05,3589.086
".IXIC",2013-08-20,1.71180813860172e-05,3613.59
".IXIC",2013-08-21,5.14761133681604e-05,3599.79
".IXIC",2013-08-22,1.80618097703561e-05,3638.707
".IXIC",2013-08-23,1.52787505332477e-05,3657.792
".IXIC",2013-08-26,2.99532892241705e-05,3657.571
".IXIC",2013-08-27,4.04469294195572e-05,3578.524
".IXIC",2013-08-28,2.69572494853949e-05,3593.349
".IXIC",2013-08-29,4.58457040796664e-05,3620.303
".IXIC",2013-08-30,5.1607129423599e-05,3589.868
".IXIC",2013-09-03,5.55582241712545e-05,3612.612
".IXIC",2013-09-04,2.21465637818341e-05,3649.042
".IXIC",2013-09-05,1.82994271785463e-05,3658.785
".IXIC",2013-09-06,7.90207733446812e-05,3660.01
".IXIC",2013-09-09,1.79921163512198e-05,3706.183
".IXIC",2013-09-10,2.2321723316377e-05,3729.021
".IXIC",2013-09-11,1.75698562941334e-05,3725.01
".IXIC",2013-09-12,1.89574916235296e-05,3715.968
".IXIC",2013-09-13,1.52480620695122e-05,3722.184
".IXIC",2013-09-16,2.05197971758916e-05,3717.846
".IXIC",2013-09-17,7.50166909141616e-06,3745.699
".IXIC",2013-09-18,4.23124071519965e-05,3783.641
".IXIC",2013-09-19,1.84324736540322e-05,3789.384
".IXIC",2013-09-20,1.81792949901434e-05,3774.728
".IXIC",2013-09-23,3.73429186569192e-05,3765.288
".IXIC",2013-09-24,2.54965967646053e-05,3768.254
".IXIC",2013-09-25,4.20841093014276e-05,3761.098
".IXIC",2013-09-26,2.66664058630296e-05,3787.427
".IXIC",2013-09-27,1.77105681384859e-05,3781.594
".IXIC",2013-09-30,4.39154690186644e-05,3771.479
".IXIC",2013-10-01,4.32840445796766e-05,3817.982
".IXIC",2013-10-02,3.4136074656088e-05,3815.019
".IXIC",2013-10-03,9.58317275198319e-05,3774.343
".IXIC",2013-10-04,2.17398003931841e-05,3807.754
".IXIC",2013-10-07,3.60611895180957e-05,3770.377
".IXIC",2013-10-08,7.52007534815162e-05,3694.833
".IXIC",2013-10-09,9.87419058698098e-05,3677.776
".IXIC",2013-10-10,3.03104891363843e-05,3760.747
".IXIC",2013-10-11,2.49186534809724e-05,3791.873
".IXIC",2013-10-14,3.62312022855705e-05,3815.275
".IXIC",2013-10-15,4.826192417588e-05,3794.01
".IXIC",2013-10-16,2.22005540482536e-05,3839.431
".IXIC",2013-10-17,1.71774189341539e-05,3863.146
".IXIC",2013-10-18,2.28226672814429e-05,3914.278
".IXIC",2013-10-21,1.80060137658874e-05,3920.049
".IXIC",2013-10-22,6.06265856689734e-05,3929.566
".IXIC",2013-10-23,3.55289705502047e-05,3907.074
".IXIC",2013-10-24,1.31704296494015e-05,3928.96
".IXIC",2013-10-25,2.05767233917663e-05,3943.361
".IXIC",2013-10-28,1.8680135860544e-05,3940.129
".IXIC",2013-10-29,2.48615967772785e-05,3952.338
".IXIC",2013-10-30,4.13568844355677e-05,3930.62
".IXIC",2013-10-31,4.14758414975201e-05,3919.706
".IXIC",2013-11-01,3.91340914154868e-05,3922.042
".IXIC",2013-11-04,1.23335357203377e-05,3936.591
".IXIC",2013-11-05,1.95395617306196e-05,3939.864
".IXIC",2013-11-06,2.40550694930131e-05,3931.946
".IXIC",2013-11-07,5.92154351494427e-05,3857.333
".IXIC",2013-11-08,4.00670839944366e-05,3919.233
".IXIC",2013-11-11,2.22841553040792e-05,3919.79
".IXIC",2013-11-12,3.06963446698379e-05,3919.92
".IXIC",2013-11-13,2.44029921147428e-05,3965.575
".IXIC",2013-11-14,2.02440512202582e-05,3972.74
".IXIC",2013-11-15,1.03479910241134e-05,3985.968
".IXIC",2013-11-18,3.18114176883011e-05,3949.066
".IXIC",2013-11-19,3.96281514332218e-05,3931.553
".IXIC",2013-11-20,5.43118939805688e-05,3921.27
".IXIC",2013-11-21,1.66840305201671e-05,3969.155
".IXIC",2013-11-22,1.10930576427828e-05,3991.649
".IXIC",2013-11-25,1.37948922024542e-05,3994.573
".IXIC",2013-11-26,1.13621162185875e-05,4017.749
".IXIC",2013-11-27,7.61544521905638e-06,4044.75
".IXIC",2013-11-29,6.77926910734954e-06,4059.886
".IXIC",2013-12-02,2.12849218045293e-05,4045.26
".IXIC",2013-12-03,2.53844750737334e-05,4037.198
".IXIC",2013-12-04,4.60766769107705e-05,4038.001
".IXIC",2013-12-05,2.9923317853699e-05,4033.165
".IXIC",2013-12-06,1.88959825970546e-05,4062.521
".IXIC",2013-12-09,1.1866715187912e-05,4068.751
".IXIC",2013-12-10,1.57334235783495e-05,4060.49
".IXIC",2013-12-11,4.09438972777388e-05,4003.813
".IXIC",2013-12-12,3.24924639853409e-05,3998.403
".IXIC",2013-12-13,2.50974301560414e-05,4000.975
".IXIC",2013-12-16,1.97876695066076e-05,4029.518
".IXIC",2013-12-17,2.26169958798723e-05,4023.68
".IXIC",2013-12-18,0.00014170776155285,4070.064
".IXIC",2013-12-19,1.96193412957085e-05,4058.135
".IXIC",2013-12-20,1.1053562024882e-05,4104.741
".IXIC",2013-12-23,9.20305524852912e-06,4148.903
".IXIC",2013-12-24,4.81182547379683e-06,4155.417
".IXIC",2013-12-26,6.92076678653833e-06,4167.18
".IXIC",2013-12-27,7.97035744482403e-06,4156.594
".IXIC",2013-12-30,8.10308034140557e-06,4154.199
".IXIC",2013-12-31,7.77972801488167e-06,4176.59
".IXIC",2014-01-02,2.53205052532792e-05,4143.069
".IXIC",2014-01-03,1.29551908957192e-05,4131.906
".IXIC",2014-01-06,2.8409200414856e-05,4113.681
".IXIC",2014-01-07,1.43486545362696e-05,4153.182
".IXIC",2014-01-08,2.79028371749557e-05,4165.611
".IXIC",2014-01-09,2.9946009931026e-05,4156.194
".IXIC",2014-01-10,2.66871508485644e-05,4174.665
".IXIC",2014-01-13,3.86756902863257e-05,4113.304
".IXIC",2014-01-14,2.50825310762416e-05,4183.016
".IXIC",2014-01-15,1.67483303539265e-05,4214.884
".IXIC",2014-01-16,1.60509634257082e-05,4218.688
".IXIC",2014-01-17,1.8593456384238e-05,4197.582
".IXIC",2014-01-21,2.65792822324905e-05,4225.76
".IXIC",2014-01-22,1.0393182686507e-05,4243
".IXIC",2014-01-23,3.37313360265727e-05,4218.875
".IXIC",2014-01-24,6.3464008706411e-05,4128.173
".IXIC",2014-01-27,0.00011680672730548,4083.609
".IXIC",2014-01-28,3.75106300270369e-05,4097.962
".IXIC",2014-01-29,7.20872017665088e-05,4051.434
".IXIC",2014-01-30,2.4196462078234e-05,4123.125
".IXIC",2014-01-31,5.82240590561437e-05,4103.877
".IXIC",2014-02-03,0.00012467523646808,3996.958
".IXIC",2014-02-04,5.31276858213629e-05,4031.52
".IXIC",2014-02-05,0.00010493155001264,4011.552
".IXIC",2014-02-06,2.65459459951597e-05,4057.122
".IXIC",2014-02-07,3.4946087688698e-05,4125.861
".IXIC",2014-02-10,2.30369176403056e-05,4148.174
".IXIC",2014-02-11,1.92822833529345e-05,4191.045
".IXIC",2014-02-12,2.23084233134887e-05,4201.288
".IXIC",2014-02-13,2.31184738404297e-05,4240.672
".IXIC",2014-02-14,1.68534559111573e-05,4244.025
".IXIC",2014-02-18,2.09157474204516e-05,4272.783
".IXIC",2014-02-19,4.02869150505466e-05,4237.954
".IXIC",2014-02-20,3.76177461610945e-05,4267.545
".IXIC",2014-02-21,1.29914378494575e-05,4263.41
".IXIC",2014-02-24,2.20443721026265e-05,4292.968
".IXIC",2014-02-25,3.13311721441794e-05,4287.587
".IXIC",2014-02-26,3.7518711816575e-05,4292.064
".IXIC",2014-02-27,2.43981155606775e-05,4318.933
".IXIC",2014-02-28,4.49353363167399e-05,4308.119
".IXIC",2014-03-03,6.82182966731631e-05,4277.301
".IXIC",2014-03-04,1.94712356170507e-05,4351.972
".IXIC",2014-03-05,1.45464766591111e-05,4357.974
".IXIC",2014-03-06,1.73035306881648e-05,4352.125
".IXIC",2014-03-07,5.65183771920025e-05,4336.223
".IXIC",2014-03-10,3.16812807523713e-05,4334.448
".IXIC",2014-03-11,4.20198703028384e-05,4307.188
".IXIC",2014-03-12,4.98319108306998e-05,4323.332
".IXIC",2014-03-13,8.09632521705076e-05,4260.42
".IXIC",2014-03-14,5.92192455135085e-05,4245.396
".IXIC",2014-03-17,4.14320870309116e-05,4279.949
".IXIC",2014-03-18,2.49932717355612e-05,4333.313
".IXIC",2014-03-19,5.24158990401511e-05,4307.602
".IXIC",2014-03-20,3.32289471519442e-05,4319.286
".IXIC",2014-03-21,5.75133654413569e-05,4276.788
".IXIC",2014-03-24,0.0001118300431802,4226.385
".IXIC",2014-03-25,7.84869570899943e-05,4234.268
".IXIC",2014-03-26,8.65768251067742e-05,4173.579
".IXIC",2014-03-27,0.00014715972984524,4151.232
".IXIC",2014-03-28,5.68060356983461e-05,4155.759
".IXIC",2014-03-31,4.12690184461043e-05,4198.994
".IXIC",2014-04-01,3.07243144342062e-05,4268.04
".IXIC",2014-04-02,3.4170499664028e-05,4276.456
".IXIC",2014-04-03,4.28910225087635e-05,4237.74
".IXIC",2014-04-04,0.00017607880496642,4127.726
".IXIC",2014-04-07,0.00015460076756941,4079.753
".IXIC",2014-04-08,9.16302722506623e-05,4112.986
".IXIC",2014-04-09,4.56722255010856e-05,4183.9
".IXIC",2014-04-10,0.00011629472205169,4054.106
".IXIC",2014-04-11,0.00017966127241075,3999.734
".IXIC",2014-04-14,7.55902003036472e-05,4022.694
".IXIC",2014-04-15,0.00017841811101167,4034.161
".IXIC",2014-04-16,7.56497057898535e-05,4086.225
".IXIC",2014-04-17,8.30492419396418e-05,4095.516
".IXIC",2014-04-21,4.85426213296296e-05,4121.546
".IXIC",2014-04-22,2.36647137128479e-05,4161.458
".IXIC",2014-04-23,3.81356718218187e-05,4126.967
".IXIC",2014-04-24,0.00011226223002546,4148.338
".IXIC",2014-04-25,6.31384105269406e-05,4075.561
".IXIC",2014-04-28,0.00016204859046731,4074.401
".IXIC",2014-04-29,5.23434054251694e-05,4103.543
".IXIC",2014-04-30,5.81642718402136e-05,4114.556
".IXIC",2014-05-01,5.26594391770844e-05,4127.451
".IXIC",2014-05-02,6.36321622532906e-05,4123.897
".IXIC",2014-05-05,4.71749063539343e-05,4138.055
".IXIC",2014-05-06,4.62628021848284e-05,4080.759
".IXIC",2014-05-07,0.00014128803080192,4067.673
".IXIC",2014-05-08,9.1292137434095e-05,4051.496
".IXIC",2014-05-09,7.3579698826228e-05,4071.869
".IXIC",2014-05-12,2.64192716541381e-05,4143.859
".IXIC",2014-05-13,3.30687728611125e-05,4130.165
".IXIC",2014-05-14,4.37467659954489e-05,4100.627
".IXIC",2014-05-15,9.93153870212847e-05,4069.292
".IXIC",2014-05-16,4.9685176932489e-05,4090.588
".IXIC",2014-05-19,2.72521345507536e-05,4125.815
".IXIC",2014-05-20,5.24271105042586e-05,4096.891
".IXIC",2014-05-21,3.12579568596893e-05,4131.538
".IXIC",2014-05-22,2.31204171711904e-05,4154.342
".IXIC",2014-05-23,1.27092272118535e-05,4185.808
".IXIC",2014-05-27,1.83023689856163e-05,4237.068
".IXIC",2014-05-28,2.25590451692544e-05,4225.075
".IXIC",2014-05-29,1.48140512142988e-05,4247.947
".IXIC",2014-05-30,2.34613097987917e-05,4242.618
".IXIC",2014-06-02,4.08058295991431e-05,4237.199
".IXIC",2014-06-03,1.66215829525362e-05,4234.081
".IXIC",2014-06-04,1.88247460336867e-05,4251.642
".IXIC",2014-06-05,3.01603012378989e-05,4296.227
".IXIC",2014-06-06,1.41808580509429e-05,4321.399
".IXIC",2014-06-09,1.86924495562425e-05,4336.243
".IXIC",2014-06-10,1.66255832794393e-05,4337.997
".IXIC",2014-06-11,1.76331285647954e-05,4331.932
".IXIC",2014-06-12,3.88185177254513e-05,4297.633
".IXIC",2014-06-13,3.51259354736316e-05,4310.653
".IXIC",2014-06-16,2.90530304569697e-05,4321.105
".IXIC",2014-06-17,2.41641458710218e-05,4337.234
".IXIC",2014-06-18,2.49119183941051e-05,4362.836
".IXIC",2014-06-19,1.66776320136627e-05,4359.326
".IXIC",2014-06-20,8.60730858227852e-06,4368.037
".IXIC",2014-06-23,1.05371005372184e-05,4368.676
".IXIC",2014-06-24,3.14037807238656e-05,4350.355
".IXIC",2014-06-25,2.91116818634019e-05,4379.757
".IXIC",2014-06-26,2.79948724146182e-05,4379.046
".IXIC",2014-06-27,1.74440378290558e-05,4397.93
".IXIC",2014-06-30,8.2220996771793e-06,4408.178
".IXIC",2014-07-01,1.59236305541901e-05,4458.651
".IXIC",2014-07-02,1.24243632923646e-05,4457.734
".IXIC",2014-07-03,7.41986501103117e-06,4485.925
".IXIC",2014-07-07,1.34699946074538e-05,4451.53
".IXIC",2014-07-08,5.09538974360482e-05,4391.463
".IXIC",2014-07-09,3.73646751796396e-05,4419.034
".IXIC",2014-07-10,4.47617653326721e-05,4396.204
".IXIC",2014-07-11,1.98364956675677e-05,4415.49
".IXIC",2014-07-14,1.14423242743582e-05,4440.419
".IXIC",2014-07-15,6.36179335711429e-05,4416.387
".IXIC",2014-07-16,1.84802578601669e-05,4425.968
".IXIC",2014-07-17,6.29347853659227e-05,4363.447
".IXIC",2014-07-18,2.76445728298701e-05,4432.146
".IXIC",2014-07-21,2.22443208427363e-05,4424.704
".IXIC",2014-07-22,1.71296678135545e-05,4456.016
".IXIC",2014-07-23,1.59759585265391e-05,4473.697
".IXIC",2014-07-24,1.85478824352373e-05,4472.107
".IXIC",2014-07-25,2.64744938725316e-05,4449.563
".IXIC",2014-07-28,3.41562453922554e-05,4444.909
".IXIC",2014-07-29,3.51194645161769e-05,4442.698
".IXIC",2014-07-30,2.97203410444845e-05,4462.902
".IXIC",2014-07-31,5.33210679521292e-05,4369.773
".IXIC",2014-08-01,7.511161579986e-05,4352.639
".IXIC",2014-08-04,3.4410363620152e-05,4383.888
".IXIC",2014-08-05,8.22075123909011e-05,4352.835
".IXIC",2014-08-06,4.65699625917e-05,4355.051
".IXIC",2014-08-07,4.48857177009279e-05,4334.966
".IXIC",2014-08-08,2.90229781077381e-05,4370.999
".IXIC",2014-08-11,1.42617118327924e-05,4401.331
".IXIC",2014-08-12,2.49994757220113e-05,4389.251
".IXIC",2014-08-13,1.08890265700324e-05,4434.125
".IXIC",2014-08-14,7.53128001253369e-06,4453.001
".IXIC",2014-08-15,4.71909715851055e-05,4464.927
".IXIC",2014-08-18,1.03206380832124e-05,4508.313
".IXIC",2014-08-19,4.62251626846171e-06,4527.514
".IXIC",2014-08-20,1.0206794438637e-05,4526.482
".IXIC",2014-08-21,1.28081831580269e-05,4532.104
".IXIC",2014-08-22,2.07205375193353e-05,4538.551
".IXIC",2014-08-25,8.65044759361816e-06,4557.347
".IXIC",2014-08-26,7.70981568935055e-06,4570.637
".IXIC",2014-08-27,7.63765730670834e-06,4569.621
".IXIC",2014-08-28,1.0580516657403e-05,4557.695
".IXIC",2014-08-29,8.92269006928052e-06,4580.271
".IXIC",2014-09-02,1.67200844181288e-05,4598.188
".IXIC",2014-09-03,1.59463205544621e-05,4572.565
".IXIC",2014-09-04,2.12315761386121e-05,4562.287
".IXIC",2014-09-05,3.65188433103828e-05,4582.9
".IXIC",2014-09-08,2.1609194922501e-05,4592.285
".IXIC",2014-09-09,5.87854076890639e-05,4552.285
".IXIC",2014-09-10,3.27216631199089e-05,4586.522
".IXIC",2014-09-11,2.54241723179315e-05,4591.806
".IXIC",2014-09-12,2.67288983425621e-05,4567.599
".IXIC",2014-09-15,3.84331899568573e-05,4518.902
".IXIC",2014-09-16,3.33142369063178e-05,4552.758
".IXIC",2014-09-17,7.59760132727387e-05,4562.188
".IXIC",2014-09-18,1.11814432917321e-05,4593.425
".IXIC",2014-09-19,1.85466255472268e-05,4579.787
".IXIC",2014-09-22,3.19231508922149e-05,4527.689
".IXIC",2014-09-23,2.96442931353774e-05,4508.688
".IXIC",2014-09-24,2.52242078743088e-05,4555.221
".IXIC",2014-09-25,5.715828966982e-05,4466.748
".IXIC",2014-09-26,3.07646336661371e-05,4512.194
".IXIC",2014-09-29,4.5388981782829e-05,4505.852
".IXIC",2014-09-30,4.60099089290296e-05,4493.39
".IXIC",2014-10-01,7.59965759784799e-05,4422.085
".IXIC",2014-10-02,7.69662980874361e-05,4430.195
".IXIC",2014-10-03,3.93971275500052e-05,4475.624
".IXIC",2014-10-06,4.56159596891967e-05,4454.802
".IXIC",2014-10-07,6.42803250525302e-05,4385.203
".IXIC",2014-10-08,0.00010178247767954,4468.594
".IXIC",2014-10-09,0.00011168919991867,4378.336
".IXIC",2014-10-10,0.00018598797739023,4276.237
".IXIC",2014-10-13,0.00020383520231179,4213.656
".IXIC",2014-10-14,0.00019794616140126,4227.171
".IXIC",2014-10-15,0.0003401396892484,4215.317
".IXIC",2014-10-16,0.00022115537493466,4217.39
".IXIC",2014-10-17,9.44494554068993e-05,4258.438
".IXIC",2014-10-20,7.10691842756596e-05,4316.074
".IXIC",2014-10-21,2.90911706095059e-05,4419.479
".IXIC",2014-10-22,7.50233001329947e-05,4382.847
".IXIC",2014-10-23,4.20348164080554e-05,4452.792
".IXIC",2014-10-24,2.85376552491812e-05,4483.715
".IXIC",2014-10-27,4.58477284373815e-05,4485.933
".IXIC",2014-10-28,2.27264671498537e-05,4564.294
".IXIC",2014-10-29,5.26936649379124e-05,4549.226
".IXIC",2014-10-30,4.98963214541531e-05,4566.138
".IXIC",2014-10-31,2.44721570354048e-05,4630.741
".IXIC",2014-11-03,2.22508245321994e-05,4638.907
".IXIC",2014-11-04,3.11980917044387e-05,4623.637
".IXIC",2014-11-05,3.94268769824243e-05,4620.723
".IXIC",2014-11-06,2.17337011400562e-05,4638.469
".IXIC",2014-11-07,2.11657254785032e-05,4632.532
".IXIC",2014-11-10,1.47478066156418e-05,4651.616
".IXIC",2014-11-11,1.03947691364753e-05,4660.555
".IXIC",2014-11-12,1.27286885180043e-05,4675.135
".IXIC",2014-11-13,4.10927330519115e-05,4680.141
".IXIC",2014-11-14,2.43931669087792e-05,4688.539
".IXIC",2014-11-17,2.89986154247617e-05,4671.002
".IXIC",2014-11-18,1.59671585115839e-05,4702.443
".IXIC",2014-11-19,3.7077549371886e-05,4675.711
".IXIC",2014-11-20,1.52448333539253e-05,4701.867
".IXIC",2014-11-21,2.5200872011403e-05,4712.97
".IXIC",2014-11-24,7.10221426393612e-06,4754.892
".IXIC",2014-11-25,1.45085857455305e-05,4758.251
".IXIC",2014-11-26,7.3631591529218e-06,4787.317
".IXIC",2014-11-28,6.60735055442277e-06,4791.63
".IXIC",2014-12-01,5.10237273036119e-05,4727.347
".IXIC",2014-12-02,2.23106247769673e-05,4755.811
".IXIC",2014-12-03,2.17792534772843e-05,4774.472
".IXIC",2014-12-04,2.18069794082959e-05,4769.436
".IXIC",2014-12-05,2.17680501375986e-05,4780.755
".IXIC",2014-12-08,4.93620262341762e-05,4740.691
".IXIC",2014-12-09,5.70144126239475e-05,4766.465
".IXIC",2014-12-10,7.51460729905941e-05,4684.025
".IXIC",2014-12-11,6.01329803796203e-05,4708.161
".IXIC",2014-12-12,0.00010474052409784,4653.596
".IXIC",2014-12-15,0.00017453839921772,4605.156
".IXIC",2014-12-16,0.00015707636977375,4547.834
".IXIC",2014-12-17,0.00012662320146446,4644.312
".IXIC",2014-12-18,4.48445881706171e-05,4748.396
".IXIC",2014-12-19,3.84907582360306e-05,4765.38
".IXIC",2014-12-22,1.51147275013785e-05,4781.424
".IXIC",2014-12-23,2.04169797654493e-05,4765.424
".IXIC",2014-12-24,5.81210321232299e-06,4773.472
".IXIC",2014-12-26,5.98488430701127e-06,4806.859
".IXIC",2014-12-29,8.11770637764841e-06,4806.91
".IXIC",2014-12-30,1.29372220001161e-05,4777.439
".IXIC",2014-12-31,3.17402179265567e-05,4736.053
".IXIC",2015-01-02,7.91094459495824e-05,4726.812
".IXIC",2015-01-05,7.7990824502931e-05,4652.574
".IXIC",2015-01-06,0.00015345107052986,4592.736
".IXIC",2015-01-07,6.97802342109154e-05,4650.467
".IXIC",2015-01-08,2.73295327900598e-05,4736.188
".IXIC",2015-01-09,6.94234649667932e-05,4704.066
".IXIC",2015-01-12,8.25781990568901e-05,4664.707
".IXIC",2015-01-13,0.00015267086319008,4661.497
".IXIC",2015-01-14,0.00010416082592731,4639.322
".IXIC",2015-01-15,0.00011144148684363,4570.824
".IXIC",2015-01-16,7.2359847685652e-05,4634.384
".IXIC",2015-01-20,8.47063084792866e-05,4654.846
".IXIC",2015-01-21,0.00012473829242407,4667.421
".IXIC",2015-01-22,7.15382768341254e-05,4750.397
".IXIC",2015-01-23,2.70732913579824e-05,4757.879
".IXIC",2015-01-26,2.49565823026865e-05,4771.763
".IXIC",2015-01-27,5.61113751551299e-05,4681.497
".IXIC",2015-01-28,0.00010479220021654,4637.994
".IXIC",2015-01-29,9.72181885002414e-05,4683.407
".IXIC",2015-01-30,0.00011138085465277,4635.24
".IXIC",2015-02-02,0.00014087743052344,4676.689
".IXIC",2015-02-03,5.19025859307828e-05,4727.738
".IXIC",2015-02-04,5.11219551564628e-05,4716.703
".IXIC",2015-02-05,1.66863016905509e-05,4765.097
".IXIC",2015-02-06,4.83422820124355e-05,4744.398
".IXIC",2015-02-09,3.79329636715437e-05,4726.012
".IXIC",2015-02-10,2.80480080134853e-05,4787.645
".IXIC",2015-02-11,2.21026640914691e-05,4801.181
".IXIC",2015-02-12,1.46991843084667e-05,4857.612
".IXIC",2015-02-13,1.19548751344883e-05,4893.836
".IXIC",2015-02-17,1.59246006520254e-05,4899.267
".IXIC",2015-02-18,1.61913363574611e-05,4906.363
".IXIC",2015-02-19,8.65667228445996e-06,4924.7
".IXIC",2015-02-20,1.91768888859387e-05,4955.966
".IXIC",2015-02-23,1.25129743067903e-05,4960.972
".IXIC",2015-02-24,1.53557430088812e-05,4968.122
".IXIC",2015-02-25,1.54408547265793e-05,4967.137
".IXIC",2015-02-26,2.52328923815409e-05,4987.89
".IXIC",2015-02-27,1.70363829882778e-05,4963.527
".IXIC",2015-03-02,1.43434388866618e-05,5008.096
".IXIC",2015-03-03,2.83351818616095e-05,4979.901
".IXIC",2015-03-04,2.5198492354469e-05,4967.141
".IXIC",2015-03-05,1.86367363141167e-05,4982.81
".IXIC",2015-03-06,3.61118356194124e-05,4927.37
".IXIC",2015-03-09,2.88910370875728e-05,4942.438
".IXIC",2015-03-10,4.01280366448673e-05,4859.795
".IXIC",2015-03-11,4.4383266278324e-05,4849.941
".IXIC",2015-03-12,2.3207383528938e-05,4893.291
".IXIC",2015-03-13,5.28132265853349e-05,4871.758
".IXIC",2015-03-16,1.70621698178542e-05,4929.508
".IXIC",2015-03-17,1.79609145294223e-05,4937.435
".IXIC",2015-03-18,7.02417792302436e-05,4982.828
".IXIC",2015-03-19,2.30118609407692e-05,4992.379
".IXIC",2015-03-20,1.54611968017561e-05,5026.418
".IXIC",2015-03-23,1.28048583268134e-05,5010.974
".IXIC",2015-03-24,2.11292886041753e-05,4994.728
".IXIC",2015-03-25,7.22412270655194e-05,4876.52
".IXIC",2015-03-26,8.53956165896632e-05,4863.362
".IXIC",2015-03-27,5.6469423545685e-05,4891.219
".IXIC",2015-03-30,1.75212122038287e-05,4947.441
".IXIC",2015-03-31,2.47642706919532e-05,4900.884
".IXIC",2015-04-01,6.80477674274144e-05,4880.228
".IXIC",2015-04-02,2.63087458877437e-05,4886.937
".IXIC",2015-04-06,3.09923423725651e-05,4917.317
".IXIC",2015-04-07,2.4069529807538e-05,4910.234
".IXIC",2015-04-08,5.84163338159622e-05,4950.821
".IXIC",2015-04-09,4.64997915872389e-05,4974.565
".IXIC",2015-04-10,8.6544725474695e-06,4995.978
".IXIC",2015-04-13,1.38704927053241e-05,4988.249
".IXIC",2015-04-14,3.80634819798394e-05,4977.287
".IXIC",2015-04-15,1.05221588279706e-05,5011.019
".IXIC",2015-04-16,1.33582040329272e-05,5007.791
".IXIC",2015-04-17,4.78202074529772e-05,4931.814
".IXIC",2015-04-20,2.29483980956844e-05,4994.602
".IXIC",2015-04-21,1.63687567793038e-05,5014.102
".IXIC",2015-04-22,2.4994135926325e-05,5035.171
".IXIC",2015-04-23,2.25034103366754e-05,5056.063
".IXIC",2015-04-24,1.14218645388389e-05,5092.085
".IXIC",2015-04-27,2.7753397216755e-05,5060.246
".IXIC",2015-04-28,6.85001205517972e-05,5055.422
".IXIC",2015-04-29,4.98604850178629e-05,5023.644
".IXIC",2015-04-30,7.37145401996449e-05,4941.424
".IXIC",2015-05-01,3.99107419192677e-05,5005.391
".IXIC",2015-05-04,2.2043875423559e-05,5016.929
".IXIC",2015-05-05,4.56675771759178e-05,4939.327
".IXIC",2015-05-06,8.83450650861537e-05,4919.644
".IXIC",2015-05-07,4.25364288797947e-05,4945.544
".IXIC",2015-05-08,1.62026143028618e-05,5003.548
".IXIC",2015-05-11,2.7703974015925e-05,4993.572
".IXIC",2015-05-12,5.65889879755149e-05,4976.189
".IXIC",2015-05-13,3.7027839093994e-05,4981.691
".IXIC",2015-05-14,1.58446711380453e-05,5050.795
".IXIC",2015-05-15,2.0828393723351e-05,5048.292
".IXIC",2015-05-18,1.12348427538121e-05,5078.439
".IXIC",2015-05-19,1.32598156984504e-05,5070.034
".IXIC",2015-05-20,3.09965626947078e-05,5071.743
".IXIC",2015-05-21,1.19556627485219e-05,5090.794
".IXIC",2015-05-22,1.3478575938256e-05,5089.367
".IXIC",2015-05-26,3.27715594555251e-05,5032.751
".IXIC",2015-05-27,2.36200913157097e-05,5106.593
".IXIC",2015-05-28,2.18439283419783e-05,5097.976
".IXIC",2015-05-29,2.98678236543883e-05,5070.025
".IXIC",2015-06-01,4.85237023954093e-05,5082.929
".IXIC",2015-06-02,3.33743298124313e-05,5076.524
".IXIC",2015-06-03,2.0607974282106e-05,5099.231
".IXIC",2015-06-04,3.53704786007883e-05,5059.125
".IXIC",2015-06-05,4.14765633822139e-05,5068.458
".IXIC",2015-06-08,2.06853164650008e-05,5021.627
".IXIC",2015-06-09,3.43217527448679e-05,5013.865
".IXIC",2015-06-10,2.21459760394288e-05,5076.689
".IXIC",2015-06-11,1.55271156253229e-05,5082.509
".IXIC",2015-06-12,2.46545321310062e-05,5051.102
".IXIC",2015-06-15,3.58182228879759e-05,5029.973
".IXIC",2015-06-16,2.82847208080994e-05,5055.553
".IXIC",2015-06-17,4.36331959476888e-05,5064.881
".IXIC",2015-06-18,2.64737253543022e-05,5132.949
".IXIC",2015-06-19,1.51220271908519e-05,5117.001
".IXIC",2015-06-22,1.81973678730417e-05,5153.972
".IXIC",2015-06-23,1.29305219024275e-05,5160.095
".IXIC",2015-06-24,1.85288571941054e-05,5122.414
".IXIC",2015-06-25,1.69964344555635e-05,5112.19
".IXIC",2015-06-26,4.20173954601533e-05,5080.505
".IXIC",2015-06-29,4.86009924604114e-05,4958.468
".IXIC",2015-06-30,4.21173074412978e-05,4986.867
".IXIC",2015-07-01,3.25014886360313e-05,5013.124
".IXIC",2015-07-02,1.68946030347584e-05,5009.214
".IXIC",2015-07-06,3.75804756071736e-05,4991.94
".IXIC",2015-07-07,0.00010748696879216,4997.459
".IXIC",2015-07-08,8.08954989842679e-05,4909.761
".IXIC",2015-07-09,3.85723704227022e-05,4922.397
".IXIC",2015-07-10,2.19548882266882e-05,4997.696
".IXIC",2015-07-13,1.93854950460897e-05,5071.512
".IXIC",2015-07-14,8.03548717212199e-06,5104.891
".IXIC",2015-07-15,1.86745874253018e-05,5098.941
".IXIC",2015-07-16,1.30904939883632e-05,5163.184
".IXIC",2015-07-17,9.52801490563543e-06,5210.143
".IXIC",2015-07-20,1.92823070496656e-05,5218.859
".IXIC",2015-07-21,2.07711683020456e-05,5208.12
".IXIC",2015-07-22,3.44940235576778e-05,5171.77
".IXIC",2015-07-23,2.91389499269856e-05,5146.409
".IXIC",2015-07-24,4.12036836481768e-05,5088.629
".IXIC",2015-07-27,6.2844084140928e-05,5039.776
".IXIC",2015-07-28,4.26839257509586e-05,5089.206
".IXIC",2015-07-29,3.0133750953905e-05,5111.733
".IXIC",2015-07-30,3.2572756826887e-05,5128.785
".IXIC",2015-07-31,2.32805995116804e-05,5128.281
".IXIC",2015-08-03,4.26608259082413e-05,5115.382
".IXIC",2015-08-04,3.72589320575102e-05,5105.546
".IXIC",2015-08-05,3.66715652024048e-05,5139.945
".IXIC",2015-08-06,6.22171474674823e-05,5056.44
".IXIC",2015-08-07,5.56195161728632e-05,5043.544
".IXIC",2015-08-10,2.59390868023324e-05,5101.799
".IXIC",2015-08-11,6.0090200173141e-05,5036.79
".IXIC",2015-08-12,9.97070493427694e-05,5044.387
".IXIC",2015-08-13,7.15939884280971e-05,5033.558
".IXIC",2015-08-14,2.39816524375218e-05,5048.235
".IXIC",2015-08-17,2.78066798248904e-05,5091.699
".IXIC",2015-08-18,2.27647574291139e-05,5059.347
".IXIC",2015-08-19,7.87342015341456e-05,5019.051
".IXIC",2015-08-20,8.46601932729471e-05,4877.487
".IXIC",2015-08-21,0.00023709756743796,4706.039
".IXIC",2015-08-24,0.00209146387804639,4526.248
".IXIC",2015-08-25,0.00037909864602964,4506.488
".IXIC",2015-08-26,0.00046751767435831,4697.537
".IXIC",2015-08-27,0.00024174053467254,4812.708
".IXIC",2015-08-28,0.00011293589945831,4828.325
".IXIC",2015-08-31,0.0001188435691656,4776.508
".IXIC",2015-09-01,0.00019545745151383,4636.105
".IXIC",2015-09-02,0.0001448980554831,4749.979
".IXIC",2015-09-03,9.19229045333633e-05,4733.497
".IXIC",2015-09-04,9.67041637669389e-05,4683.918
".IXIC",2015-09-08,6.08164164961171e-05,4811.93
".IXIC",2015-09-09,8.0388040495067e-05,4756.528
".IXIC",2015-09-10,8.97555755077246e-05,4796.251
".IXIC",2015-09-11,4.83427565203628e-05,4822.341
".IXIC",2015-09-14,3.86445298289108e-05,4805.763
".IXIC",2015-09-15,2.98680273981285e-05,4860.52
".IXIC",2015-09-16,3.53147327068911e-05,4889.239
".IXIC",2015-09-17,0.00016315648275257,4893.949
".IXIC",2015-09-18,8.28405784993369e-05,4827.228
".IXIC",2015-09-21,9.14071376806425e-05,4828.955
".IXIC",2015-09-22,8.62923518233686e-05,4756.723
".IXIC",2015-09-23,7.03749064828459e-05,4752.744
".IXIC",2015-09-24,0.0001113582428765,4734.479
".IXIC",2015-09-25,0.00012258147517135,4686.496
".IXIC",2015-09-28,0.0001755727716372,4543.969
".IXIC",2015-09-29,0.00021350375069989,4517.321
".IXIC",2015-09-30,0.00014518844411095,4620.165
".IXIC",2015-10-01,0.00017951285315798,4627.084
".IXIC",2015-10-02,0.00012207579229511,4707.775
".IXIC",2015-10-05,4.92576225918016e-05,4781.264
".IXIC",2015-10-06,7.6572908033978e-05,4748.36
".IXIC",2015-10-07,9.0278110151355e-05,4791.152
".IXIC",2015-10-08,7.98026875231866e-05,4810.788
".IXIC",2015-10-09,4.73274549171936e-05,4830.47
".IXIC",2015-10-12,3.01061390808444e-05,4838.643
".IXIC",2015-10-13,4.049849884245e-05,4796.609
".IXIC",2015-10-14,7.46627065079012e-05,4782.848
".IXIC",2015-10-15,4.97291755588667e-05,4870.1
".IXIC",2015-10-16,2.62356809434465e-05,4886.688
".IXIC",2015-10-19,5.11469231381878e-05,4905.471
".IXIC",2015-10-20,4.3436800000041e-05,4880.972
".IXIC",2015-10-21,0.00010802870698202,4840.117
".IXIC",2015-10-22,5.75218533777693e-05,4920.05
".IXIC",2015-10-23,4.36732806467329e-05,5031.864
".IXIC",2015-10-26,3.11246019727355e-05,5034.704
".IXIC",2015-10-27,3.56153359742931e-05,5030.145
".IXIC",2015-10-28,8.98577493539803e-05,5095.69
".IXIC",2015-10-29,2.72904396550329e-05,5074.274
".IXIC",2015-10-30,2.41504181769678e-05,5053.748
".IXIC",2015-11-02,1.67390677112352e-05,5126.624
".IXIC",2015-11-03,2.07969527661019e-05,5145.126
".IXIC",2015-11-04,4.3085980069548e-05,5142.479
".IXIC",2015-11-05,4.33790712859546e-05,5127.738
".IXIC",2015-11-06,4.1895734636786e-05,5147.12
".IXIC",2015-11-09,4.40327498718941e-05,5095.302
".IXIC",2015-11-10,3.79970083877766e-05,5083.244
".IXIC",2015-11-11,3.49606911999558e-05,5067.02
".IXIC",2015-11-12,4.8450291992751e-05,5005.079
".IXIC",2015-11-13,5.34572551485875e-05,4927.883
".IXIC",2015-11-16,5.03536067118819e-05,4984.617
".IXIC",2015-11-17,6.50355948263342e-05,4986.015
".IXIC",2015-11-18,3.86665865637308e-05,5075.203
".IXIC",2015-11-19,2.81213011114206e-05,5073.639
".IXIC",2015-11-20,1.808214558928e-05,5104.919
".IXIC",2015-11-23,2.26708976287041e-05,5102.478
".IXIC",2015-11-24,4.55544363430142e-05,5102.808
".IXIC",2015-11-25,1.35305928561813e-05,5116.143
".IXIC",2015-11-27,8.49100802424583e-06,5127.525
".IXIC",2015-11-30,2.66152372644571e-05,5108.666
".IXIC",2015-12-01,2.92311269124695e-05,5156.306
".IXIC",2015-12-02,3.60840183449012e-05,5123.222
".IXIC",2015-12-03,9.36602123827226e-05,5037.527
".IXIC",2015-12-04,5.81831887707074e-05,5142.271
".IXIC",2015-12-07,5.42762305134548e-05,5101.812
".IXIC",2015-12-08,8.92867205733018e-05,5098.243
".IXIC",2015-12-09,9.08821903203187e-05,5022.865
".IXIC",2015-12-10,6.54013022520286e-05,5045.172
".IXIC",2015-12-11,6.6432228420615e-05,4933.465
".IXIC",2015-12-14,0.00012672206063031,4952.228
".IXIC",2015-12-15,4.38115709686648e-05,4995.357
".IXIC",2015-12-16,7.70050293932059e-05,5071.132
".IXIC",2015-12-17,8.26012647204837e-05,5002.553
".IXIC",2015-12-18,7.53279818592318e-05,4923.082
".IXIC",2015-12-21,4.89246851942275e-05,4968.923
".IXIC",2015-12-22,3.84809616793172e-05,5001.11
".IXIC",2015-12-23,1.35293521437012e-05,5045.932
".IXIC",2015-12-24,6.68247428375918e-06,5048.492
".IXIC",2015-12-28,2.7566351962258e-05,5040.985
".IXIC",2015-12-29,1.77686294291025e-05,5107.938
".IXIC",2015-12-30,2.32753386985169e-05,5065.846
".IXIC",2015-12-31,3.50685938147698e-05,5007.411
".IXIC",2016-01-04,9.15935714245189e-05,4903.089
".IXIC",2016-01-05,7.65099507916841e-05,4891.43
".IXIC",2016-01-06,8.19138679084927e-05,4835.765
".IXIC",2016-01-07,0.00016347197112427,4689.426
".IXIC",2016-01-08,0.00014865173418469,4643.631
".IXIC",2016-01-11,0.00016897376028364,4637.989
".IXIC",2016-01-12,0.00015880067940223,4685.919
".IXIC",2016-01-13,0.00023442028138569,4526.065
".IXIC",2016-01-14,0.00026491289276543,4615.003
".IXIC",2016-01-15,0.00026292361552584,4488.417
".IXIC",2016-01-19,0.00024507311235188,4476.95
".IXIC",2016-01-20,0.00046339771598012,4471.684
".IXIC",2016-01-21,0.00034797963026657,4472.056
".IXIC",2016-01-22,7.53325426402691e-05,4591.18
".IXIC",2016-01-25,8.03880467820778e-05,4518.491
".IXIC",2016-01-26,0.00011756599674257,4567.673
".IXIC",2016-01-27,0.00018914020588316,4468.167
".IXIC",2016-01-28,0.00020772747092697,4506.676
".IXIC",2016-01-29,8.55175902734617e-05,4613.953
".IXIC",2016-02-01,0.00011251327405399,4620.367
".IXIC",2016-02-02,8.11015973209924e-05,4516.946
".IXIC",2016-02-03,0.00034095113436186,4504.238
".IXIC",2016-02-04,0.0002171943214616,4509.559
".IXIC",2016-02-05,0.00016461501049561,4363.144
".IXIC",2016-02-08,0.00027176272380936,4283.753
".IXIC",2016-02-09,0.00042894804674882,4268.763
".IXIC",2016-02-10,0.00024232444074253,4283.592
".IXIC",2016-02-11,0.00027040298315303,4266.837
".IXIC",2016-02-12,0.00010131489964998,4337.512
".IXIC",2016-02-16,6.83621482001424e-05,4435.955
".IXIC",2016-02-17,5.66175968463477e-05,4534.065
".IXIC",2016-02-18,8.29787259900507e-05,4487.537
".IXIC",2016-02-19,9.99527234568947e-05,4504.429
".IXIC",2016-02-22,3.39203085508115e-05,4570.607
".IXIC",2016-02-23,5.29975454148757e-05,4503.583
".IXIC",2016-02-24,0.00012620403991288,4542.606
".IXIC",2016-02-25,7.71912692371336e-05,4582.205
".IXIC",2016-02-26,5.31857548757165e-05,4590.473
".IXIC",2016-02-29,4.98570289997608e-05,4557.95
".IXIC",2016-03-01,5.5570395539739e-05,4689.595
".IXIC",2016-03-02,5.17312829304182e-05,4703.422
".IXIC",2016-03-03,3.17716903784997e-05,4707.423
".IXIC",2016-03-04,6.35187264307833e-05,4717.021
".IXIC",2016-03-07,7.01024015735719e-05,4708.254
".IXIC",2016-03-08,7.76994916363804e-05,4648.825
".IXIC",2016-03-09,5.56626195508063e-05,4674.379
".IXIC",2016-03-10,0.00012803331462099,4662.156
".IXIC",2016-03-11,2.1158730575303e-05,4748.466
".IXIC",2016-03-14,2.33735305257665e-05,4750.28
".IXIC",2016-03-15,2.80700011625746e-05,4728.668
".IXIC",2016-03-16,6.73245859759771e-05,4763.97
".IXIC",2016-03-17,4.07576014347874e-05,4774.985
".IXIC",2016-03-18,3.4551275020524e-05,4795.647
".IXIC",2016-03-21,3.19416030167278e-05,4808.872
".IXIC",2016-03-22,2.85640129083694e-05,4821.659
".IXIC",2016-03-23,2.59263486174628e-05,4768.861
".IXIC",2016-03-24,2.46426620271144e-05,4773.505
".IXIC",2016-03-28,3.11286344101011e-05,4766.787
".IXIC",2016-03-29,3.06510750007763e-05,4846.623
".IXIC",2016-03-30,3.47742640849638e-05,4869.294
".IXIC",2016-03-31,1.67162489991517e-05,4869.847
".IXIC",2016-04-01,3.88760595927066e-05,4914.542
".IXIC",2016-04-04,2.71357468968682e-05,4891.795
".IXIC",2016-04-05,4.60462745557026e-05,4843.932
".IXIC",2016-04-06,3.70294638380152e-05,4920.715
".IXIC",2016-04-07,6.3421200048679e-05,4848.366
".IXIC",2016-04-08,5.29459026513141e-05,4850.689
".IXIC",2016-04-11,5.51548548645017e-05,4833.399
".IXIC",2016-04-12,6.51849980173525e-05,4872.091
".IXIC",2016-04-13,3.83163699796312e-05,4947.42
".IXIC",2016-04-14,2.49212781313166e-05,4945.886
".IXIC",2016-04-15,1.07092298237069e-05,4938.216
".IXIC",2016-04-18,1.99085742466977e-05,4960.017
".IXIC",2016-04-19,3.63229299204527e-05,4940.33
".IXIC",2016-04-20,3.08476988594285e-05,4948.13
".IXIC",2016-04-21,2.829621729466e-05,4945.886
".IXIC",2016-04-22,4.98633247428021e-05,4906.228
".IXIC",2016-04-25,2.69177685011796e-05,4895.786
".IXIC",2016-04-26,3.32090396309957e-05,4888.308
".IXIC",2016-04-27,5.21251138092834e-05,4863.141
".IXIC",2016-04-28,4.66178668672349e-05,4805.291
".IXIC",2016-04-29,7.30914007483683e-05,4775.358
".IXIC",2016-05-02,4.29082052750606e-05,4817.594
".IXIC",2016-05-03,4.3393883058046e-05,4763.224
".IXIC",2016-05-04,3.4905038086855e-05,4725.639
".IXIC",2016-05-05,5.04541643784638e-05,4717.094
".IXIC",2016-05-06,5.7403126621088e-05,4736.155
".IXIC",2016-05-09,4.30690922435228e-05,4750.209
".IXIC",2016-05-10,2.10176773244493e-05,4809.88
".IXIC",2016-05-11,2.36881924626087e-05,4760.688
".IXIC",2016-05-12,6.31914551814051e-05,4737.334
".IXIC",2016-05-13,5.1597282858067e-05,4717.676
".IXIC",2016-05-16,2.12448610228003e-05,4775.459
".IXIC",2016-05-17,5.15766527657204e-05,4715.733
".IXIC",2016-05-18,8.20300830939188e-05,4739.119
".IXIC",2016-05-19,6.49247376729146e-05,4712.533
".IXIC",2016-05-20,2.70674024942385e-05,4769.558
".IXIC",2016-05-23,2.29047437878167e-05,4765.782
".IXIC",2016-05-24,1.67576622694109e-05,4861.056
".IXIC",2016-05-25,1.76405283274576e-05,4894.891
".IXIC",2016-05-26,1.3985538161965e-05,4901.766
".IXIC",2016-05-27,1.23938245432772e-05,4933.505
".IXIC",2016-05-31,2.23113234040346e-05,4948.055
".IXIC",2016-06-01,2.16512075345593e-05,4952.251
".IXIC",2016-06-02,2.05499800085903e-05,4971.363
".IXIC",2016-06-03,3.43339628637853e-05,4942.517
".IXIC",2016-06-06,1.84549327415876e-05,4968.713
".IXIC",2016-06-07,8.34902819720743e-06,4961.754
".IXIC",2016-06-08,1.26837465427612e-05,4974.642
".IXIC",2016-06-09,2.13871545119611e-05,4958.616
".IXIC",2016-06-10,2.20331472802179e-05,4894.548
".IXIC",2016-06-13,4.33014252893551e-05,4848.44
".IXIC",2016-06-14,5.14279026446856e-05,4843.551
".IXIC",2016-06-15,3.13645967815065e-05,4834.931
".IXIC",2016-06-16,5.1970041071059e-05,4844.915
".IXIC",2016-06-17,3.8651177714994e-05,4800.338
".IXIC",2016-06-20,2.69598339118601e-05,4837.214
".IXIC",2016-06-21,3.53918692146553e-05,4843.763
".IXIC",2016-06-22,4.58218636269462e-05,4833.319
".IXIC",2016-06-23,2.33637647976985e-05,4910.041
".IXIC",2016-06-24,0.00016393353505883,4707.979
".IXIC",2016-06-27,0.00010903080717997,4594.443
".IXIC",2016-06-28,5.30205104177155e-05,4691.867
".IXIC",2016-06-29,3.25368018876891e-05,4779.245
".IXIC",2016-06-30,3.68826487284327e-05,4842.672
".IXIC",2016-07-01,2.64553973476529e-05,4862.567
".IXIC",2016-07-05,3.07831202915164e-05,4822.902
".IXIC",2016-07-06,6.08364289395696e-05,4859.161
".IXIC",2016-07-07,3.51941288696882e-05,4876.807
".IXIC",2016-07-08,1.9691223972609e-05,4956.757
".IXIC",2016-07-11,1.75627051861348e-05,4988.639
".IXIC",2016-07-12,1.30205687114509e-05,5022.82
".IXIC",2016-07-13,2.24225120171197e-05,5005.727
".IXIC",2016-07-14,1.59482418861556e-05,5034.058
".IXIC",2016-07-15,1.03121150881509e-05,5029.588
".IXIC",2016-07-18,1.12208745155317e-05,5055.783
".IXIC",2016-07-19,1.23390534120092e-05,5036.373
".IXIC",2016-07-20,1.0616810454131e-05,5089.933
".IXIC",2016-07-21,1.5631256419428e-05,5073.904
".IXIC",2016-07-22,1.22646239202566e-05,5100.162
".IXIC",2016-07-25,1.1591675921871e-05,5097.628
".IXIC",2016-07-26,3.47894868558317e-05,5110.047
".IXIC",2016-07-27,2.02672517140026e-05,5139.81
".IXIC",2016-07-28,3.09739337101028e-05,5154.982
".IXIC",2016-07-29,2.05313617129922e-05,5162.131
".IXIC",2016-08-01,2.49090565286442e-05,5184.196
".IXIC",2016-08-02,3.49583045863401e-05,5137.732
".IXIC",2016-08-03,1.42575843878559e-05,5159.737
".IXIC",2016-08-04,2.00460256681563e-05,5166.248
".IXIC",2016-08-05,8.43125807594865e-06,5221.121
".IXIC",2016-08-08,9.62238964667583e-06,5213.141
".IXIC",2016-08-09,8.74387916212903e-06,5225.48
".IXIC",2016-08-10,1.6622085798e-05,5204.585
".IXIC",2016-08-11,1.15950202321322e-05,5228.399
".IXIC",2016-08-12,6.93221147360601e-06,5232.895
".IXIC",2016-08-15,5.91999100280738e-06,5262.015
".IXIC",2016-08-16,1.39526926437409e-05,5227.111
".IXIC",2016-08-17,2.50255272497541e-05,5228.657
".IXIC",2016-08-18,1.0048010404942e-05,5240.145
".IXIC",2016-08-19,1.32527172511806e-05,5238.378
".IXIC",2016-08-22,3.20094751255356e-05,5244.603
".IXIC",2016-08-23,6.31251219166806e-06,5260.078
".IXIC",2016-08-24,2.12255683147534e-05,5217.695
".IXIC",2016-08-25,2.35358729044359e-05,5212.204
".IXIC",2016-08-26,5.64838479631208e-05,5218.917
".IXIC",2016-08-29,7.49445199396025e-06,5232.328
".IXIC",2016-08-30,2.53287458790648e-05,5222.989
".IXIC",2016-08-31,1.58695347887611e-05,5213.219
".IXIC",2016-09-01,2.779944365593e-05,5227.206
".IXIC",2016-09-02,1.45634720632639e-05,5249.899
".IXIC",2016-09-06,1.40093693042747e-05,5275.908
".IXIC",2016-09-07,9.55536776563804e-06,5283.926
".IXIC",2016-09-08,1.38788057905347e-05,5259.483
".IXIC",2016-09-09,3.83760020516188e-05,5125.908
".IXIC",2016-09-12,7.4315009579685e-05,5211.888
".IXIC",2016-09-13,7.39630403369869e-05,5155.255
".IXIC",2016-09-14,5.87089412160808e-05,5173.772
".IXIC",2016-09-15,3.99478408313074e-05,5249.686
".IXIC",2016-09-16,2.23742211145166e-05,5244.567
".IXIC",2016-09-19,3.09076530485864e-05,5235.027
".IXIC",2016-09-20,1.98076644929927e-05,5241.352
".IXIC",2016-09-21,3.89636423340526e-05,5295.182
".IXIC",2016-09-22,1.64767036183906e-05,5339.523
".IXIC",2016-09-23,1.70690451260176e-05,5305.747
".IXIC",2016-09-26,1.90625343959366e-05,5257.491
".IXIC",2016-09-27,2.51888266764234e-05,5305.712
".IXIC",2016-09-28,1.9003000094509e-05,5318.548
".IXIC",2016-09-29,5.35439860532677e-05,5269.154
".IXIC",2016-09-30,1.89891191911805e-05,5312.002
".IXIC",2016-10-03,1.87407501020881e-05,5300.874
".IXIC",2016-10-04,3.71945639487559e-05,5289.657
".IXIC",2016-10-05,1.21451829710862e-05,5316.02
".IXIC",2016-10-06,2.0596411599664e-05,5306.852
".IXIC",2016-10-07,3.45356767674229e-05,5292.405
".IXIC",2016-10-10,8.49893509420914e-06,5328.674
".IXIC",2016-10-11,3.29266916221925e-05,5246.788
".IXIC",2016-10-12,2.77346965454698e-05,5239.019
".IXIC",2016-10-13,3.59279836828423e-05,5213.333
".IXIC",2016-10-14,2.77935302175851e-05,5214.161
".IXIC",2016-10-17,2.00837496856006e-05,5199.823
".IXIC",2016-10-18,1.10268765994818e-05,5243.836
".IXIC",2016-10-19,9.40280047885937e-06,5246.412
".IXIC",2016-10-20,4.51682768278995e-05,5241.833
".IXIC",2016-10-21,1.2131175929484e-05,5257.402
".IXIC",2016-10-24,8.03210345217571e-06,5309.827
".IXIC",2016-10-25,1.00862781797306e-05,5283.399
".IXIC",2016-10-26,2.17405264261913e-05,5250.268
".IXIC",2016-10-27,2.58535106281965e-05,5215.974
".IXIC",2016-10-28,5.39258769486226e-05,5190.104
".IXIC",2016-10-31,1.71500977217562e-05,5189.135
".IXIC",2016-11-01,4.15746682869698e-05,5153.577
".IXIC",2016-11-02,4.89911296227094e-05,5105.566
".IXIC",2016-11-03,2.37783510013347e-05,5058.408
".IXIC",2016-11-04,4.59456260340342e-05,5046.37
".IXIC",2016-11-07,1.75072343698716e-05,5166.173
".IXIC",2016-11-08,3.63774874286462e-05,5193.489
".IXIC",2016-11-09,0.00021300573887189,5251.072
".IXIC",2016-11-10,0.00029312647777026,5208.796
".IXIC",2016-11-11,8.5670357438886e-05,5237.114
".IXIC",2016-11-14,7.73433782557984e-05,5218.396
".IXIC",2016-11-15,3.60262927676906e-05,5275.621
".IXIC",2016-11-16,4.70266477942802e-05,5294.584
".IXIC",2016-11-17,1.69439152926691e-05,5333.973
".IXIC",2016-11-18,2.01222054865806e-05,5321.513
".IXIC",2016-11-21,1.82059823699312e-05,5368.86
".IXIC",2016-11-22,1.1264982238266e-05,5386.35
".IXIC",2016-11-23,1.41327325827158e-05,5380.678
".IXIC",2016-11-25,4.97522628978837e-06,5398.92
".IXIC",2016-11-28,1.49938930258864e-05,5368.812
".IXIC",2016-11-29,1.77554974756441e-05,5379.918
".IXIC",2016-11-30,3.22772430805652e-05,5323.681
".IXIC",2016-12-01,6.33884056944378e-05,5251.107
".IXIC",2016-12-02,4.61830094022127e-05,5255.652
".IXIC",2016-12-05,3.10670885657885e-05,5308.892
".IXIC",2016-12-06,1.48059590530348e-05,5333.001
".IXIC",2016-12-07,3.40408835420658e-05,5393.762
".IXIC",2016-12-08,2.6245366801139e-05,5417.356
".IXIC",2016-12-09,1.40185268413014e-05,5444.498
".IXIC",2016-12-12,1.72970338916717e-05,5412.54
".IXIC",2016-12-13,3.11529303975582e-05,5463.828
".IXIC",2016-12-14,6.75091565310984e-05,5436.672
".IXIC",2016-12-15,3.85269116497734e-05,5456.855
".IXIC",2016-12-16,2.9220306809644e-05,5437.162
".IXIC",2016-12-19,2.06036374309532e-05,5457.441
".IXIC",2016-12-20,1.17833114228392e-05,5483.944
".IXIC",2016-12-21,8.07245544138895e-06,5471.433
".IXIC",2016-12-22,1.52603458137236e-05,5447.422
".IXIC",2016-12-23,5.72965069701477e-06,5462.689
".IXIC",2016-12-27,2.07126658919083e-05,5487.441
".IXIC",2016-12-28,2.12877092595113e-05,5438.555
".IXIC",2016-12-29,1.83056125539908e-05,5432.088
".IXIC",2016-12-30,4.33015054410821e-05,5383.117
".IXIC",2017-01-03,4.73077270436747e-05,5429.084
".IXIC",2017-01-04,2.06994322697189e-05,5477.005
".IXIC",2017-01-05,2.30388965408675e-05,5487.935
".IXIC",2017-01-06,2.0426805006798e-05,5521.055
".IXIC",2017-01-09,1.19835336824235e-05,5531.818
".IXIC",2017-01-10,1.77334524010909e-05,5551.819
".IXIC",2017-01-11,3.67300043768357e-05,5563.65
".IXIC",2017-01-12,3.03264102365151e-05,5547.487
".IXIC",2017-01-13,1.01875039623655e-05,5574.116
".IXIC",2017-01-17,1.96624383693561e-05,5538.727
".IXIC",2017-01-18,1.6094952104708e-05,5555.654
".IXIC",2017-01-19,1.73943094155239e-05,5540.081
".IXIC",2017-01-20,2.48048289848209e-05,5555.334
".IXIC",2017-01-23,2.43781450196849e-05,5552.943
".IXIC",2017-01-24,9.75047258096838e-06,5600.957
".IXIC",2017-01-25,8.83230612122868e-06,5656.339
".IXIC",2017-01-26,9.27341895452258e-06,5655.176
".IXIC",2017-01-27,7.98282008868601e-06,5660.782
".IXIC",2017-01-30,3.10654486950068e-05,5613.712
".IXIC",2017-01-31,2.07691577186972e-05,5614.786
".IXIC",2017-02-01,1.90798811833198e-05,5642.651
".IXIC",2017-02-02,2.5428298831015e-05,5636.197
".IXIC",2017-02-03,7.92372926880376e-06,5666.766
".IXIC",2017-02-06,8.53400707416971e-06,5663.552
".IXIC",2017-02-07,9.25861069124511e-06,5674.217
".IXIC",2017-02-08,1.39183466427754e-05,5682.454
".IXIC",2017-02-09,6.73620481668388e-06,5715.18
".IXIC",2017-02-10,7.68304488428666e-06,5734.127
".IXIC",2017-02-13,5.68373903587777e-06,5763.956
".IXIC",2017-02-14,1.02336343423503e-05,5782.572
".IXIC",2017-02-15,8.84540524415004e-06,5819.44
".IXIC",2017-02-16,2.22299512991446e-05,5814.9
".IXIC",2017-02-17,8.3870638247546e-06,5838.578
".IXIC",2017-02-21,7.43767865942212e-06,5865.949
".IXIC",2017-02-22,7.91560502087354e-06,5860.626
".IXIC",2017-02-23,1.81859789421944e-05,5835.507
".IXIC",2017-02-24,1.54273864645841e-05,5845.306
".IXIC",2017-02-27,8.92512753114731e-06,5861.899
".IXIC",2017-02-28,1.10013088130812e-05,5825.438
".IXIC",2017-03-01,1.46531098866616e-05,5904.03
".IXIC",2017-03-02,1.25436154396729e-05,5861.222
".IXIC",2017-03-03,1.42365042007309e-05,5870.753
".IXIC",2017-03-06,1.05185838102399e-05,5849.175
".IXIC",2017-03-07,1.66475062852572e-05,5833.929
".IXIC",2017-03-08,1.51051171124901e-05,5837.552
".IXIC",2017-03-09,1.58059666601842e-05,5838.807
".IXIC",2017-03-10,1.48691201583629e-05,5861.725
".IXIC",2017-03-13,5.86081847282293e-06,5875.784
".IXIC",2017-03-14,1.29708564062312e-05,5856.816
".IXIC",2017-03-15,1.93757012875137e-05,5900.047
".IXIC",2017-03-16,9.5964009091365e-06,5900.76
".IXIC",2017-03-17,6.3513259822317e-06,5900.996
".IXIC",2017-03-20,1.0742963700954e-05,5901.529
".IXIC",2017-03-21,5.76209612848332e-05,5793.825
".IXIC",2017-03-22,3.77049253631298e-05,5821.641
".IXIC",2017-03-23,2.5103833962392e-05,5817.693
".IXIC",2017-03-24,2.99969843272449e-05,5828.738
".IXIC",2017-03-27,2.55550128894129e-05,5840.374
".IXIC",2017-03-28,2.12880738726361e-05,5875.14
".IXIC",2017-03-29,1.0168693390952e-05,5897.547
".IXIC",2017-03-30,9.95445454859207e-06,5914.344
".IXIC",2017-03-31,1.02819135509608e-05,5911.738
".IXIC",2017-04-03,2.78964241335696e-05,5894.682
".IXIC",2017-04-04,1.7297879336306e-05,5898.608
".IXIC",2017-04-05,4.87138122750438e-05,5864.477
".IXIC",2017-04-06,3.46305313970971e-05,5878.95
".IXIC",2017-04-07,2.15969440988906e-05,5877.812
".IXIC",2017-04-10,2.54634600019966e-05,5880.926
".IXIC",2017-04-11,4.68406122765233e-05,5866.772
".IXIC",2017-04-12,2.57432338601836e-05,5836.16
".IXIC",2017-04-13,2.38171426861089e-05,5805.15
".IXIC",2017-04-17,1.23410799059367e-05,5856.788
".IXIC",2017-04-18,2.24311841349904e-05,5849.471
".IXIC",2017-04-19,1.27295684986837e-05,5863.034
".IXIC",2017-04-20,1.26250196919666e-05,5916.777
".IXIC",2017-04-21,1.54847693692958e-05,5910.522
".IXIC",2017-04-24,6.4163473932835e-06,5983.819
".IXIC",2017-04-25,5.91841301574449e-06,6025.492
".IXIC",2017-04-26,1.98832688071729e-05,6025.225
".IXIC",2017-04-27,8.68542009825805e-06,6048.937
".IXIC",2017-04-28,8.94366407418431e-06,6047.606
".IXIC",2017-05-01,7.35950440787236e-06,6091.602
".IXIC",2017-05-02,7.7101837427629e-06,6095.366
".IXIC",2017-05-03,1.19049766894233e-05,6072.55
".IXIC",2017-05-04,1.32715054223612e-05,6075.337
".IXIC",2017-05-05,6.93191442633647e-06,6100.758
".IXIC",2017-05-08,1.09379539957849e-05,6102.66
".IXIC",2017-05-09,1.04023687671007e-05,6120.587
".IXIC",2017-05-10,8.44533354356547e-06,6129.143
".IXIC",2017-05-11,1.24954416500038e-05,6115.964
".IXIC",2017-05-12,6.91377803912856e-06,6121.232
".IXIC",2017-05-15,7.9670134819035e-06,6149.674
".IXIC",2017-05-16,8.46690334385349e-06,6169.87
".IXIC",2017-05-17,5.64212940295788e-05,6011.236
".IXIC",2017-05-18,5.69972593795497e-05,6055.13
".IXIC",2017-05-19,1.38283405348693e-05,6083.703
".IXIC",2017-05-22,9.59754592459333e-06,6133.618
".IXIC",2017-05-23,1.30849545633158e-05,6138.712
".IXIC",2017-05-24,9.89269337911221e-06,6163.024
".IXIC",2017-05-25,9.77250762454762e-06,6205.257
".IXIC",2017-05-26,5.33704334467154e-06,6210.194
".IXIC",2017-05-30,5.20050067650988e-06,6203.189
".IXIC",2017-05-31,2.88332513008548e-05,6198.517
".IXIC",2017-06-01,1.47168773007916e-05,6246.83
".IXIC",2017-06-02,1.03709346889894e-05,6305.796
".IXIC",2017-06-05,9.17792898286973e-06,6295.684
".IXIC",2017-06-06,1.40964519498416e-05,6275.058
".IXIC",2017-06-07,1.65589517576004e-05,6297.38
".IXIC",2017-06-08,2.3024804807456e-05,6321.764
".IXIC",2017-06-09,0.00016177843134816,6207.918
".IXIC",2017-06-12,8.75287208099788e-05,6175.465
".IXIC",2017-06-13,3.40871859488088e-05,6220.369
".IXIC",2017-06-14,6.0642422239298e-05,6194.892
".IXIC",2017-06-15,4.15052021113328e-05,6165.501
".IXIC",2017-06-16,3.02124505943806e-05,6151.758
".IXIC",2017-06-19,1.87814526426608e-05,6239.013
".IXIC",2017-06-20,2.50194804983581e-05,6188.031
".IXIC",2017-06-21,2.04718577341302e-05,6233.953
".IXIC",2017-06-22,1.34909144040047e-05,6236.685
".IXIC",2017-06-23,1.62991709200501e-05,6265.25
".IXIC",2017-06-26,4.12770190944175e-05,6247.149
".IXIC",2017-06-27,4.53266467464315e-05,6146.623
".IXIC",2017-06-28,4.81699618640496e-05,6234.414
".IXIC",2017-06-29,7.87418585591401e-05,6144.351
".IXIC",2017-06-30,3.58425232717958e-05,6140.42
".IXIC",2017-07-03,2.67820997048595e-05,6110.06
".IXIC",2017-07-05,3.55402145286117e-05,6150.855
".IXIC",2017-07-06,3.74957137695163e-05,6089.464
".IXIC",2017-07-07,2.15271883684666e-05,6153.079
".IXIC",2017-07-10,2.02697346484739e-05,6176.393
".IXIC",2017-07-11,3.22539350506978e-05,6193.305
".IXIC",2017-07-12,1.1657352402671e-05,6261.171
".IXIC",2017-07-13,1.65844068639654e-05,6274.437
".IXIC",2017-07-14,6.68855622478535e-06,6312.465
".IXIC",2017-07-17,8.68545529626403e-06,6314.431
".IXIC",2017-07-18,2.05715270773804e-05,6344.305
".IXIC",2017-07-19,1.1093157021117e-05,6385.042
".IXIC",2017-07-20,1.63056411210892e-05,6390.002
".IXIC",2017-07-21,1.11040895529113e-05,6387.754
".IXIC",2017-07-24,6.04252563794967e-06,6410.808
".IXIC",2017-07-25,9.9788017755921e-06,6412.174
".IXIC",2017-07-26,7.3471356417401e-06,6422.747
".IXIC",2017-07-27,0.00010253150610626,6382.186
".IXIC",2017-07-28,2.3732174881823e-05,6374.677
".IXIC",2017-07-31,2.52598988380471e-05,6348.123
".IXIC",2017-08-01,1.39748931164876e-05,6362.938
".IXIC",2017-08-02,4.64103442394636e-05,6362.645
".IXIC",2017-08-03,2.26005320429441e-05,6340.341
".IXIC",2017-08-04,2.22072888151725e-05,6351.564
".IXIC",2017-08-07,7.28225262210582e-06,6383.772
".IXIC",2017-08-08,2.59150336865195e-05,6370.46
".IXIC",2017-08-09,2.82367564349203e-05,6352.332
".IXIC",2017-08-10,5.38029843563397e-05,6216.872
".IXIC",2017-08-11,3.58845304767719e-05,6256.555
".IXIC",2017-08-14,1.35613313926739e-05,6340.232
".IXIC",2017-08-15,1.48460914139086e-05,6333.013
".IXIC",2017-08-16,2.02285751102498e-05,6345.109
".IXIC",2017-08-17,5.87720288464947e-05,6221.914
".IXIC",2017-08-18,4.30911052964284e-05,6216.527
".IXIC",2017-08-21,2.67923391629995e-05,6213.127
".IXIC",2017-08-22,1.31875684467164e-05,6297.478
".IXIC",2017-08-23,1.87836117774294e-05,6278.406
".IXIC",2017-08-24,3.75653555949644e-05,6271.326
".IXIC",2017-08-25,2.5894334274788e-05,6265.643
".IXIC",2017-08-28,1.55856777174179e-05,6283.015
".IXIC",2017-08-29,2.48959734219958e-05,6301.886
".IXIC",2017-08-30,1.5946342619099e-05,6368.309
".IXIC",2017-08-31,9.31529929145418e-06,6428.662
".IXIC",2017-09-01,1.55618957856755e-05,6435.331
".IXIC",2017-09-05,5.33940194528499e-05,6375.574
".IXIC",2017-09-06,2.43817369292215e-05,6393.314
".IXIC",2017-09-07,2.13842546178453e-05,6397.869
".IXIC",2017-09-08,1.31999296334891e-05,6360.192
".IXIC",2017-09-11,1.13042984756499e-05,6432.264
".IXIC",2017-09-12,9.7683598460776e-06,6454.282
".IXIC",2017-09-13,1.06402296302299e-05,6460.188
".IXIC",2017-09-14,1.00161885987606e-05,6429.084
".IXIC",2017-09-15,1.07375581820447e-05,6448.467
".IXIC",2017-09-18,1.459979065447e-05,6454.639
".IXIC",2017-09-19,1.57827009413831e-05,6461.323
".IXIC",2017-09-20,2.95669546024279e-05,6456.044
".IXIC",2017-09-21,2.16881579688029e-05,6422.693
".IXIC",2017-09-22,1.35148218385827e-05,6426.922
".IXIC",2017-09-25,3.30226050504881e-05,6370.593
".IXIC",2017-09-26,2.11656112114018e-05,6380.164
".IXIC",2017-09-27,2.46499468530442e-05,6453.263
".IXIC",2017-09-28,1.74843270992979e-05,6453.451
".IXIC",2017-09-29,1.4650605638611e-05,6495.959
".IXIC",2017-10-02,1.79465161813464e-05,6516.718
".IXIC",2017-10-03,1.3798655627342e-05,6531.714
".IXIC",2017-10-04,1.22732076647558e-05,6534.627
".IXIC",2017-10-05,1.17564206582323e-05,6585.356
".IXIC",2017-10-06,1.10750542100699e-05,6590.18
".IXIC",2017-10-09,6.84799311782684e-06,6579.731
".IXIC",2017-10-10,1.29029936946832e-05,6587.252
".IXIC",2017-10-11,7.99631920634893e-06,6603.548
".IXIC",2017-10-12,9.46180842561858e-06,6591.51
".IXIC",2017-10-13,5.20457728182724e-06,6605.801
".IXIC",2017-10-16,5.71921029028287e-06,6624.005
".IXIC",2017-10-17,4.37521650209436e-06,6623.657
".IXIC",2017-10-18,5.04606144229057e-06,6624.22
".IXIC",2017-10-19,1.37554310774555e-05,6605.067
".IXIC",2017-10-20,4.55423455120318e-06,6629.053
".IXIC",2017-10-23,1.19267323618894e-05,6586.826
".IXIC",2017-10-24,9.2431820309736e-06,6598.43
".IXIC",2017-10-25,4.05438148214054e-05,6563.891
".IXIC",2017-10-26,1.56894341879289e-05,6556.774
".IXIC",2017-10-27,2.16406722550171e-05,6701.263
".IXIC",2017-10-30,2.37197613168678e-05,6698.963
".IXIC",2017-10-31,8.12194721477091e-06,6727.669
".IXIC",2017-11-01,2.20521116119583e-05,6716.533
".IXIC",2017-11-02,3.5805761231191e-05,6714.943
".IXIC",2017-11-03,1.4724892976654e-05,6764.435
".IXIC",2017-11-06,1.11589531221553e-05,6786.436
".IXIC",2017-11-07,1.77690320481443e-05,6767.783
".IXIC",2017-11-08,9.01051141203506e-06,6789.118
".IXIC",2017-11-09,4.95056717558555e-05,6750.053
".IXIC",2017-11-10,1.16288329471384e-05,6750.939
".IXIC",2017-11-13,9.62377165868434e-06,6757.595
".IXIC",2017-11-14,3.04642808219371e-05,6737.872
".IXIC",2017-11-15,3.46029764532415e-05,6706.208
".IXIC",2017-11-16,1.07890735476921e-05,6793.291
".IXIC",2017-11-17,8.71504134804385e-06,6782.791
".IXIC",2017-11-20,8.02598836157459e-06,6790.714
".IXIC",2017-11-21,8.43290394502161e-06,6862.477
".IXIC",2017-11-22,7.38299083058719e-06,6867.361
".IXIC",2017-11-24,3.09537417122769e-06,6889.16
".IXIC",2017-11-27,9.80568142231188e-06,6878.521
".IXIC",2017-11-28,1.65771892923341e-05,6912.358
".IXIC",2017-11-29,7.36940042884794e-05,6824.342
".IXIC",2017-11-30,4.05887494133254e-05,6873.973
".IXIC",2017-12-01,0.00013939107143597,6847.586
".IXIC",2017-12-04,6.90205486562107e-05,6775.366
".IXIC",2017-12-05,5.09583418458518e-05,6762.213
".IXIC",2017-12-06,3.86797065799779e-05,6776.375
".IXIC",2017-12-07,2.65375403837982e-05,6812.841
".IXIC",2017-12-08,1.65818387415166e-05,6840.081
".IXIC",2017-12-11,1.10522165765416e-05,6875.078
".IXIC",2017-12-12,1.17655618815974e-05,6862.317
".IXIC",2017-12-13,1.82727272854566e-05,6875.799
".IXIC",2017-12-14,2.16381191912356e-05,6856.526
".IXIC",2017-12-15,1.17000066713726e-05,6936.583
".IXIC",2017-12-18,7.78202028193709e-06,6994.759
".IXIC",2017-12-19,1.556663067831e-05,6963.851
".IXIC",2017-12-20,2.75536079728222e-05,6960.959
".IXIC",2017-12-21,1.40966337623192e-05,6965.361
".IXIC",2017-12-22,7.22551601387583e-06,6959.96
".IXIC",2017-12-26,7.3796033896228e-06,6936.249
".IXIC",2017-12-27,4.86698171751589e-06,6939.336
".IXIC",2017-12-28,2.66477415259828e-06,6950.16
".IXIC",2017-12-29,9.59176638511007e-06,6903.389
".IXIC",2018-01-02,1.96763746926806e-05,7006.898
".IXIC",2018-01-03,9.81394430836932e-06,7065.531
".IXIC",2018-01-04,1.27426250041516e-05,7077.915
".IXIC",2018-01-05,8.04657420954937e-06,7136.558
".IXIC",2018-01-08,1.14006281543941e-05,7157.386
".IXIC",2018-01-09,1.83455792052141e-05,7163.578
".IXIC",2018-01-10,2.55632400633727e-05,7153.572
".IXIC",2018-01-11,9.73135969625932e-06,7211.777
".IXIC",2018-01-12,1.29884541205321e-05,7261.062
".IXIC",2018-01-16,4.20352056532017e-05,7223.685
".IXIC",2018-01-17,2.38215965910722e-05,7298.279
".IXIC",2018-01-18,2.7699763706925e-05,7296.047
".IXIC",2018-01-19,1.74605818424649e-05,7336.38
".IXIC",2018-01-22,1.49395135971902e-05,7408.032
".IXIC",2018-01-23,1.56358401539412e-05,7460.289
".IXIC",2018-01-24,6.64978761834195e-05,7415.059
".IXIC",2018-01-25,4.50022621162221e-05,7411.164
".IXIC",2018-01-26,1.25825415478947e-05,7505.772
".IXIC",2018-01-29,2.87872172960237e-05,7466.505
".IXIC",2018-01-30,4.93878079899638e-05,7402.482
".IXIC",2018-01-31,3.45014408736538e-05,7411.482
".IXIC",2018-02-01,4.7971561709341e-05,7385.863
".IXIC",2018-02-02,9.82368275280762e-05,7240.946
".IXIC",2018-02-05,0.00043437534033338,6967.526
".IXIC",2018-02-06,0.00077953981442642,7115.882
".IXIC",2018-02-07,0.00019107277047658,7051.984
".IXIC",2018-02-08,0.00037189269979612,6777.159
".IXIC",2018-02-09,0.00080162202562379,6874.491
".IXIC",2018-02-12,0.00014977966910805,6981.964
".IXIC",2018-02-13,6.57719626962939e-05,7013.51
".IXIC",2018-02-14,0.00011748244268541,7143.615
".IXIC",2018-02-15,9.29630627428973e-05,7256.43
".IXIC",2018-02-16,7.79686711450941e-05,7239.465
".IXIC",2018-02-20,8.48508581805035e-05,7234.308
".IXIC",2018-02-21,8.76333509294037e-05,7218.228
".IXIC",2018-02-22,8.14333024021271e-05,7210.086
".IXIC",2018-02-23,3.17305493488596e-05,7337.39
".IXIC",2018-02-26,2.61616551681984e-05,7421.464
".IXIC",2018-02-27,7.36517590179122e-05,7330.354
".IXIC",2018-02-28,8.1401779603277e-05,7273.009
".IXIC",2018-03-01,0.00027522188474097,7180.561
".IXIC",2018-03-02,0.0001404509300956,7257.866
".IXIC",2018-03-06,5.35437852672922e-05,7372.007
".IXIC",2018-03-07,6.15768154473073e-05,7396.649
".IXIC",2018-03-08,4.04715778364742e-05,7427.946
".IXIC",2018-03-09,1.26321081563968e-05,7560.81
".IXIC",2018-03-12,2.91338391368541e-05,7588.325
".IXIC",2018-03-13,6.54897253896399e-05,7511.012
".IXIC",2018-03-14,7.11080510167953e-05,7496.811
".IXIC",2018-03-15,3.78415020702477e-05,7481.741
".IXIC",2018-03-16,2.40010787038458e-05,7481.988
".IXIC",2018-03-19,8.9894023856995e-05,7344.244
".IXIC",2018-03-20,3.79966597470114e-05,7364.302
".IXIC",2018-03-21,6.21933256435541e-05,7345.285
".IXIC",2018-03-22,0.00012442884993495,7166.677
".IXIC",2018-03-23,0.00016419857110881,6992.666
".IXIC",2018-03-26,0.00014616729779169,7220.543
".IXIC",2018-03-27,0.00019689770197649,7008.806
".IXIC",2018-03-28,0.00053007560926261,6949.226
".IXIC",2018-03-29,0.00012701969084784,7063.445
".IXIC",2018-04-02,0.00023803540469801,6870.119
".IXIC",2018-04-03,0.00024302807005332,6941.282
".IXIC",2018-04-04,0.00017899640326909,7042.107
".IXIC",2018-04-05,0.00010342157826421,7076.552
".IXIC",2018-04-06,0.00016007223866321,6915.111
".IXIC",2018-04-09,8.35867094724697e-05,6950.344
".IXIC",2018-04-10,0.00012157886746954,7094.301
".IXIC",2018-04-11,8.12509429897058e-05,7069.026
".IXIC",2018-04-12,5.44827531379099e-05,7140.248
".IXIC",2018-04-13,6.06384139866601e-05,7106.65
".IXIC",2018-04-16,4.35872890928302e-05,7156.285
".IXIC",2018-04-17,2.39742109309149e-05,7281.099
".IXIC",2018-04-18,2.77382968999613e-05,7295.236
".IXIC",2018-04-19,5.40066300427923e-05,7238.056
".IXIC",2018-04-20,6.49065798849509e-05,7146.126
".IXIC",2018-04-23,5.56573812239582e-05,7128.601
".IXIC",2018-04-24,0.00018743926005704,7007.352
".IXIC",2018-04-25,0.00015885586342364,7003.737
".IXIC",2018-04-26,4.82028082751964e-05,7118.677
".IXIC",2018-04-27,8.25359451491486e-05,7119.799
".IXIC",2018-04-30,6.67468397182256e-05,7066.266
".IXIC",2018-05-01,5.9948953602092e-05,7130.704
".IXIC",2018-05-02,6.79748527622098e-05,7100.897
".IXIC",2018-05-03,0.00010367728643135,7088.151
".IXIC",2018-05-04,4.74501959423445e-05,7209.617
".IXIC",2018-05-07,3.29135874827343e-05,7265.213
".IXIC",2018-05-08,5.01357996117835e-05,7266.902
".IXIC",2018-05-09,3.14241212982944e-05,7339.905
".IXIC",2018-05-10,2.10627038808554e-05,7404.975
".IXIC",2018-05-11,2.33912321352201e-05,7402.883
".IXIC",2018-05-14,1.80075429963324e-05,7411.315
".IXIC",2018-05-15,3.99889452504803e-05,7351.627
".IXIC",2018-05-16,2.37229790572988e-05,7398.295
".IXIC",2018-05-17,2.96610338753065e-05,7382.473
".IXIC",2018-05-18,2.43654210291687e-05,7354.339
".IXIC",2018-05-21,3.0930886487499e-05,7394.036
".IXIC",2018-05-22,2.01376168937933e-05,7378.455
".IXIC",2018-05-23,4.02315121674918e-05,7425.955
".IXIC",2018-05-24,4.17819677104055e-05,7424.429
".IXIC",2018-05-25,1.6739937723788e-05,7433.854
".IXIC",2018-05-29,5.55146042546212e-05,7396.594
".IXIC",2018-05-30,1.90063148930787e-05,7462.453
".IXIC",2018-05-31,4.59322934421222e-05,7442.117
".IXIC",2018-06-01,1.51374446288642e-05,7554.332
".IXIC",2018-06-04,1.82210612908669e-05,7606.46
".IXIC",2018-06-05,2.29439761676062e-05,7637.863
".IXIC",2018-06-06,2.33143663717759e-05,7689.243
".IXIC",2018-06-07,3.91540245232393e-05,7635.07
".IXIC",2018-06-08,1.80376018541497e-05,7645.511
".IXIC",2018-06-11,1.12853830403388e-05,7659.925
".IXIC",2018-06-12,1.76409750335746e-05,7703.794
".IXIC",2018-06-13,3.31752021777566e-05,7695.699
".IXIC",2018-06-14,1.99117103723659e-05,7761.042
".IXIC",2018-06-15,1.9965256474647e-05,7746.378
".IXIC",2018-06-18,2.4164471497358e-05,7747.025
".IXIC",2018-06-19,4.61444085451024e-05,7725.585
".IXIC",2018-06-20,1.29638488846675e-05,7781.515
".IXIC",2018-06-21,6.37486988728092e-05,7712.952
".IXIC",2018-06-22,3.11649055729968e-05,7692.817
".IXIC",2018-06-25,0.00010635289458248,7532.006
".IXIC",2018-06-26,5.05616390511615e-05,7561.627
".IXIC",2018-06-27,9.05604966454164e-05,7445.085
".IXIC",2018-06-28,7.59378941040997e-05,7503.683
".IXIC",2018-06-29,2.98158414014326e-05,7510.304
".IXIC",2018-07-02,4.16267660352653e-05,7567.687
".IXIC",2018-07-03,3.14931558765089e-05,7502.674
".IXIC",2018-07-05,3.25438750067788e-05,7586.427
".IXIC",2018-07-06,2.17487476257521e-05,7688.387
".IXIC",2018-07-09,1.6195816043432e-05,7756.201
".IXIC",2018-07-10,1.86466039666416e-05,7759.198
".IXIC",2018-07-11,3.08957212157232e-05,7716.611
".IXIC",2018-07-12,1.75221821637235e-05,7823.916
".IXIC",2018-07-13,1.48284840639999e-05,7825.976
".IXIC",2018-07-17,2.13326298584013e-05,7855.118
".IXIC",2018-07-18,1.31084199252006e-05,7854.444
".IXIC",2018-07-19,2.6842821367886e-05,7825.296
".IXIC",2018-07-20,1.38274043782557e-05,7820.198
".IXIC",2018-07-23,2.51731891485426e-05,7841.873
".IXIC",2018-07-24,4.14882711705931e-05,7840.768
".IXIC",2018-07-25,3.0016900030065e-05,7932.239
".IXIC",2018-07-26,1.92919546828916e-05,7852.185
".IXIC",2018-07-27,6.2482047138615e-05,7737.419
".IXIC",2018-07-30,9.11045147871675e-05,7630.004
".IXIC",2018-07-31,4.77802409127663e-05,7671.789
".IXIC",2018-08-01,2.92252749483221e-05,7707.286
".IXIC",2018-08-02,3.33803595347271e-05,7802.685
".IXIC",2018-08-03,2.26148569330269e-05,7812.015
".IXIC",2018-08-06,1.41807583802191e-05,7859.678
".IXIC",2018-08-07,2.62009995078428e-05,7883.664
".IXIC",2018-08-08,1.76790816844503e-05,7888.326
".IXIC",2018-08-09,1.61982411035034e-05,7891.782
".IXIC",2018-08-10,3.20777856587297e-05,7839.11
".IXIC",2018-08-13,3.18856072165282e-05,7819.706
".IXIC",2018-08-14,2.13492334294565e-05,7870.894
".IXIC",2018-08-15,7.18405015039805e-05,7774.118
".IXIC",2018-08-16,1.77099836898502e-05,7806.524
".IXIC",2018-08-17,3.75966105285671e-05,7816.33
".IXIC",2018-08-20,2.62059739264595e-05,7821.006
".IXIC",2018-08-21,1.84760500736333e-05,7859.173
".IXIC",2018-08-22,2.14015719909826e-05,7889.097
".IXIC",2018-08-23,2.42049377541927e-05,7878.458
".IXIC",2018-08-24,1.52203119461463e-05,7945.975
".IXIC",2018-08-27,1.44147166593677e-05,8017.895
".IXIC",2018-08-28,1.54096483046961e-05,8030.038
".IXIC",2018-08-29,1.03326559578796e-05,8109.687
".IXIC",2018-08-30,3.2573164013269e-05,8088.363
".IXIC",2018-08-31,2.10923072758594e-05,8109.537
".IXIC",2018-09-04,4.45398935749224e-05,8091.246
".IXIC",2018-09-05,6.43652136589855e-05,7995.173
".IXIC",2018-09-06,7.76325432906304e-05,7922.726
".IXIC",2018-09-07,6.92305423860702e-05,7902.541
".IXIC",2018-09-10,2.83616690141149e-05,7924.16
".IXIC",2018-09-11,3.82536745737065e-05,7972.474
".IXIC",2018-09-12,6.56161495944033e-05,7954.229
".IXIC",2018-09-13,2.98846145079159e-05,8013.71
".IXIC",2018-09-14,2.95440297054137e-05,8010.044
".IXIC",2018-09-17,3.5333478140609e-05,7895.792
".IXIC",2018-09-18,3.78664905878437e-05,7956.107
".IXIC",2018-09-19,4.03715900320527e-05,7950.038
".IXIC",2018-09-20,2.29388722739005e-05,8028.232
".IXIC",2018-09-21,1.8472520923675e-05,7986.955
".IXIC",2018-09-24,4.21625182908624e-05,7993.248
".IXIC",2018-09-25,1.84624010739752e-05,8007.471
".IXIC",2018-09-26,3.61017005102769e-05,7990.366
".IXIC",2018-09-27,1.55178073144749e-05,8041.968
".IXIC",2018-09-28,2.19358196934282e-05,8046.353
".IXIC",2018-10-01,1.60831823979165e-05,8037.302
".IXIC",2018-10-02,3.21250147050969e-05,7999.547
".IXIC",2018-10-03,2.2683055845591e-05,8025.085
".IXIC",2018-10-04,6.41412157167398e-05,7879.51
".IXIC",2018-10-05,0.00011156272276662,7788.447
".IXIC",2018-10-08,0.00011411515100009,7735.949
".IXIC",2018-10-09,9.7209005711552e-05,7738.016
".IXIC",2018-10-10,0.00019232673909104,7422.05
".IXIC",2018-10-11,0.00053275642350618,7329.061
".IXIC",2018-10-12,0.00022937813655806,7496.894
".IXIC",2018-10-15,0.00013146232504638,7430.744
".IXIC",2018-10-16,6.33677747333016e-05,7645.489
".IXIC",2018-10-17,0.00016803313564002,7642.703
".IXIC",2018-10-18,0.00014148742153102,7485.139
".IXIC",2018-10-19,0.0001306706954673,7449.026
".IXIC",2018-10-23,0.00016465419011689,7437.539
".IXIC",2018-10-24,0.00020373261442238,7108.401
".IXIC",2018-10-25,0.0001573027570807,7318.336
".IXIC",2018-10-26,0.00039068373001712,7167.212
".IXIC",2018-10-29,0.00040722922367699,7050.292
".IXIC",2018-10-30,0.0004240641818651,7161.65
".IXIC",2018-10-31,0.00013625049406307,7305.899
".IXIC",2018-11-01,0.00012604981850999,7434.057
".IXIC",2018-11-02,0.00022198245810962,7356.994
".IXIC",2018-11-05,8.88078047409995e-05,7328.851
".IXIC",2018-11-06,9.45066694985145e-05,7375.964
".IXIC",2018-11-07,5.81556501722174e-05,7570.754
".IXIC",2018-11-08,7.62017461689813e-05,7530.885
".IXIC",2018-11-09,7.58581979612413e-05,7406.902
".IXIC",2018-11-12,0.00016425300363242,7200.869
".IXIC",2018-11-13,0.00024238964867075,7200.875
".IXIC",2018-11-14,0.00019110457477213,7136.393
".IXIC",2018-11-15,0.00020254775942527,7259.032
".IXIC",2018-11-16,0.00013321636344646,7247.873
".IXIC",2018-11-19,0.00016984871639138,7028.477
".IXIC",2018-11-20,0.00039388354922524,6908.823
".IXIC",2018-11-21,8.56508398456122e-05,6972.251
".IXIC",2018-11-23,5.81785796466799e-05,6938.984
".IXIC",2018-11-26,6.94617760553635e-05,7081.853
".IXIC",2018-11-27,0.00010642160677801,7082.7
".IXIC",2018-11-28,0.00012241302516687,7291.592
".IXIC",2018-11-29,5.93891337561508e-05,7273.082
".IXIC",2018-11-30,4.97967950004049e-05,7330.536
".IXIC",2018-12-03,8.88927296095906e-05,7441.512
".IXIC",2018-12-04,0.0002017287110746,7158.426
".IXIC",2018-12-06,0.00028530985583271,7188.259
".IXIC",2018-12-07,0.00028560546689722,6969.252
".IXIC",2018-12-10,0.00034954066444832,7020.52
".IXIC",2018-12-11,0.00018669422197256,7031.831
".IXIC",2018-12-12,9.53338078320586e-05,7098.312
".IXIC",2018-12-13,0.00014839209503312,7070.334
".IXIC",2018-12-14,0.00011534779608727,6910.665
".IXIC",2018-12-17,0.00021172600131304,6753.733
".IXIC",2018-12-18,0.00019906528240473,6783.911
".IXIC",2018-12-19,0.00073622663567535,6636.827
".IXIC",2018-12-20,0.00045041874053244,6528.407
".IXIC",2018-12-21,0.0003905134599346,6332.995
".IXIC",2018-12-26,0.00037518602653172,6554.355
".IXIC",2018-12-27,0.00045654194292451,6579.492
".IXIC",2018-12-28,0.000263329395385,6584.522
".IXIC",2018-12-31,0.00012902854030283,6635.277
".IXIC",2019-01-02,0.00018270142974859,6665.938
".IXIC",2019-01-03,0.00025593164037421,6463.504
".IXIC",2019-01-04,0.00018231042754611,6738.857
".IXIC",2019-01-07,9.80319414563094e-05,6823.471
".IXIC",2019-01-08,0.00012267339674924,6896.998
".IXIC",2019-01-09,9.20014095619194e-05,6957.076
".IXIC",2019-01-10,7.45698478281992e-05,6986.068
".IXIC",2019-01-11,4.3340589308022e-05,6971.476
".IXIC",2019-01-14,4.58222070279769e-05,6905.915
".IXIC",2019-01-15,7.19467240646359e-05,7023.834
".IXIC",2019-01-16,5.14702892782292e-05,7034.693
".IXIC",2019-01-17,7.4518273759908e-05,7084.463
".IXIC",2019-01-18,4.89933321207556e-05,7157.228
".IXIC",2019-01-22,9.43717729964986e-05,7020.356
".IXIC",2019-01-23,7.42146057780933e-05,7025.767
".IXIC",2019-01-24,5.05270488693317e-05,7073.462
".IXIC",2019-01-25,3.17164553233946e-05,7164.864
".IXIC",2019-01-28,6.35225459104757e-05,7085.685
".IXIC",2019-01-29,5.46854327690802e-05,7028.29
".IXIC",2019-01-30,5.78798252990415e-05,7183.079
".IXIC",2019-01-31,4.30014055969104e-05,7281.737
".IXIC",2019-02-01,5.11933383225839e-05,7263.868
".IXIC",2019-02-04,3.41265997448323e-05,7347.536
".IXIC",2019-02-05,3.50312416340137e-05,7402.084
".IXIC",2019-02-06,3.69357485189847e-05,7375.281
".IXIC",2019-02-07,8.12767835294869e-05,7288.352
".IXIC",2019-02-08,5.14847709483789e-05,7298.198
".IXIC",2019-02-11,3.97271513165176e-05,7307.905
".IXIC",2019-02-12,2.11242656202433e-05,7414.619
".IXIC",2019-02-13,2.67143073130952e-05,7420.378
".IXIC",2019-02-14,4.08752225514041e-05,7426.955
".IXIC",2019-02-15,2.07883165851702e-05,7472.41
".IXIC",2019-02-19,1.58585177947805e-05,7486.766
".IXIC",2019-02-20,4.1340949768639e-05,7489.069
".IXIC",2019-02-21,3.57445631138497e-05,7459.708
".IXIC",2019-02-22,1.88481672659137e-05,7527.545
".IXIC",2019-02-25,2.12794178858832e-05,7554.46
".IXIC",2019-02-26,3.08190175689061e-05,7549.298
".IXIC",2019-02-27,2.75760897574521e-05,7554.509
".IXIC",2019-02-28,2.22476930035889e-05,7532.532
".IXIC",2019-03-01,2.2281641202027e-05,7595.353
".IXIC",2019-03-04,6.67383346524559e-05,7577.567
".IXIC",2019-03-05,3.48047369813317e-05,7576.361
".IXIC",2019-03-06,3.83034014038184e-05,7505.92
".IXIC",2019-03-07,5.06014597512108e-05,7421.464
".IXIC",2019-03-08,4.80024026533987e-05,7408.142
".IXIC",2019-03-11,2.34481403483964e-05,7558.064
".IXIC",2019-03-12,2.98923199252233e-05,7591.031
".IXIC",2019-03-13,1.97200545554808e-05,7643.405
".IXIC",2019-03-14,1.69283250269421e-05,7630.91
".IXIC",2019-03-15,2.01511583285662e-05,7688.527
".IXIC",2019-03-18,2.74570686699932e-05,7714.478
".IXIC",2019-03-19,4.5138510104595e-05,7723.946
".IXIC",2019-03-20,6.34070145658682e-05,7728.968
".IXIC",2019-03-21,3.96076062804187e-05,7838.959
".IXIC",2019-03-22,0.00011129243559182,7642.667
".IXIC",2019-03-25,9.8118345301176e-05,7637.541
".IXIC",2019-03-26,5.60210689968943e-05,7691.522
".IXIC",2019-03-27,8.02112256016155e-05,7643.377
".IXIC",2019-03-28,4.22200190883495e-05,7669.166
".IXIC",2019-03-29,2.76884178574981e-05,7729.321
".IXIC",2019-04-01,2.15122418618042e-05,7828.91
".IXIC",2019-04-02,1.3871368346548e-05,7848.689
".IXIC",2019-04-03,2.37914374206036e-05,7895.553
".IXIC",2019-04-04,3.60428340924368e-05,7891.784
".IXIC",2019-04-05,9.37229306174748e-06,7938.692
".IXIC",2019-04-08,1.75116801725536e-05,7953.884
".IXIC",2019-04-09,2.11332369404498e-05,7909.278
".IXIC",2019-04-10,1.55531129510178e-05,7964.244
".IXIC",2019-04-11,1.39593428437269e-05,7947.359
".IXIC",2019-04-12,9.43482899473117e-06,7984.164
".IXIC",2019-04-15,1.36070764704386e-05,7976.012
".IXIC",2019-04-16,1.57296303220204e-05,8000.225
".IXIC",2019-04-17,3.31723046750096e-05,7996.08
".IXIC",2019-04-18,1.76596789985121e-05,7998.061
".IXIC",2019-04-22,1.22059355325909e-05,8015.266
".IXIC",2019-04-23,2.04587991507431e-05,8120.822
".IXIC",2019-04-24,1.56347360087829e-05,8102.015
".IXIC",2019-04-25,4.88845493178308e-05,8118.682
".IXIC",2019-04-26,2.80370346010674e-05,8146.398
".IXIC",2019-04-29,1.35382178355858e-05,8161.853
".IXIC",2019-04-30,3.12196608261414e-05,8107.766
".IXIC",2019-05-01,4.92064778039013e-05,8049.64
".IXIC",2019-05-02,6.27060306226596e-05,8036.772
".IXIC",2019-05-03,1.61582819314205e-05,8163.996
".IXIC",2019-05-06,7.32724149575539e-05,8123.289
".IXIC",2019-05-07,0.00012632126424167,7963.756
".IXIC",2019-05-08,7.00004879426188e-05,7943.319
".IXIC",2019-05-09,0.00010783016262161,7910.587
".IXIC",2019-05-10,0.00014941196192052,7916.94
".IXIC",2019-05-13,0.00012543928001954,7647.024
".IXIC",2019-05-14,7.79825385871207e-05,7734.494
".IXIC",2019-05-15,5.5265069660033e-05,7822.147
".IXIC",2019-05-16,3.85907334214261e-05,7898.046
".IXIC",2019-05-17,8.53136538271867e-05,7816.285
".IXIC",2019-05-20,7.44951565542634e-05,7702.375
".IXIC",2019-05-21,2.78552769771492e-05,7785.724
".IXIC",2019-05-22,3.89104962261141e-05,7750.843
".IXIC",2019-05-23,6.58576993047427e-05,7628.284
".IXIC",2019-05-24,3.55623628774265e-05,7637.009
".IXIC",2019-05-28,4.2694928140679e-05,7607.351
".IXIC",2019-05-29,8.32720513899962e-05,7547.309
".IXIC",2019-05-30,3.9976142845197e-05,7567.716
".IXIC",2019-05-31,3.91383948800825e-05,7453.148
".IXIC",2019-06-03,0.0001288091306592,7333.019
".IXIC",2019-06-04,6.37912356718411e-05,7527.117
".IXIC",2019-06-05,6.28087041890055e-05,7575.475
".IXIC",2019-06-06,5.09545227786119e-05,7615.553
".IXIC",2019-06-07,4.55485125198744e-05,7742.101
".IXIC",2019-06-10,5.03037667370059e-05,7823.169
".IXIC",2019-06-11,5.28634579779787e-05,7822.566
".IXIC",2019-06-12,2.87719508874454e-05,7792.719
".IXIC",2019-06-13,2.94440161759299e-05,7837.13
".IXIC",2019-06-14,2.38083208199755e-05,7796.659
".IXIC",2019-06-17,1.47560092480992e-05,7845.024
".IXIC",2019-06-18,4.8457412167027e-05,7953.883
".IXIC",2019-06-19,6.24770334719536e-05,7987.323
".IXIC",2019-06-20,3.97459189470388e-05,8051.34
".IXIC",2019-06-21,1.86714390768649e-05,8031.707
".IXIC",2019-06-24,1.30253701772729e-05,8005.696
".IXIC",2019-06-25,4.26952465360887e-05,7884.717
".IXIC",2019-06-26,3.73311668670655e-05,7909.971
".IXIC",2019-06-27,1.47603421592402e-05,7967.758
".IXIC",2019-06-28,1.60452010535954e-05,8006.244
".IXIC",2019-07-01,2.88225647533826e-05,8091.162
".IXIC",2019-07-02,2.4139148936791e-05,8109.092
".IXIC",2019-07-03,7.60175359810239e-06,8170.231
".IXIC",2019-07-05,1.89724881639221e-05,8161.791
".IXIC",2019-07-08,2.08826985657449e-05,8098.382
".IXIC",2019-07-09,1.46238072787409e-05,8141.728
".IXIC",2019-07-10,3.01126090542605e-05,8202.531
".IXIC",2019-07-11,1.64817251235651e-05,8196.043
".IXIC",2019-07-12,6.88691203302043e-06,8244.144
".IXIC",2019-07-16,1.78487853834254e-05,8222.797
".IXIC",2019-07-17,1.73468512042524e-05,8185.206
".IXIC",2019-07-18,2.60816966764956e-05,8207.243
".IXIC",2019-07-19,3.50478562594665e-05,8146.489
".IXIC",2019-07-22,2.11788745229975e-05,8204.137
".IXIC",2019-07-23,2.1315666479922e-05,8251.403
".IXIC",2019-07-24,1.57044665907103e-05,8321.5
".IXIC",2019-07-25,3.51199723298683e-05,8238.541
".IXIC",2019-07-26,1.46884169155933e-05,8330.211
".IXIC",2019-07-29,2.16724042052755e-05,8293.329
".IXIC",2019-07-30,2.13357214698246e-05,8273.614
".IXIC",2019-07-31,0.00013394352420627,8175.419
".IXIC",2019-08-01,0.00023474145626713,8111.121
".IXIC",2019-08-02,7.4659532658927e-05,8004.073
".IXIC",2019-08-05,0.00012993083522561,7726.04
".IXIC",2019-08-06,0.00013043175678509,7833.265
".IXIC",2019-08-07,0.00014786120881041,7862.826
".IXIC",2019-08-08,4.10135142784195e-05,8039.156
".IXIC",2019-08-09,8.61389719958385e-05,7959.14
".IXIC",2019-08-12,5.42811437700458e-05,7863.411
".IXIC",2019-08-13,0.00026940446396244,8016.359
".IXIC",2019-08-14,0.00010007065871189,7773.939
".IXIC",2019-08-15,0.00012090965658397,7766.617
".IXIC",2019-08-16,4.78486575188092e-05,7895.994
".IXIC",2019-08-19,1.75079288844363e-05,8002.812
".IXIC",2019-08-20,3.02481152454835e-05,7948.56
".IXIC",2019-08-21,2.21089397643137e-05,8020.208
".IXIC",2019-08-22,5.60889052797512e-05,7991.388
".IXIC",2019-08-23,0.00027373351757289,7751.766
".IXIC",2019-08-26,5.46381100522539e-05,7853.735
".IXIC",2019-08-27,6.72153266359875e-05,7826.946
".IXIC",2019-08-28,4.95381867569583e-05,7856.882
".IXIC",2019-08-29,4.14236151275145e-05,7973.394
".IXIC",2019-08-30,4.29663204792867e-05,7962.882
".IXIC",2019-09-03,7.81573003402426e-05,7874.158
".IXIC",2019-09-04,1.55712182468148e-05,7976.88
".IXIC",2019-09-05,2.39862246993045e-05,8116.828
".IXIC",2019-09-06,2.22599033016641e-05,8103.074
".IXIC",2019-09-09,2.89153888793956e-05,8087.437
".IXIC",2019-09-10,5.95577209169391e-05,8084.155
".IXIC",2019-09-11,2.18118715222449e-05,8169.678
".IXIC",2019-09-12,5.35375519393257e-05,8194.467
".IXIC",2019-09-13,2.6705724066865e-05,8176.713
".IXIC",2019-09-16,2.52271633101417e-05,8153.543
".IXIC",2019-09-17,1.00095391445056e-05,8186.016
".IXIC",2019-09-18,4.18884876324417e-05,8177.392
".IXIC",2019-09-19,2.58725553430428e-05,8182.879
".IXIC",2019-09-20,8.51772357579683e-05,8117.674
".IXIC",2019-09-23,2.00189250438226e-05,8112.462
".IXIC",2019-09-24,0.0001205219814423,7993.627
".IXIC",2019-09-25,4.81988981247901e-05,8077.384
".IXIC",2019-09-26,5.45549569592993e-05,8030.661
".IXIC",2019-09-27,0.00012311681364111,7939.627
".IXIC",2019-09-30,2.25205881898402e-05,7999.338
".IXIC",2019-10-01,6.43445471214209e-05,7908.685
".IXIC",2019-10-02,6.20664633994192e-05,7785.246
".IXIC",2019-10-03,0.00013649655070858,7872.265
".IXIC",2019-10-04,2.76456602732764e-05,7982.474
".IXIC",2019-10-07,4.67565057009049e-05,7956.294
".IXIC",2019-10-08,7.9944920935602e-05,7823.778
".IXIC",2019-10-09,3.76591300055232e-05,7903.742
".IXIC",2019-10-10,5.12488308689815e-05,7950.782
".IXIC",2019-10-11,4.35151593593535e-05,8057.039
".IXIC",2019-10-14,1.82251072346262e-05,8048.649
".IXIC",2019-10-15,1.71997239533225e-05,8148.706
".IXIC",2019-10-16,1.38169040953975e-05,8124.184
".IXIC",2019-10-17,2.26172461633882e-05,8156.853
".IXIC",2019-10-18,4.02044646525034e-05,8089.543
".IXIC",2019-10-21,1.40036941873653e-05,8162.987
".IXIC",2019-10-22,2.59049173731924e-05,8104.295
".IXIC",2019-10-23,2.39641936758101e-05,8119.793
".IXIC",2019-10-24,2.15029823409047e-05,8185.796
".IXIC",2019-10-25,2.1427006303575e-05,8243.119
".IXIC",2019-10-28,1.29807499015949e-05,8325.986
".IXIC",2019-10-29,2.43589884102972e-05,8276.851
".IXIC",2019-10-30,2.49561349671549e-05,8303.975
".IXIC",2019-10-31,3.8239548914999e-05,8292.36
".IXIC",2019-11-01,2.24919869590729e-05,8386.398
".IXIC",2019-11-04,9.22294115633278e-06,8433.2
".IXIC",2019-11-05,1.34635855976569e-05,8434.68
".IXIC",2019-11-06,2.02145335214051e-05,8410.628
".IXIC",2019-11-07,2.56385133972915e-05,8434.516
".IXIC",2019-11-08,1.58984816209576e-05,8475.312
".IXIC",2019-11-11,6.86677080734019e-06,8464.277
".IXIC",2019-11-12,1.48381748462133e-05,8486.091
".IXIC",2019-11-13,2.17049741538761e-05,8482.101
".IXIC",2019-11-14,1.56041305539292e-05,8479.017
".IXIC",2019-11-15,8.84642582032395e-06,8540.829
".IXIC",2019-11-18,1.24816423890271e-05,8549.938
".IXIC",2019-11-19,1.54233078356614e-05,8570.658
".IXIC",2019-11-20,4.73829709718578e-05,8526.732
".IXIC",2019-11-21,2.86787273004886e-05,8506.211
".IXIC",2019-11-22,1.58780565092675e-05,8519.885
".IXIC",2019-11-25,1.23586655551791e-05,8632.489
".IXIC",2019-11-26,5.82147516927616e-06,8647.934
".IXIC",2019-11-27,3.76348518140049e-06,8705.175
".IXIC",2019-11-29,5.07222005878623e-06,8665.471
".IXIC",2019-12-02,6.157732606249e-05,8567.987
".IXIC",2019-12-03,5.39526784891816e-05,8520.643
".IXIC",2019-12-04,1.26880401851059e-05,8566.672
".IXIC",2019-12-05,1.96253214328963e-05,8570.701
".IXIC",2019-12-06,6.01938268661222e-06,8656.529
".IXIC",2019-12-09,8.58016082131268e-06,8621.827
".IXIC",2019-12-10,2.04033167645628e-05,8616.183
".IXIC",2019-12-11,1.07184384118806e-05,8654.051
".IXIC",2019-12-12,0.00010469963555431,8717.318
".IXIC",2019-12-13,4.70124272165727e-05,8734.879
".IXIC",2019-12-16,7.34238711857123e-06,8814.227
".IXIC",2019-12-17,5.98990134604711e-06,8823.357
".IXIC",2019-12-18,7.62105069674056e-06,8827.735
".IXIC",2019-12-19,6.07412210869152e-06,8887.218
".IXIC",2019-12-20,8.89454641161376e-06,8924.955
".IXIC",2019-12-23,2.97725101870027e-06,8945.649
".IXIC",2019-12-24,3.2183614875686e-06,8952.884
".IXIC",2019-12-26,5.16537654895193e-06,9022.391
".IXIC",2019-12-27,1.87518439483125e-05,9006.617
".IXIC",2019-12-30,4.57838764063488e-05,8945.994
".IXIC",2019-12-31,1.63737364004306e-05,8972.604
".IXIC",2020-01-02,2.26655559871806e-05,9092.189
".IXIC",2020-01-03,4.43199391804848e-05,9020.77
".IXIC",2020-01-06,2.53596378204593e-05,9071.465
".IXIC",2020-01-07,2.58363715099249e-05,9068.581
".IXIC",2020-01-08,3.09276778260286e-05,9129.242
".IXIC",2020-01-09,1.77979387807634e-05,9203.426
".IXIC",2020-01-10,2.38790763409918e-05,9178.861
".IXIC",2020-01-13,8.77161786801237e-06,9273.932
".IXIC",2020-01-14,3.25520060902275e-05,9251.329
".IXIC",2020-01-15,2.29612748445405e-05,9258.695
".IXIC",2020-01-16,1.17285227729086e-05,9357.131
".IXIC",2020-01-17,1.59630416793653e-05,9388.944
".IXIC",2020-01-21,1.51630694501528e-05,9370.807
".IXIC",2020-01-22,1.95788939057745e-05,9383.768
".IXIC",2020-01-23,3.81894466816098e-05,9402.478
".IXIC",2020-01-24,5.75419057850531e-05,9314.911
".IXIC",2020-01-27,6.02141511335003e-05,9139.31
".IXIC",2020-01-28,2.43961850195159e-05,9269.681
".IXIC",2020-01-29,3.30058027300406e-05,9275.164
".IXIC",2020-01-30,7.58582905890723e-05,9298.934
".IXIC",2020-01-31,9.18182446775717e-05,9150.936
".IXIC",2020-02-03,5.48748401501645e-05,9273.402
".IXIC",2020-02-04,3.03638965869933e-05,9467.974
".IXIC",2020-02-05,5.94451513422059e-05,9508.683
".IXIC",2020-02-06,2.81245998966776e-05,9572.154
".IXIC",2020-02-07,2.55129351314028e-05,9520.512
".IXIC",2020-02-10,2.83715752791092e-05,9628.389
".IXIC",2020-02-11,4.80152504186912e-05,9638.942
".IXIC",2020-02-12,2.08664098037184e-05,9725.962
".IXIC",2020-02-13,3.8074869008798e-05,9711.968
".IXIC",2020-02-14,2.02404421926267e-05,9731.176
".IXIC",2020-02-18,3.37258412905588e-05,9732.743
".IXIC",2020-02-19,8.79956841895182e-06,9817.18
".IXIC",2020-02-20,0.00012584733127845,9750.965
".IXIC",2020-02-21,9.4421895865087e-05,9576.59
".IXIC",2020-02-24,0.00017925427656347,9221.28
".IXIC",2020-02-25,0.00029555565675285,8965.613
".IXIC",2020-02-26,0.00029455305946758,8980.775
".IXIC",2020-02-27,0.00068008316967983,8566.48
".IXIC",2020-02-28,0.00146117221522598,8567.368
".IXIC",2020-03-02,0.00054528304693946,8952.165
".IXIC",2020-03-03,0.00136837934265983,8684.09
".IXIC",2020-03-04,0.00020875530376668,9018.088
".IXIC",2020-03-05,0.00034541410798353,8738.595
".IXIC",2020-03-06,0.00053387013275607,8575.618
".IXIC",2020-03-09,0.00108548267201121,7950.676
".IXIC",2020-03-10,0.00075254588179254,8344.253
".IXIC",2020-03-11,0.00048119689420888,7952.051
".IXIC",2020-03-12,0.00273689804148259,7201.802
".IXIC",2020-03-13,0.00243008235909228,7874.232
".IXIC",2020-03-16,0.0059629281370717,6904.592
".IXIC",2020-03-17,0.00211924729998116,7334.782
".IXIC",2020-03-18,0.00235458940030991,6989.844
".IXIC",2020-03-19,0.00202348199176486,7150.578
".IXIC",2020-03-20,0.00147548285510069,6879.309
".IXIC",2020-03-23,0.00239742655949378,6860.674
".IXIC",2020-03-24,0.00073421898140144,7417.857
".IXIC",2020-03-25,0.00110617185913961,7384.295
".IXIC",2020-03-26,0.00073250018069498,7797.537
".IXIC",2020-03-27,0.00046252649434363,7502.378
".IXIC",2020-03-30,0.00023119990557257,7774.151
".IXIC",2020-03-31,0.00031458819592504,7700.098
".IXIC",2020-04-01,0.00024880887773264,7360.582
".IXIC",2020-04-02,0.00060592765750206,7487.311
".IXIC",2020-04-03,0.00029174873845521,7373.083
".IXIC",2020-04-06,0.00018206923535593,7913.238
".IXIC",2020-04-07,0.00043932101136821,7887.26
".IXIC",2020-04-08,0.00017369709288294,8090.903
".IXIC",2020-04-09,0.00030859121979939,8153.575
".IXIC",2020-04-13,0.00021450935309698,8192.425
".IXIC",2020-04-14,0.00011452596486073,8515.74
".IXIC",2020-04-15,0.00015684075437839,8393.176
".IXIC",2020-04-16,0.00022809718004548,8532.363
".IXIC",2020-04-17,0.00013696823471268,8650.141
".IXIC",2020-04-20,0.00011392769834385,8560.728
".IXIC",2020-04-21,0.00032552092535064,8263.229
".IXIC",2020-04-22,7.29810886753155e-05,8495.379
".IXIC",2020-04-23,0.00019236380334737,8494.753
".IXIC",2020-04-24,9.0447038236394e-05,8634.52
".IXIC",2020-04-27,6.07923102350487e-05,8730.164
".IXIC",2020-04-28,0.00014542665275408,8607.731
".IXIC",2020-04-29,8.67316657216466e-05,8914.71
".IXIC",2020-04-30,0.00012286855105836,8889.551
".IXIC",2020-05-01,0.00016490344636207,8604.948
".IXIC",2020-05-04,9.29246378853059e-05,8710.715
".IXIC",2020-05-05,8.2879507162925e-05,8809.121
".IXIC",2020-05-06,0.00010188974538799,8854.388
".IXIC",2020-05-07,4.81742357659272e-05,8979.662
".IXIC",2020-05-08,3.65203737143892e-05,9121.321
".IXIC",2020-05-11,6.23439174501716e-05,9192.344
".IXIC",2020-05-12,0.00012540178336573,9002.551
".IXIC",2020-05-13,0.0003604427305398,8863.167
".IXIC",2020-05-14,0.00023429064753627,8943.721
".IXIC",2020-05-15,0.00013659528791219,9014.56
".IXIC",2020-05-18,7.0662953207942e-05,9234.828
".IXIC",2020-05-19,0.00012077882038368,9185.104
".IXIC",2020-05-20,5.03165074819013e-05,9375.776
".IXIC",2020-05-21,9.87520602006253e-05,9284.881
".IXIC",2020-05-22,5.85467213015137e-05,9324.587
".IXIC",2020-05-26,7.50389172196953e-05,9340.22
".IXIC",2020-05-27,0.00018964199203464,9412.358
".IXIC",2020-05-28,0.00013366670179053,9368.989
".IXIC",2020-05-29,0.000227567134661,9489.872
".IXIC",2020-06-01,4.46834358766874e-05,9552.049
".IXIC",2020-06-02,7.87221439893762e-05,9608.375
".IXIC",2020-06-03,4.30704451015739e-05,9682.911
".IXIC",2020-06-04,7.69108119211693e-05,9615.813
".IXIC",2020-06-05,7.69929587310931e-05,9814.081
".IXIC",2020-06-08,3.7547686588301e-05,9924.745
".IXIC",2020-06-09,6.0796551885569e-05,9953.753
".IXIC",2020-06-10,0.00012726715874978,10020.346
".IXIC",2020-06-11,0.00030493384526349,9492.434
".IXIC",2020-06-12,0.00044449410575093,9588.808
".IXIC",2020-06-15,0.00022980727105449,9726.023
".IXIC",2020-06-16,0.00029575046353257,9895.867
".IXIC",2020-06-17,7.22059656048046e-05,9910.532
".IXIC",2020-06-18,5.59953123279971e-05,9943.051
".IXIC",2020-06-19,0.00013266854808467,9946.123
".IXIC",2020-06-22,4.89082516117317e-05,10056.475
".IXIC",2020-06-23,5.70517428502178e-05,10131.369
".IXIC",2020-06-24,0.00024158662405896,9909.166
".IXIC",2020-06-25,0.00014641564454121,10017.003
".IXIC",2020-06-26,0.00018454230162857,9757.219
".IXIC",2020-06-29,0.000115996459359,9874.153
".IXIC",2020-06-30,5.89924852078681e-05,10058.765
".IXIC",2020-07-01,6.24627569831846e-05,10154.629
".IXIC",2020-07-02,7.14392861375328e-05,10207.629
".IXIC",2020-07-06,4.51096805021859e-05,10433.65
".IXIC",2020-07-07,9.58600046774828e-05,10343.889
".IXIC",2020-07-08,9.82326255582108e-05,10492.5
".IXIC",2020-07-09,0.00017802577646391,10547.75
".IXIC",2020-07-10,8.7939548923556e-05,10617.443
".IXIC",2020-07-13,0.00027930518922062,10390.843
".IXIC",2020-07-14,0.00053620584472227,10488.577
".IXIC",2020-07-15,0.00022412063324864,10550.492
".IXIC",2020-07-16,0.00011029392575829,10473.829
".IXIC",2020-07-17,5.59068904104721e-05,10503.19
".IXIC",2020-07-20,4.47254691552711e-05,10767.092
".IXIC",2020-07-21,0.00011990376670302,10680.364
".IXIC",2020-07-22,7.95846671625948e-05,10706.127
".IXIC",2020-07-23,0.00015652044952974,10461.417
".IXIC",2020-07-24,0.00021278277874716,10363.177
".IXIC",2020-07-27,5.54228399637783e-05,10536.267
".IXIC",2020-07-28,6.56914169635206e-05,10402.092
".IXIC",2020-07-29,5.93045651825853e-05,10542.943
".IXIC",2020-07-30,0.00010643894553063,10587.813
".IXIC",2020-07-31,0.00014288764287424,10745.275
".IXIC",2020-08-03,5.56080115974589e-05,10902.797
".IXIC",2020-08-04,5.27639958263636e-05,10941.166
".IXIC",2020-08-05,3.05643738694038e-05,10998.398
".IXIC",2020-08-06,3.71615129928511e-05,11108.071
".IXIC",2020-08-07,9.62468128020396e-05,11010.983
".IXIC",2020-08-10,8.18971277094162e-05,10968.357
".IXIC",2020-08-11,0.00016104380111585,10782.823
".IXIC",2020-08-12,5.18018283908284e-05,11012.239
".IXIC",2020-08-13,6.83203308812056e-05,11042.504
".IXIC",2020-08-14,6.41406961235268e-05,11019.301
".IXIC",2020-08-17,1.68239260031501e-05,11129.725
".IXIC",2020-08-18,6.96957255269967e-05,11210.843
".IXIC",2020-08-19,4.99377319836464e-05,11146.461
".IXIC",2020-08-20,3.54172638460777e-05,11264.954
".IXIC",2020-08-21,4.12501543395636e-05,11311.801
".IXIC",2020-08-24,0.00013325929743903,11379.718
".IXIC",2020-08-25,5.1792531178627e-05,11466.472
".IXIC",2020-08-26,5.84909044594289e-05,11665.06
".IXIC",2020-08-27,0.00012113083681001,11625.337
".IXIC",2020-08-28,4.55129040829508e-05,11695.633
".IXIC",2020-08-31,5.33056286333353e-05,11775.456
".IXIC",2020-09-01,6.58950329420843e-05,11939.667
".IXIC",2020-09-02,0.00016996551747191,12056.443
".IXIC",2020-09-03,0.000470494509416,11458.101
".IXIC",2020-09-04,0.00093283288017447,11313.134
".IXIC",2020-09-08,0.00036870772708006,10847.69
".IXIC",2020-09-09,0.00022894206982204,11141.564
".IXIC",2020-09-10,0.00039703594526188,10919.593
".IXIC",2020-09-11,0.00034796757883492,10853.545
".IXIC",2020-09-14,0.00010481884496084,11056.651
".IXIC",2020-09-15,9.02115884070361e-05,11190.324
".IXIC",2020-09-16,0.00013334372691351,11050.469
".IXIC",2020-09-17,0.0002324414023572,10910.277
".IXIC",2020-09-18,0.00018686352767726,10793.282
".IXIC",2020-09-21,0.00022248520083828,10778.798
".IXIC",2020-09-22,0.00013521678908891,10963.637
".IXIC",2020-09-23,0.00016757077493485,10632.985
".IXIC",2020-09-24,0.00035795046817544,10672.266
".IXIC",2020-09-25,0.00013223909052335,10913.562
".IXIC",2020-09-28,7.12571024437712e-05,11117.525
".IXIC",2020-09-29,6.97006032934123e-05,11085.248
".IXIC",2020-09-30,0.00015305974972815,11167.507
".IXIC",2020-10-01,6.96458417564686e-05,11326.507
".IXIC",2020-10-02,0.00022571233734309,11075.016
".IXIC",2020-10-05,3.2876787252388e-05,11332.485
".IXIC",2020-10-06,0.00022568190662375,11154.604
".IXIC",2020-10-07,4.65031066905112e-05,11364.599
".IXIC",2020-10-08,4.46019147177262e-05,11420.98
".IXIC",2020-10-09,2.17640673136176e-05,11579.944
".IXIC",2020-10-12,5.59159909109032e-05,11876.259
".IXIC",2020-10-13,0.00012476109068056,11863.896
".IXIC",2020-10-14,9.78171355830891e-05,11768.729
".IXIC",2020-10-15,0.00011201140495487,11713.87
".IXIC",2020-10-16,7.20170124931131e-05,11671.555
".IXIC",2020-10-19,0.00012249995614029,11478.883
".IXIC",2020-10-20,0.00014622464672062,11516.494
".IXIC",2020-10-21,0.00011990088803406,11484.694
".IXIC",2020-10-22,0.00010108069440892,11506.006
".IXIC",2020-10-23,7.40884436269805e-05,11548.282
".IXIC",2020-10-26,0.00015092545226154,11358.937
".IXIC",2020-10-27,0.00010286041119098,11431.351
".IXIC",2020-10-28,0.00015930713627822,11004.868
".IXIC",2020-10-29,0.00014083893378313,11185.593
".IXIC",2020-10-30,0.00022699231938236,10911.591
".IXIC",2020-11-02,0.00012776009110789,10957.611
".IXIC",2020-11-03,0.00013064707071471,11160.572
".IXIC",2020-11-04,0.00019924823927505,11590.781
".IXIC",2020-11-05,8.60720525329118e-05,11890.927
".IXIC",2020-11-06,0.00011040485362714,11895.23
".IXIC",2020-11-09,0.00030654486763445,11713.783
".IXIC",2020-11-10,0.00025611105885033,11553.856
".IXIC",2020-11-11,6.83150715346666e-05,11786.431
".IXIC",2020-11-12,0.00010082998956402,11709.589
".IXIC",2020-11-13,4.68015713716613e-05,11829.286
".IXIC",2020-11-16,7.92013798445111e-05,11924.129
".IXIC",2020-11-17,3.75047473866893e-05,11899.343
".IXIC",2020-11-18,5.18343473463541e-05,11801.603
".IXIC",2020-11-19,3.90034402920223e-05,11904.714
".IXIC",2020-11-20,2.62026111442705e-05,11854.97
".IXIC",2020-11-23,6.70876664557451e-05,11880.634
".IXIC",2020-11-24,4.19605940545212e-05,12036.785
".IXIC",2020-11-25,2.70533954324788e-05,12094.402
".IXIC",2020-11-27,1.80765460148857e-05,12205.846
".IXIC",2020-11-30,9.53990231582136e-05,12198.737
".IXIC",2020-12-01,6.67065564410957e-05,12355.106
".IXIC",2020-12-02,5.85150504420336e-05,12349.366
".IXIC",2020-12-03,3.87970840582941e-05,12377.182
".IXIC",2020-12-04,2.08378031321794e-05,12464.232
".IXIC",2020-12-07,2.80768113028735e-05,12519.946
".IXIC",2020-12-08,3.04288800893712e-05,12582.774
".IXIC",2020-12-09,0.00012427056377395,12338.953
".IXIC",2020-12-10,9.85666678846625e-05,12405.808
".IXIC",2020-12-11,6.61541381585876e-05,12377.872
".IXIC",2020-12-14,5.7502873045207e-05,12440.04
".IXIC",2020-12-15,3.57873126621797e-05,12595.06
".IXIC",2020-12-16,3.10569045586176e-05,12658.188
".IXIC",2020-12-17,2.04102284269867e-05,12764.745
".IXIC",2020-12-18,5.83355813426805e-05,12755.638
".SPX",2000-01-03,0.00014081484365645,1454.24
".SPX",2000-01-04,0.00022413115151427,1399.02
".SPX",2000-01-05,0.00031428221486957,1402.09
".SPX",2000-01-06,0.00013080972784111,1403.06
".SPX",2000-01-07,9.36217710436821e-05,1440.84
".SPX",2000-01-10,0.00012021272840994,1456.84
".SPX",2000-01-11,6.80992035840115e-05,1438.33
".SPX",2000-01-12,0.00012300234900808,1431.99
".SPX",2000-01-13,0.00010132768270706,1449.87
".SPX",2000-01-14,0.00013930043089079,1463.86
".SPX",2000-01-18,9.27316723739096e-05,1455.41
".SPX",2000-01-19,4.91339363553354e-05,1455.71
".SPX",2000-01-20,0.00012966002905466,1444.96
".SPX",2000-01-21,5.03258889545099e-05,1440.66
".SPX",2000-01-24,0.00018953433293958,1400.59
".SPX",2000-01-25,0.00017569372472822,1409.51
".SPX",2000-01-26,6.99321258590918e-05,1404.37
".SPX",2000-01-27,0.00018765455511825,1398.84
".SPX",2000-01-28,0.00027810816911651,1362.02
".SPX",2000-01-31,0.00018914906779844,1393.34
".SPX",2000-02-01,0.00011668668321958,1408.92
".SPX",2000-02-02,9.42192837487553e-05,1409.25
".SPX",2000-02-03,0.00014809449375169,1424.2
".SPX",2000-02-04,6.75476334784115e-05,1424.43
".SPX",2000-02-07,6.02377356625889e-05,1424.27
".SPX",2000-02-08,9.10283830050293e-05,1440.9
".SPX",2000-02-09,9.31136424374928e-05,1412.47
".SPX",2000-02-10,0.00011688273709169,1415.98
".SPX",2000-02-11,0.00010271613756708,1380.47
".SPX",2000-02-14,9.38421409664224e-05,1389.72
".SPX",2000-02-15,0.00013120277952084,1402.6
".SPX",2000-02-16,8.87188139337308e-05,1387.71
".SPX",2000-02-17,0.00018293733956419,1387.29
".SPX",2000-02-18,0.00015100834671475,1348.23
".SPX",2000-02-22,0.00019385511379497,1351.97
".SPX",2000-02-23,0.00012146287283564,1362.07
".SPX",2000-02-24,0.00029110402122926,1353.63
".SPX",2000-02-25,0.00023194828768934,1334.24
".SPX",2000-02-28,0.00022575508305989,1348.08
".SPX",2000-02-29,0.00013589597733172,1367.51
".SPX",2000-03-01,0.00010244736220567,1378.28
".SPX",2000-03-02,9.88488041195575e-05,1381.93
".SPX",2000-03-03,9.14807943743772e-05,1408.55
".SPX",2000-03-06,6.83766916358886e-05,1390.45
".SPX",2000-03-07,0.00027151352483074,1356.12
".SPX",2000-03-08,0.00013287862908307,1371.51
".SPX",2000-03-09,0.00010962439902368,1399.96
".SPX",2000-03-10,0.00011924604267768,1395.5
".SPX",2000-03-13,0.00049197630745883,1381.67
".SPX",2000-03-14,0.00014988100417981,1361.85
".SPX",2000-03-15,0.00023108945768461,1386.42
".SPX",2000-03-16,0.00026309824413969,1456.35
".SPX",2000-03-20,8.78699328520413e-05,1456.34
".SPX",2000-03-21,0.00015539577964471,1493.42
".SPX",2000-03-22,7.87575701999302e-05,1500.01
".SPX",2000-03-23,0.00014560169052597,1526.33
".SPX",2000-03-24,0.00014192071926326,1528.98
".SPX",2000-03-27,7.95862470816169e-05,1523.33
".SPX",2000-03-28,7.04947538134499e-05,1522.1
".SPX",2000-03-29,0.00016043317592126,1508.93
".SPX",2000-03-30,0.00023032367897296,1489.25
".SPX",2000-03-31,0.00023503280611596,1503.18
".SPX",2000-04-03,0.00020084023956118,1504.94
".SPX",2000-04-04,0.00125536048640431,1494.85
".SPX",2000-04-05,0.00049403501228437,1488.28
".SPX",2000-04-06,0.00019301903825147,1500.17
".SPX",2000-04-07,8.71779632833971e-05,1516.15
".SPX",2000-04-10,0.00011101115488222,1505.25
".SPX",2000-04-11,0.00022268615460458,1499.68
".SPX",2000-04-12,0.00012309706849786,1497.21
".SPX",2000-04-13,0.00037954891455109,1440.5
".SPX",2000-04-14,0.00107648020442875,1355.67
".SPX",2000-04-17,0.00059376741377603,1399.13
".SPX",2000-04-18,0.00026562322234198,1440.97
".SPX",2000-04-19,0.00016597926901425,1428.06
".SPX",2000-04-20,8.82104178468986e-05,1433.68
".SPX",2000-04-24,0.00052728051630164,1428.68
".SPX",2000-04-25,0.00013162563716234,1477.38
".SPX",2000-04-26,0.00010898566365414,1461.09
".SPX",2000-04-27,0.00027743840523012,1463.99
".SPX",2000-04-28,0.00012991249232782,1452.51
".SPX",2000-05-01,0.0001192171102058,1468.18
".SPX",2000-05-02,9.91372292465712e-05,1445.97
".SPX",2000-05-03,0.0002299095140667,1415.44
".SPX",2000-05-04,0.00010874734689614,1410.07
".SPX",2000-05-05,0.00012553265909829,1432.24
".SPX",2000-05-08,0.00012834795537089,1423.51
".SPX",2000-05-09,0.00012841640021505,1413.27
".SPX",2000-05-10,0.00024941233973059,1382.45
".SPX",2000-05-11,0.00015555145703206,1407.56
".SPX",2000-05-12,8.30514841870926e-05,1420.68
".SPX",2000-05-15,7.95729243949888e-05,1451.53
".SPX",2000-05-16,0.00022593438092989,1465.38
".SPX",2000-05-17,0.00018523142554324,1448.28
".SPX",2000-05-18,7.23688108235307e-05,1437.7
".SPX",2000-05-19,0.00019160412237554,1406.38
".SPX",2000-05-22,0.00031821900415669,1399.97
".SPX",2000-05-23,0.00017263634963835,1373.94
".SPX",2000-05-24,0.00033440931746216,1398.81
".SPX",2000-05-25,0.0001826837270934,1381.87
".SPX",2000-05-26,0.00018790331823084,1378.71
".SPX",2000-05-30,0.00015428982120767,1421.5
".SPX",2000-05-31,0.00015095053874069,1420.04
".SPX",2000-06-01,9.77836551930246e-05,1447.41
".SPX",2000-06-02,0.00013228556026401,1476.82
".SPX",2000-06-05,9.41989257023913e-05,1467.58
".SPX",2000-06-06,6.6229505712513e-05,1457.4
".SPX",2000-06-07,7.68956290070838e-05,1471.7
".SPX",2000-06-08,6.28092285570787e-05,1461.23
".SPX",2000-06-09,5.65175863325285e-05,1457.72
".SPX",2000-06-12,5.88908104265123e-05,1447.11
".SPX",2000-06-13,7.74678132110161e-05,1469.28
".SPX",2000-06-14,8.14158713286469e-05,1470.57
".SPX",2000-06-15,8.08575946576349e-05,1478.17
".SPX",2000-06-16,5.21404576717632e-05,1466.17
".SPX",2000-06-19,5.46725741665732e-05,1486.37
".SPX",2000-06-20,9.05302301416918e-05,1476.34
".SPX",2000-06-21,7.51357909014802e-05,1478.9
".SPX",2000-06-22,9.36072674436801e-05,1452.71
".SPX",2000-06-23,7.99572121156236e-05,1441.87
".SPX",2000-06-26,7.05187114769309e-05,1455.37
".SPX",2000-06-27,4.55649300964938e-05,1451.81
".SPX",2000-06-28,6.69184300312571e-05,1455.55
".SPX",2000-06-29,0.00013611589697442,1442.55
".SPX",2000-06-30,6.45326609992579e-05,1451.65
".SPX",2000-07-03,2.03026808422984e-05,1455.86
".SPX",2000-07-05,6.47087029197006e-05,1446.84
".SPX",2000-07-06,5.84028921612967e-05,1456.73
".SPX",2000-07-07,4.40390250594765e-05,1479.37
".SPX",2000-07-10,3.88249854403048e-05,1476.43
".SPX",2000-07-11,8.00252971225261e-05,1480.17
".SPX",2000-07-12,5.69218351584083e-05,1493.1
".SPX",2000-07-13,3.42576214208369e-05,1495.6
".SPX",2000-07-14,3.64574654861859e-05,1508.26
".SPX",2000-07-17,2.58985822776259e-05,1510.41
".SPX",2000-07-18,4.3220258713595e-05,1494.28
".SPX",2000-07-19,5.17200633168492e-05,1483.26
".SPX",2000-07-20,8.87623932903139e-05,1496.12
".SPX",2000-07-21,4.34133442881185e-05,1480.63
".SPX",2000-07-24,5.65344226768334e-05,1465.13
".SPX",2000-07-25,0.00010194476433091,1473.7
".SPX",2000-07-26,9.39499681712866e-05,1457.12
".SPX",2000-07-27,0.00015117297213416,1449.82
".SPX",2000-07-28,0.00015968044136026,1419.54
".SPX",2000-07-31,0.00010338606149902,1431.24
".SPX",2000-08-01,8.28071864811453e-05,1437.48
".SPX",2000-08-02,7.80946632047042e-05,1438.87
".SPX",2000-08-03,0.00011380608963086,1452.27
".SPX",2000-08-04,7.50114094661528e-05,1462
".SPX",2000-08-07,4.5186118966402e-05,1479.04
".SPX",2000-08-08,4.60718530248304e-05,1482.89
".SPX",2000-08-09,5.42928286001893e-05,1473.79
".SPX",2000-08-10,4.21847851988194e-05,1460.12
".SPX",2000-08-11,6.14036020585412e-05,1471.12
".SPX",2000-08-14,3.56285452439109e-05,1490.85
".SPX",2000-08-15,3.40643770570835e-05,1485.5
".SPX",2000-08-16,3.75595424467543e-05,1480.27
".SPX",2000-08-17,4.40544667726732e-05,1495.84
".SPX",2000-08-18,3.17747665551948e-05,1492.27
".SPX",2000-08-21,4.01855515210288e-05,1498.87
".SPX",2000-08-22,3.6953573666295e-05,1498.38
".SPX",2000-08-23,3.61155703212276e-05,1505.97
".SPX",2000-08-24,2.13444580434576e-05,1508.34
".SPX",2000-08-25,2.29712467206253e-05,1506.74
".SPX",2000-08-28,3.4388914541153e-05,1515.13
".SPX",2000-08-29,3.43087812340288e-05,1510.47
".SPX",2000-08-30,2.50341997182696e-05,1503.44
".SPX",2000-08-31,4.06026415897337e-05,1518.38
".SPX",2000-09-01,5.34929858155621e-05,1520.56
".SPX",2000-09-05,3.47822732783008e-05,1507.42
".SPX",2000-09-06,5.53637366305025e-05,1492.65
".SPX",2000-09-07,4.23771617944975e-05,1502.65
".SPX",2000-09-08,4.6434417470271e-05,1493.13
".SPX",2000-09-11,7.37877833726325e-05,1488.86
".SPX",2000-09-12,5.1883258540991e-05,1481.28
".SPX",2000-09-13,9.28696408922821e-05,1484.41
".SPX",2000-09-14,4.99004238605433e-05,1480.58
".SPX",2000-09-15,5.21307983553418e-05,1466.25
".SPX",2000-09-18,6.88696833272171e-05,1444.65
".SPX",2000-09-19,9.64229540367358e-05,1459.83
".SPX",2000-09-20,0.0001365886795802,1451.24
".SPX",2000-09-21,0.00012456186202762,1449.11
".SPX",2000-09-22,0.00011034934894684,1448.04
".SPX",2000-09-25,6.86218611041996e-05,1439.5
".SPX",2000-09-26,0.00010685870221215,1428.47
".SPX",2000-09-27,0.00013364533463496,1426.48
".SPX",2000-09-28,9.06048276139885e-05,1459.48
".SPX",2000-09-29,0.00012357549514148,1436.77
".SPX",2000-10-02,0.00010130778604252,1435.48
".SPX",2000-10-03,8.4941247602047e-05,1425.4
".SPX",2000-10-04,0.00017022448633209,1434.59
".SPX",2000-10-05,9.78688466312889e-05,1436.42
".SPX",2000-10-06,0.00016638698432378,1408.11
".SPX",2000-10-09,9.17472484421693e-05,1401.68
".SPX",2000-10-10,0.0001657574001204,1385.78
".SPX",2000-10-11,0.00037745885829181,1363.76
".SPX",2000-10-12,0.00054915401572236,1329.03
".SPX",2000-10-13,0.00017728831253086,1373.32
".SPX",2000-10-16,9.35608696676445e-05,1373.67
".SPX",2000-10-17,0.00014307169737774,1349.85
".SPX",2000-10-18,0.00067989522422861,1341.53
".SPX",2000-10-19,0.00027155568141419,1388.75
".SPX",2000-10-20,9.54072629244599e-05,1396.05
".SPX",2000-10-23,9.49627354473926e-05,1396.31
".SPX",2000-10-24,0.0001250680109321,1397.9
".SPX",2000-10-25,0.00020825080705613,1365.47
".SPX",2000-10-26,0.00030041706342355,1363.77
".SPX",2000-10-27,0.00022043299314469,1379.25
".SPX",2000-10-30,0.00012881091399887,1398.64
".SPX",2000-10-31,7.92738065356573e-05,1429.01
".SPX",2000-11-01,0.00010593078988715,1420.6
".SPX",2000-11-02,6.29152705624298e-05,1428.12
".SPX",2000-11-03,6.44961921348745e-05,1426.85
".SPX",2000-11-06,3.4093375975978e-05,1432.19
".SPX",2000-11-07,4.90539132197397e-05,1432.44
".SPX",2000-11-08,0.00012297813611956,1408.97
".SPX",2000-11-09,0.00034086949185335,1399.18
".SPX",2000-11-10,0.00016369936686558,1366.93
".SPX",2000-11-13,0.00038400934775034,1351.35
".SPX",2000-11-14,0.00019239710929377,1383.08
".SPX",2000-11-15,0.00013446057326486,1389.07
".SPX",2000-11-16,9.7859025114777e-05,1373.48
".SPX",2000-11-17,0.00026595686288863,1368.75
".SPX",2000-11-20,0.00012362576723848,1342.42
".SPX",2000-11-21,0.00013445303306354,1346.58
".SPX",2000-11-22,0.00024194287770208,1322.17
".SPX",2000-11-24,5.80235796652901e-05,1341.77
".SPX",2000-11-27,0.0002130253028215,1350.25
".SPX",2000-11-28,0.00013573947615815,1335.39
".SPX",2000-11-29,0.00019000340722219,1341.9
".SPX",2000-11-30,0.00035085912170632,1314
".SPX",2000-12-01,0.00017887474451028,1314.59
".SPX",2000-12-04,0.00020411986782871,1325.23
".SPX",2000-12-05,0.00012103940191243,1375.47
".SPX",2000-12-06,0.00018199692388977,1350.87
".SPX",2000-12-07,8.11843504453746e-05,1344.07
".SPX",2000-12-08,0.00020598918268148,1370.93
".SPX",2000-12-11,9.01911410638123e-05,1381.9
".SPX",2000-12-12,6.64160214594729e-05,1370.53
".SPX",2000-12-13,0.00019768666028563,1359.51
".SPX",2000-12-14,0.00014285412225625,1340.77
".SPX",2000-12-15,0.00018594141948378,1323.96
".SPX",2000-12-18,0.00015769838231665,1322.31
".SPX",2000-12-19,0.00032929473453017,1305.61
".SPX",2000-12-20,0.00052289838768967,1264.97
".SPX",2000-12-21,0.00023774421275534,1274.05
".SPX",2000-12-22,0.00014084594113154,1305.45
".SPX",2000-12-26,8.09003633588778e-05,1315.79
".SPX",2000-12-27,8.91351474507812e-05,1329.06
".SPX",2000-12-28,5.94654552343138e-05,1333.64
".SPX",2000-12-29,9.13229739015504e-05,1319.38
".SPX",2001-01-02,0.00020250746057023,1282
".SPX",2001-01-03,0.00100256058759657,1347.7
".SPX",2001-01-04,0.00015900323467991,1333.09
".SPX",2001-01-05,0.00024418469138967,1298.81
".SPX",2001-01-08,8.25076997542811e-05,1289.27
".SPX",2001-01-09,0.00015813438430655,1300.46
".SPX",2001-01-10,0.00018585670348306,1313
".SPX",2001-01-11,9.41452531982744e-05,1326.64
".SPX",2001-01-12,0.0001148051612152,1318.64
".SPX",2001-01-16,8.16065269956506e-05,1325.7
".SPX",2001-01-17,0.00016484370936425,1328.61
".SPX",2001-01-18,8.95013711901989e-05,1348.27
".SPX",2001-01-19,0.00010553976074951,1342.57
".SPX",2001-01-22,9.5614007484799e-05,1342.99
".SPX",2001-01-23,6.93482913029957e-05,1359.72
".SPX",2001-01-24,8.26444153010296e-05,1363.91
".SPX",2001-01-25,7.15478131283813e-05,1357.79
".SPX",2001-01-26,7.32117745882583e-05,1354.94
".SPX",2001-01-29,4.3834000021665e-05,1364.79
".SPX",2001-01-30,5.56318672000052e-05,1373.8
".SPX",2001-01-31,0.00011197458415457,1365.68
".SPX",2001-02-01,7.31159723441873e-05,1371.7
".SPX",2001-02-02,6.90517482733356e-05,1348.73
".SPX",2001-02-05,5.21841815534959e-05,1354.1
".SPX",2001-02-06,4.39556183818342e-05,1352.13
".SPX",2001-02-07,9.42522195690043e-05,1340.82
".SPX",2001-02-08,5.7165475635035e-05,1332.46
".SPX",2001-02-09,6.05134401120844e-05,1315.38
".SPX",2001-02-12,6.81063327942958e-05,1329.79
".SPX",2001-02-13,7.25684842998613e-05,1317.68
".SPX",2001-02-14,8.48998924218174e-05,1316.47
".SPX",2001-02-15,7.54916477918597e-05,1326.51
".SPX",2001-02-16,7.80801079727156e-05,1301.49
".SPX",2001-02-20,8.0741595218809e-05,1278.6
".SPX",2001-02-21,0.00012733204219624,1254.67
".SPX",2001-02-22,0.00035031027607777,1252.17
".SPX",2001-02-23,0.00032473358629661,1245.61
".SPX",2001-02-26,0.00012761794636901,1267.18
".SPX",2001-02-27,8.22489261735149e-05,1257.94
".SPX",2001-02-28,0.00021630299601813,1240.19
".SPX",2001-03-01,0.0002695193595089,1241
".SPX",2001-03-02,0.00028807077287594,1248.05
".SPX",2001-03-05,7.93193282856726e-05,1241.17
".SPX",2001-03-06,0.00014887919563246,1253.65
".SPX",2001-03-07,0.00013020253774793,1261.49
".SPX",2001-03-09,0.00020704917344938,1232.35
".SPX",2001-03-12,0.00031489295493295,1178.88
".SPX",2001-03-13,0.00025106077400146,1197.08
".SPX",2001-03-14,0.00090745048217144,1166.18
".SPX",2001-03-15,0.00016273457532002,1172.94
".SPX",2001-03-16,0.00022175137711871,1150.36
".SPX",2001-03-19,0.00012733758890945,1170.67
".SPX",2001-03-20,0.00027641299666022,1142.19
".SPX",2001-03-22,0.00055794225744565,1117
".SPX",2001-03-23,0.00028869081073594,1139.63
".SPX",2001-03-26,0.00019994892821218,1152.43
".SPX",2001-03-27,0.000125629475114,1182.03
".SPX",2001-03-28,0.00029387118327873,1152.87
".SPX",2001-03-29,0.00024329574121932,1147.37
".SPX",2001-03-30,0.0002361010377925,1158.93
".SPX",2001-04-02,1.52900755235037e-05,1162.24
".SPX",2001-04-03,0.00027006519230012,1105.27
".SPX",2001-04-04,0.00036540463700527,1101.98
".SPX",2001-04-05,0.00028290744516661,1149.7
".SPX",2001-04-06,0.00040807441597958,1127.62
".SPX",2001-04-09,0.00015036274732485,1137.04
".SPX",2001-04-10,0.00015671117820535,1167.91
".SPX",2001-04-11,0.00017043043313046,1165.94
".SPX",2001-04-12,0.00016445323689433,1182.64
".SPX",2001-04-16,0.00012022170170105,1178.51
".SPX",2001-04-17,0.0001767609789441,1190.91
".SPX",2001-04-18,0.00010556039284677,1211.4
".SPX",2001-04-19,9.78137420854253e-05,1253.36
".SPX",2001-04-20,0.00010580270431495,1242.49
".SPX",2001-04-23,7.29388741750865e-05,1223.55
".SPX",2001-04-24,9.83001679097946e-05,1209.79
".SPX",2001-04-25,0.00011513082638794,1228.96
".SPX",2001-04-26,8.86406881440466e-05,1234.86
".SPX",2001-04-27,0.00010091592554559,1252.16
".SPX",2001-04-30,7.94656402354551e-05,1249.21
".SPX",2001-05-01,9.5159244243753e-05,1265.95
".SPX",2001-05-02,0.0001059746139871,1266.82
".SPX",2001-05-03,0.00012351846872421,1248.46
".SPX",2001-05-04,0.00017139648847583,1266.62
".SPX",2001-05-07,8.53613379643561e-05,1262.57
".SPX",2001-05-08,6.83015790531835e-05,1261.03
".SPX",2001-05-09,0.00012494184243499,1255.23
".SPX",2001-05-10,0.00011820930000694,1255.56
".SPX",2001-05-11,7.71332219379853e-05,1245
".SPX",2001-05-14,3.7018633952664e-05,1248.49
".SPX",2001-05-15,9.62680575990801e-05,1248.84
".SPX",2001-05-16,0.00010368091132309,1284.92
".SPX",2001-05-17,9.20622958652425e-05,1288.91
".SPX",2001-05-18,5.32001690743672e-05,1291.84
".SPX",2001-05-21,6.30435793698092e-05,1312.66
".SPX",2001-05-22,6.52036379686624e-05,1308.71
".SPX",2001-05-23,7.47072571720568e-05,1288.86
".SPX",2001-05-24,7.12815858152474e-05,1292.9
".SPX",2001-05-25,4.6861129461996e-05,1278.27
".SPX",2001-05-29,5.36713873170051e-05,1267.9
".SPX",2001-05-30,7.34123858680848e-05,1247.91
".SPX",2001-05-31,7.17126865862613e-05,1255.54
".SPX",2001-06-01,7.7119939662275e-05,1261.05
".SPX",2001-06-04,4.58945519555266e-05,1266.85
".SPX",2001-06-05,5.76197175509312e-05,1283.55
".SPX",2001-06-06,8.26558819156279e-05,1269.77
".SPX",2001-06-07,6.23601466975616e-05,1276.99
".SPX",2001-06-08,4.42613478423478e-05,1264.88
".SPX",2001-06-11,3.87003663956642e-05,1254.29
".SPX",2001-06-12,0.00011394653329999,1255.94
".SPX",2001-06-13,5.12068108196617e-05,1241.64
".SPX",2001-06-14,8.76750250188515e-05,1219.67
".SPX",2001-06-15,0.00017024791200993,1214.06
".SPX",2001-06-18,8.1513609525355e-05,1208.5
".SPX",2001-06-19,0.0002115646219469,1212.31
".SPX",2001-06-20,9.18969241922454e-05,1223.07
".SPX",2001-06-21,8.2946606662866e-05,1236.2
".SPX",2001-06-22,6.7787046435779e-05,1224.65
".SPX",2001-06-25,6.08585805633957e-05,1218.73
".SPX",2001-06-26,0.00010897617489016,1216.69
".SPX",2001-06-27,0.00010282372431744,1211.81
".SPX",2001-06-28,0.00010926192942127,1225.9
".SPX",2001-06-29,5.41907152205155e-05,1227.82
".SPX",2001-07-02,4.75391940912271e-05,1236.28
".SPX",2001-07-03,2.11637328065995e-05,1234.45
".SPX",2001-07-05,5.37779453558919e-05,1219.27
".SPX",2001-07-06,0.00011119925559871,1191.03
".SPX",2001-07-09,5.33217049494418e-05,1198.26
".SPX",2001-07-10,7.74571416222256e-05,1180.93
".SPX",2001-07-11,0.00013437535053159,1180.2
".SPX",2001-07-12,5.3248964440129e-05,1208.3
".SPX",2001-07-13,5.7162474942408e-05,1215.42
".SPX",2001-07-16,7.08454770864407e-05,1202.35
".SPX",2001-07-17,7.71264253714437e-05,1214.22
".SPX",2001-07-18,9.36095891207862e-05,1207.22
".SPX",2001-07-19,0.00012035386149449,1214.31
".SPX",2001-07-20,5.07246850205511e-05,1210.71
".SPX",2001-07-23,9.24091189588881e-05,1191.07
".SPX",2001-07-24,0.00011304639523507,1171.26
".SPX",2001-07-25,0.00010567664249891,1190.2
".SPX",2001-07-26,7.37304635177461e-05,1203.09
".SPX",2001-07-27,5.62654442896248e-05,1205.89
".SPX",2001-07-30,5.33544407844181e-05,1204.45
".SPX",2001-07-31,5.40578707028161e-05,1210.83
".SPX",2001-08-01,5.14624848935972e-05,1215.42
".SPX",2001-08-02,5.1195725668326e-05,1220.4
".SPX",2001-08-03,7.94800673932887e-05,1214.16
".SPX",2001-08-06,3.94250941271467e-05,1200.47
".SPX",2001-08-07,4.14536978630903e-05,1203.43
".SPX",2001-08-08,8.22069948939824e-05,1183.09
".SPX",2001-08-09,9.7888737658488e-05,1182.85
".SPX",2001-08-10,0.00011153665491043,1189.93
".SPX",2001-08-13,4.59342924756622e-05,1191.16
".SPX",2001-08-14,6.08078718299228e-05,1186.64
".SPX",2001-08-15,6.96916751914132e-05,1178.17
".SPX",2001-08-16,0.00010902027409148,1181.36
".SPX",2001-08-17,9.4698826551989e-05,1161.29
".SPX",2001-08-20,4.15869981014782e-05,1170.95
".SPX",2001-08-21,9.33674875702403e-06,1177.07
".SPX",2001-08-22,3.27220405600456e-05,1157.82
".SPX",2001-08-23,3.55332691555755e-05,1162.09
".SPX",2001-08-24,7.85532973626768e-05,1184.59
".SPX",2001-08-27,4.56113499322064e-05,1179.52
".SPX",2001-08-28,7.81859799874101e-05,1161.84
".SPX",2001-08-29,8.2278502804917e-05,1148.56
".SPX",2001-08-30,0.00014449483508188,1128.89
".SPX",2001-08-31,0.00012440720771752,1134.29
".SPX",2001-09-04,0.00014538152754342,1132.28
".SPX",2001-09-05,0.00024517658368291,1130.92
".SPX",2001-09-06,0.00026184887464316,1106.03
".SPX",2001-09-07,0.00026548016892363,1085.89
".SPX",2001-09-10,5.57172730285613e-05,1092.54
".SPX",2001-09-17,0.00052293401448788,1038.99
".SPX",2001-09-18,9.91792209220727e-05,1032.38
".SPX",2001-09-19,0.0004292782195035,1016.29
".SPX",2001-09-20,0.00045611347934467,984.82
".SPX",2001-09-21,0.00111052223140775,966.35
".SPX",2001-09-24,0.00056786356391581,1003.04
".SPX",2001-09-25,0.00017652722434891,1012.14
".SPX",2001-09-26,0.00012786198905612,1006.43
".SPX",2001-09-27,0.00018277704192335,1018.5
".SPX",2001-09-28,0.00018698571474144,1039.87
".SPX",2001-10-01,0.00012110760017114,1037.99
".SPX",2001-10-02,0.00012001239637484,1050.55
".SPX",2001-10-03,0.00022782629568867,1071.69
".SPX",2001-10-04,0.00019545897431261,1069.3
".SPX",2001-10-05,0.00019288311309369,1070.7
".SPX",2001-10-09,9.18069949643662e-05,1056.92
".SPX",2001-10-10,0.00011976184617109,1081.26
".SPX",2001-10-11,0.00015721508678759,1097.03
".SPX",2001-10-12,0.00034506832922812,1091.26
".SPX",2001-10-15,0.00010506075690396,1089.78
".SPX",2001-10-16,0.00011220160496925,1097.42
".SPX",2001-10-17,0.00024563583797734,1076.57
".SPX",2001-10-18,0.0001203901254765,1068.77
".SPX",2001-10-19,7.54154457966791e-05,1072.98
".SPX",2001-10-22,8.43902066931053e-05,1089.64
".SPX",2001-10-23,0.00012886790636908,1084.61
".SPX",2001-10-24,1.10337797048753e-05,1081.26
".SPX",2001-10-25,0.00028263894039272,1099.68
".SPX",2001-10-26,0.00013704332821584,1104.59
".SPX",2001-10-29,0.00013065872056908,1078.61
".SPX",2001-10-30,0.00016803034020819,1059.53
".SPX",2001-10-31,0.00015432792415087,1059.89
".SPX",2001-11-01,0.00019638806612121,1083.59
".SPX",2001-11-02,0.00013376433864164,1087.01
".SPX",2001-11-05,0.00013700507092122,1102.5
".SPX",2001-11-06,0.00013108456006339,1118.62
".SPX",2001-11-07,6.4049222941788e-05,1115.8
".SPX",2001-11-08,0.00014369966592746,1118.6
".SPX",2001-11-09,0.00012482095153254,1119.96
".SPX",2001-11-12,0.00033486263884021,1118.12
".SPX",2001-11-13,0.00011644355863756,1138.92
".SPX",2001-11-14,5.24897612456237e-05,1141.21
".SPX",2001-11-15,8.43015804174104e-05,1141.23
".SPX",2001-11-16,7.64602455467144e-05,1138.13
".SPX",2001-11-19,5.21316282068135e-05,1150.64
".SPX",2001-11-20,6.44149823871284e-05,1142.64
".SPX",2001-11-21,6.32763345950355e-05,1136.85
".SPX",2001-11-23,1.97223767424516e-05,1150.34
".SPX",2001-11-26,5.45976609063085e-05,1157.21
".SPX",2001-11-27,0.00015432123905871,1149.31
".SPX",2001-11-28,0.00012166961222924,1128.7
".SPX",2001-11-29,8.54351943848007e-05,1139.67
".SPX",2001-11-30,4.73186635465148e-05,1139.37
".SPX",2001-12-03,0.00010242976440322,1129.49
".SPX",2001-12-04,4.27001430936452e-05,1144.62
".SPX",2001-12-05,8.98891592928644e-05,1170.6
".SPX",2001-12-06,5.48022213268439e-05,1166.95
".SPX",2001-12-07,7.71985998229049e-05,1157.61
".SPX",2001-12-10,6.11853104458317e-05,1139.99
".SPX",2001-12-11,6.12648167072361e-05,1136.39
".SPX",2001-12-12,8.60276679932548e-05,1136.46
".SPX",2001-12-13,0.00011918964762245,1118.54
".SPX",2001-12-14,7.980330126319e-05,1123.45
".SPX",2001-12-17,5.30580801543324e-05,1134.29
".SPX",2001-12-18,6.76944442314114e-05,1142.96
".SPX",2001-12-19,7.87282825626006e-05,1149.62
".SPX",2001-12-20,3.89801120304785e-05,1140.35
".SPX",2001-12-21,5.00761877499158e-05,1145.65
".SPX",2001-12-24,6.5870949056769e-06,1144.65
".SPX",2001-12-26,4.13079437204647e-05,1150.57
".SPX",2001-12-27,2.35763858707266e-05,1156.68
".SPX",2001-12-28,3.18094129906379e-05,1160.33
".SPX",2001-12-31,3.79932622484652e-05,1148.04
".SPX",2002-01-02,9.33833064710352e-05,1153.93
".SPX",2002-01-03,4.67095083996591e-05,1164.93
".SPX",2002-01-04,9.46984318171772e-05,1172.25
".SPX",2002-01-07,4.29521097399057e-05,1164.27
".SPX",2002-01-08,5.47334394395126e-05,1160.14
".SPX",2002-01-09,9.01429855150224e-05,1154.8
".SPX",2002-01-10,4.9472798921742e-05,1156.5
".SPX",2002-01-11,5.95452515898771e-05,1145.57
".SPX",2002-01-14,3.62087296009082e-05,1138.41
".SPX",2002-01-15,6.17352105287681e-05,1146.28
".SPX",2002-01-16,7.78669617439399e-05,1127.68
".SPX",2002-01-17,3.50835323348733e-05,1132.62
".SPX",2002-01-18,2.85803811647484e-05,1127.58
".SPX",2002-01-22,5.84341548410362e-05,1119.34
".SPX",2002-01-23,5.59254464339887e-05,1128.21
".SPX",2002-01-24,5.40089818654021e-05,1131.98
".SPX",2002-01-25,4.91617654709121e-05,1132.91
".SPX",2002-01-28,9.89667317990329e-06,1133.06
".SPX",2002-01-29,0.00010871769300363,1101.18
".SPX",2002-01-30,0.00029510289769974,1113.41
".SPX",2002-01-31,7.91138519121238e-05,1129.17
".SPX",2002-02-01,3.07853919278749e-05,1123.14
".SPX",2002-02-04,0.00010446640151807,1093.79
".SPX",2002-02-05,0.00018548929814302,1089.54
".SPX",2002-02-06,0.0001652027516478,1083.5
".SPX",2002-02-07,0.00012866875911359,1079.96
".SPX",2002-02-08,0.00010497822120551,1096.27
".SPX",2002-02-11,4.46726283430639e-05,1111.91
".SPX",2002-02-12,6.33784160057817e-05,1107.34
".SPX",2002-02-13,6.71663600016815e-05,1118.03
".SPX",2002-02-14,6.69998829687343e-05,1116.17
".SPX",2002-02-15,8.17477908268635e-05,1104.3
".SPX",2002-02-19,0.00010939166778166,1083.18
".SPX",2002-02-20,0.00010326306040895,1098.11
".SPX",2002-02-21,0.0001140978100335,1081.41
".SPX",2002-02-22,0.00015407220271596,1089.36
".SPX",2002-02-25,7.72659702097953e-05,1109.75
".SPX",2002-02-26,0.00011388109694387,1109.25
".SPX",2002-02-27,0.0001167241773429,1109.77
".SPX",2002-02-28,0.00010084367499368,1106.95
".SPX",2002-03-01,9.19700358734898e-05,1131.49
".SPX",2002-03-04,7.72894112734655e-05,1153.55
".SPX",2002-03-05,0.00011252290331345,1146.58
".SPX",2002-03-06,6.19285780002931e-05,1162.68
".SPX",2002-03-07,0.00010449986318188,1157.43
".SPX",2002-03-08,0.00011235410159743,1164.18
".SPX",2002-03-11,4.01736070188348e-05,1168.02
".SPX",2002-03-12,0.00018476470712243,1165.29
".SPX",2002-03-13,6.09538747386934e-05,1153.96
".SPX",2002-03-14,3.08382603357304e-05,1153.15
".SPX",2002-03-15,4.64964331533779e-05,1165.93
".SPX",2002-03-18,5.09051370460317e-05,1165.26
".SPX",2002-03-19,5.80435202475606e-05,1169.7
".SPX",2002-03-20,8.40242765698662e-05,1151.75
".SPX",2002-03-21,6.18789665152289e-05,1153.77
".SPX",2002-03-22,6.288085736371e-05,1148.41
".SPX",2002-03-25,4.70956275752654e-05,1132.24
".SPX",2002-03-26,8.66001996470012e-05,1138.39
".SPX",2002-03-27,4.57776982636406e-05,1144.86
".SPX",2002-03-28,4.59962992629547e-05,1147.26
".SPX",2002-04-01,6.70652128457268e-05,1146.29
".SPX",2002-04-02,6.0573866873613e-05,1137.01
".SPX",2002-04-03,5.71172571245014e-05,1124.78
".SPX",2002-04-04,5.4259780999927e-05,1126.24
".SPX",2002-04-05,5.47966894442291e-05,1122.72
".SPX",2002-04-08,0.00012484695089725,1125.19
".SPX",2002-04-09,4.49107530704388e-05,1117.46
".SPX",2002-04-10,5.39450087392147e-05,1130.29
".SPX",2002-04-11,9.85939547570038e-05,1106.58
".SPX",2002-04-12,7.0017772275439e-05,1110.41
".SPX",2002-04-15,7.11074208898487e-05,1102.74
".SPX",2002-04-16,0.00013249288569647,1128.21
".SPX",2002-04-17,3.63695503887499e-05,1126.38
".SPX",2002-04-18,0.00017670437631664,1124.71
".SPX",2002-04-19,2.66927843049004e-05,1124.71
".SPX",2002-04-22,3.48635624752384e-05,1108.08
".SPX",2002-04-23,7.12354788824214e-05,1100.55
".SPX",2002-04-24,6.42492851626222e-05,1093.29
".SPX",2002-04-25,7.48687471932138e-05,1091.59
".SPX",2002-04-26,8.1974827189034e-05,1076.67
".SPX",2002-04-29,8.11910824349626e-05,1065.44
".SPX",2002-04-30,8.81970294788581e-05,1076.8
".SPX",2002-05-01,0.00010866744801549,1085.86
".SPX",2002-05-02,8.94145084898688e-05,1083.96
".SPX",2002-05-03,8.2229664844774e-05,1072.99
".SPX",2002-05-06,7.98142175041314e-05,1052.92
".SPX",2002-05-07,0.00010958691881231,1049.31
".SPX",2002-05-08,0.00018880803987382,1088.71
".SPX",2002-05-09,0.0001304652042968,1072.68
".SPX",2002-05-10,9.47402958055761e-05,1055.29
".SPX",2002-05-13,7.04266339469084e-05,1074.25
".SPX",2002-05-14,0.000154336402139,1097.15
".SPX",2002-05-15,0.00013294552293961,1090.88
".SPX",2002-05-16,5.50883393577168e-05,1098.21
".SPX",2002-05-17,6.04422262705876e-05,1106.16
".SPX",2002-05-20,6.24671667174655e-05,1092
".SPX",2002-05-21,6.98986963121974e-05,1080.19
".SPX",2002-05-22,8.69987305870114e-05,1085.88
".SPX",2002-05-23,6.46775272287037e-05,1096.68
".SPX",2002-05-24,4.47543780060531e-05,1083.67
".SPX",2002-05-28,5.98138606446979e-05,1074.63
".SPX",2002-05-29,4.37787625248328e-05,1067.81
".SPX",2002-05-30,0.00011906111910183,1065.11
".SPX",2002-05-31,5.49419952707591e-05,1067.44
".SPX",2002-06-03,0.00013384782279049,1040.08
".SPX",2002-06-04,0.00019525631303265,1039.5
".SPX",2002-06-05,7.62712301393841e-05,1049.76
".SPX",2002-06-06,9.90374061289241e-05,1028.26
".SPX",2002-06-07,0.00022565020342806,1027.18
".SPX",2002-06-10,0.00010756572229434,1030.45
".SPX",2002-06-11,0.00011508968651644,1013.02
".SPX",2002-06-12,0.00023119306961252,1021.41
".SPX",2002-06-13,0.00011920633028641,1008.95
".SPX",2002-06-14,0.00037052930002467,1007.36
".SPX",2002-06-17,0.00013259035826797,1035.81
".SPX",2002-06-18,9.68354788725507e-05,1036.66
".SPX",2002-06-19,0.00012388793390078,1019.93
".SPX",2002-06-20,0.00013182858313005,1006.53
".SPX",2002-06-21,0.00014452665312734,988.98
".SPX",2002-06-24,0.00025594181391605,992.79
".SPX",2002-06-25,0.00024279275457777,976
".SPX",2002-06-26,0.00056543512214967,973.68
".SPX",2002-06-27,0.00031127384144131,990.15
".SPX",2002-06-28,0.00012532663268297,989.87
".SPX",2002-07-01,0.00014791713171565,967.63
".SPX",2002-07-02,0.00026068519651844,947.86
".SPX",2002-07-03,0.00021461067514144,953.9
".SPX",2002-07-05,0.00014341387374699,989.03
".SPX",2002-07-08,0.00018195676899246,976.87
".SPX",2002-07-09,0.00020235011805701,952.31
".SPX",2002-07-10,0.00033369692572797,920.35
".SPX",2002-07-11,0.00062629829392365,927.65
".SPX",2002-07-12,0.00037680917545964,920.62
".SPX",2002-07-15,0.00055249899716784,917.25
".SPX",2002-07-16,0.00053361996735495,901.14
".SPX",2002-07-17,0.00075545920557236,905.54
".SPX",2002-07-18,0.00026859314256195,880.67
".SPX",2002-07-19,0.00046269614275653,845.37
".SPX",2002-07-22,0.00106407532486643,819.53
".SPX",2002-07-23,0.00083227075196596,796.81
".SPX",2002-07-24,0.00133031675141251,844.11
".SPX",2002-07-25,0.00115638269673461,838.52
".SPX",2002-07-26,0.00042014177035075,852.55
".SPX",2002-07-29,0.00043586113541609,898.53
".SPX",2002-07-30,0.00047622296539891,902.89
".SPX",2002-07-31,0.00030952877743844,910.53
".SPX",2002-08-01,0.00031917661366462,883.18
".SPX",2002-08-02,0.00031891575165484,863.66
".SPX",2002-08-05,0.00024443224226631,834.06
".SPX",2002-08-06,0.00055870187759914,860.17
".SPX",2002-08-07,0.0005753978693946,876.96
".SPX",2002-08-08,0.0002883329730279,905.63
".SPX",2002-08-09,0.00031047828937229,908.68
".SPX",2002-08-12,0.00033872996757397,903.36
".SPX",2002-08-13,0.000293429667832,883.68
".SPX",2002-08-14,0.00036030014793379,919.66
".SPX",2002-08-15,0.00039493555408428,929.85
".SPX",2002-08-16,6.36931815552932e-05,928.77
".SPX",2002-08-19,0.00011522782988531,950.4
".SPX",2002-08-20,0.00018665272050254,937.06
".SPX",2002-08-21,0.00029717123642458,949.11
".SPX",2002-08-22,0.00016168001713503,962.71
".SPX",2002-08-23,0.00015656446441507,940.54
".SPX",2002-08-26,0.00014869605326595,947.87
".SPX",2002-08-27,0.00025282465346747,933.96
".SPX",2002-08-28,0.000175648035885,917.34
".SPX",2002-08-29,0.00035947656651611,917.77
".SPX",2002-08-30,0.00021180897241915,915.63
".SPX",2002-09-03,0.00038188717443048,877.68
".SPX",2002-09-04,0.0001454305285516,892.38
".SPX",2002-09-05,0.00033172571170619,878.79
".SPX",2002-09-06,0.00027275341281049,893.21
".SPX",2002-09-09,0.00017988860924739,902.9
".SPX",2002-09-10,7.39844432901866e-05,909.58
".SPX",2002-09-11,0.00013873160135034,909.45
".SPX",2002-09-12,0.00014231147728299,886.61
".SPX",2002-09-13,0.00023498812548704,889.15
".SPX",2002-09-16,0.00011556693424754,890.61
".SPX",2002-09-17,0.00022467618481699,873.18
".SPX",2002-09-18,0.00026209891044164,869.43
".SPX",2002-09-19,0.00030034389501661,843.32
".SPX",2002-09-20,0.0001734264618702,844.96
".SPX",2002-09-23,0.0002730421696901,833.74
".SPX",2002-09-24,0.00046507935504902,819.21
".SPX",2002-09-25,0.00031984479426018,839.19
".SPX",2002-09-26,0.00025856049733082,854.79
".SPX",2002-09-27,0.00023834800236498,826.9
".SPX",2002-09-30,0.00064768152513754,814.14
".SPX",2002-10-01,0.00037765853113321,847.24
".SPX",2002-10-02,0.00024427094171619,827.9
".SPX",2002-10-03,0.00044761876924087,818.4
".SPX",2002-10-04,0.00076175502466874,800.23
".SPX",2002-10-07,0.00035702432810578,785.46
".SPX",2002-10-08,0.00067067107449299,798.24
".SPX",2002-10-09,0.00063372505006122,776.66
".SPX",2002-10-10,0.00048909152423743,803.47
".SPX",2002-10-11,0.00048065939771677,834.8
".SPX",2002-10-14,0.00025322886121511,840.99
".SPX",2002-10-15,0.00043812665861992,880.86
".SPX",2002-10-16,0.00019947024223419,860.05
".SPX",2002-10-17,0.00061004639986894,878.96
".SPX",2002-10-18,0.00027666124884202,883.98
".SPX",2002-10-21,0.0002129640498419,899.58
".SPX",2002-10-22,7.60247584656501e-05,890.16
".SPX",2002-10-23,0.00025736324486229,896
".SPX",2002-10-24,0.0002423684968664,882.28
".SPX",2002-10-25,0.00020962383894122,897.28
".SPX",2002-10-28,0.0001901155115906,890.12
".SPX",2002-10-29,0.00031278071806307,882.32
".SPX",2002-10-30,0.00018559484941441,890.53
".SPX",2002-11-01,0.00023068253777973,901.2
".SPX",2002-11-04,0.00014240214369167,907.64
".SPX",2002-11-05,9.57955504048445e-05,915.11
".SPX",2002-11-06,0.0003459741604055,923.46
".SPX",2002-11-07,0.00018928019091555,901.82
".SPX",2002-11-08,0.00017319221819473,894.39
".SPX",2002-11-11,0.00012473836477163,876.31
".SPX",2002-11-12,0.00014899144502488,882.96
".SPX",2002-11-13,0.00026257726725617,882.25
".SPX",2002-11-14,0.00015704710798293,904.18
".SPX",2002-11-15,0.00018452387365475,909.61
".SPX",2002-11-18,0.00013943579893893,900.19
".SPX",2002-11-19,0.00011987370447115,896.79
".SPX",2002-11-20,5.02007540700934e-05,903.47
".SPX",2002-11-21,0.00013963757655721,934.01
".SPX",2002-11-22,9.0064124683337e-05,930.79
".SPX",2002-11-25,9.00557020517221e-05,933.41
".SPX",2002-11-26,8.72668315111768e-05,913.69
".SPX",2002-11-27,0.00010571428302969,938.63
".SPX",2002-11-29,4.21530185666681e-05,936.31
".SPX",2002-12-02,0.00027905734232487,933.76
".SPX",2002-12-03,0.00012880749051285,920.23
".SPX",2002-12-04,0.00019893149033786,917.53
".SPX",2002-12-05,9.73439666071268e-05,906.4
".SPX",2002-12-06,0.00022729244264992,912
".SPX",2002-12-09,0.00012646682497469,892.13
".SPX",2002-12-10,8.94583367400092e-05,904.22
".SPX",2002-12-11,0.00012939955532657,905.08
".SPX",2002-12-12,0.00012240203596242,901.38
".SPX",2002-12-13,0.00017857427523339,889.4
".SPX",2002-12-16,7.02297616343305e-05,910.15
".SPX",2002-12-17,7.43859169859685e-05,903.06
".SPX",2002-12-18,0.00011092250645784,891.07
".SPX",2002-12-19,0.00011627218397996,884.21
".SPX",2002-12-20,0.00012151142648436,895.52
".SPX",2002-12-23,6.84581289824772e-05,897.56
".SPX",2002-12-24,1.83018704306625e-05,892.47
".SPX",2002-12-26,8.70951296162222e-05,889.09
".SPX",2002-12-27,8.71507143595748e-05,875.16
".SPX",2002-12-30,8.27479813361828e-05,879.08
".SPX",2002-12-31,0.00012013333524119,879.69
".SPX",2003-01-02,0.00022326799329395,908.7
".SPX",2003-01-03,9.74296656480553e-05,908.28
".SPX",2003-01-06,6.7667731138872e-05,927.05
".SPX",2003-01-07,0.00011270511481531,922.81
".SPX",2003-01-08,0.00012650096205596,909.43
".SPX",2003-01-09,9.75159119191572e-05,927.11
".SPX",2003-01-10,0.00016017541915417,927.26
".SPX",2003-01-13,0.00010069148556631,926.15
".SPX",2003-01-14,6.2195835729858e-05,931.52
".SPX",2003-01-15,6.76290770156348e-05,918.08
".SPX",2003-01-16,9.43868699578663e-05,914.78
".SPX",2003-01-22,9.86176366636283e-05,877.96
".SPX",2003-01-23,0.00011293534257539,887.62
".SPX",2003-01-24,0.00015515515288697,861.19
".SPX",2003-01-27,0.00024351714849096,847.01
".SPX",2003-01-28,0.00012316976846401,858.41
".SPX",2003-01-29,0.00022538046618705,864.57
".SPX",2003-01-30,0.00013415203243145,844.53
".SPX",2003-01-31,0.00015957122614547,855.33
".SPX",2003-02-03,0.00011497267206644,859.83
".SPX",2003-02-04,0.00020085184009059,848.24
".SPX",2003-02-05,0.00018068321817288,843.23
".SPX",2003-02-06,0.00019251343930119,838.37
".SPX",2003-02-07,0.00016661054465205,829.44
".SPX",2003-02-10,0.00013039724551149,835.7
".SPX",2003-02-11,8.9561334655769e-05,828.87
".SPX",2003-02-12,0.00011051614643604,818.49
".SPX",2003-02-13,0.00019109094989166,816.95
".SPX",2003-02-14,0.00018885853915973,834.33
".SPX",2003-02-18,0.00013538375849091,850.99
".SPX",2003-02-19,8.23938067775317e-05,844.75
".SPX",2003-02-20,7.79002281540509e-05,836.8
".SPX",2003-02-21,0.00015214691914712,848.57
".SPX",2003-02-24,8.63985886984143e-05,832.47
".SPX",2003-02-25,0.00020968348521844,838.54
".SPX",2003-02-26,0.0001148281661206,827.22
".SPX",2003-02-27,0.00018522496620632,837.03
".SPX",2003-02-28,0.00010406176186484,841.42
".SPX",2003-03-03,0.0001307755953401,834.6
".SPX",2003-03-04,5.22232131267638e-05,822.14
".SPX",2003-03-05,0.00012591178082435,829.61
".SPX",2003-03-06,0.00017336343469667,822.24
".SPX",2003-03-07,0.00031415246968606,828.68
".SPX",2003-03-10,8.06669517842298e-05,807.51
".SPX",2003-03-11,0.00012475395402641,800.54
".SPX",2003-03-12,0.00018037479271257,803.84
".SPX",2003-03-13,0.00024426038258027,831.87
".SPX",2003-03-14,0.00025099611955788,832.93
".SPX",2003-03-17,0.00036215973240891,862.68
".SPX",2003-03-18,0.0001818547050482,866.12
".SPX",2003-03-19,0.0001480080298636,873.9
".SPX",2003-03-20,0.00018868078487441,875.58
".SPX",2003-03-21,0.00017604500019869,895.53
".SPX",2003-03-24,0.00027090688912322,864.36
".SPX",2003-03-25,0.00014387241183205,874.71
".SPX",2003-03-26,0.00010364174373441,870.08
".SPX",2003-03-27,0.00013379674719299,868.35
".SPX",2003-03-28,0.00011746022321614,863.6
".SPX",2003-03-31,0.00024925076895735,847.87
".SPX",2003-04-01,0.00012921783328299,858.45
".SPX",2003-04-02,0.00031295874880179,880.95
".SPX",2003-04-03,7.24541915789686e-05,876.17
".SPX",2003-04-04,0.00015478903577889,878.64
".SPX",2003-04-07,0.0003453932280438,879.78
".SPX",2003-04-08,0.00011979605133556,878.19
".SPX",2003-04-09,0.00015799778336167,865.88
".SPX",2003-04-10,5.56457954675793e-05,871.57
".SPX",2003-04-11,0.00017405356358743,868.4
".SPX",2003-04-14,8.76369045283958e-05,885.04
".SPX",2003-04-15,6.71230012039777e-05,890.78
".SPX",2003-04-16,0.00013253178261308,879.88
".SPX",2003-04-17,5.49581998027676e-05,893.52
".SPX",2003-04-21,9.26615220691112e-05,892.09
".SPX",2003-04-22,9.88338280488076e-05,910.02
".SPX",2003-04-23,5.65487129536688e-05,918.9
".SPX",2003-04-24,6.87005924546983e-05,913.22
".SPX",2003-04-25,7.16726217058613e-05,898.51
".SPX",2003-04-28,6.41879067590998e-05,914.82
".SPX",2003-04-29,0.00012085099869516,918.04
".SPX",2003-04-30,0.00010987123394646,915.98
".SPX",2003-05-01,0.00010537773656308,916.11
".SPX",2003-05-02,0.00010141124269724,929.84
".SPX",2003-05-05,8.23397430802589e-05,926.46
".SPX",2003-05-06,8.41987820766728e-05,934.4
".SPX",2003-05-07,8.70301781946145e-05,929.47
".SPX",2003-05-08,0.00011933413414975,920.04
".SPX",2003-05-09,5.2275389939935e-05,933.27
".SPX",2003-05-12,5.22017748244984e-05,944.89
".SPX",2003-05-13,6.72234249334303e-05,942.21
".SPX",2003-05-14,7.27641500039552e-05,939.33
".SPX",2003-05-15,7.79798616513764e-05,946.57
".SPX",2003-05-16,5.79590788058235e-05,944.29
".SPX",2003-05-19,7.44871625030796e-05,920.74
".SPX",2003-05-20,0.0001109679537626,919.96
".SPX",2003-05-21,0.00010207884499335,923.23
".SPX",2003-05-22,7.18592437726966e-05,931.94
".SPX",2003-05-23,3.49878062619477e-05,932.98
".SPX",2003-05-27,7.93870213761052e-05,951.53
".SPX",2003-05-28,6.83778813384771e-05,953.41
".SPX",2003-05-29,9.25427547238951e-05,949.22
".SPX",2003-05-30,7.09800580116142e-05,963.82
".SPX",2003-06-02,0.00010140132665803,966.78
".SPX",2003-06-03,8.0899529096686e-05,971.46
".SPX",2003-06-04,7.23659016616809e-05,985.97
".SPX",2003-06-05,7.86156316075437e-05,989.85
".SPX",2003-06-06,0.00019478892982539,987.3
".SPX",2003-06-09,5.92606211554754e-05,975.85
".SPX",2003-06-10,7.36724277030311e-05,984.67
".SPX",2003-06-11,6.09923966722797e-05,997.21
".SPX",2003-06-12,9.2822392078948e-05,998.71
".SPX",2003-06-13,8.725287836239e-05,988.4
".SPX",2003-06-16,7.47646554433257e-05,1010.13
".SPX",2003-06-17,6.22979480876012e-05,1011.29
".SPX",2003-06-18,6.05879852423994e-05,1009.77
".SPX",2003-06-19,7.93551947239414e-05,994.5
".SPX",2003-06-20,6.9314401016026e-05,995.81
".SPX",2003-06-23,5.61076310356363e-05,981.49
".SPX",2003-06-24,5.78832002710862e-05,983.76
".SPX",2003-06-25,0.00013084883748813,975.93
".SPX",2003-06-26,7.3443058622557e-05,985.76
".SPX",2003-06-27,7.43954646266546e-05,976.29
".SPX",2003-06-30,0.00010273099420041,974.87
".SPX",2003-07-01,0.00011420378402001,982.29
".SPX",2003-07-02,4.83259265173095e-05,993.24
".SPX",2003-07-03,0.00012296706525885,985.7
".SPX",2003-07-07,0.00012959164723252,1004.21
".SPX",2003-07-08,5.20133621832265e-05,1007.63
".SPX",2003-07-09,7.69839843159754e-05,1002.24
".SPX",2003-07-10,8.47297543179754e-05,988.72
".SPX",2003-07-11,6.41726017963725e-05,998.28
".SPX",2003-07-14,0.00013855038544665,1003.94
".SPX",2003-07-15,0.00012508099628172,1000.2
".SPX",2003-07-16,6.36394995371566e-05,994
".SPX",2003-07-17,0.0001025288470414,982
".SPX",2003-07-18,7.60092219242942e-05,992.57
".SPX",2003-07-21,7.03540347553271e-05,978.64
".SPX",2003-07-22,9.0416488402933e-05,987.87
".SPX",2003-07-23,4.64132796019721e-05,988.59
".SPX",2003-07-24,0.00010893901109351,981.57
".SPX",2003-07-25,8.49550931308188e-05,998.63
".SPX",2003-07-28,8.69922697498604e-05,996.67
".SPX",2003-07-29,0.00013357399202057,989.26
".SPX",2003-07-30,5.27030543525513e-05,987.46
".SPX",2003-07-31,0.00016736846661747,990.03
".SPX",2003-08-01,8.13712226643618e-05,980.06
".SPX",2003-08-04,0.00012567022734055,982.73
".SPX",2003-08-05,0.00014379020258619,965.3
".SPX",2003-08-06,9.57488757054878e-05,967.14
".SPX",2003-08-07,6.79101214381038e-05,974.06
".SPX",2003-08-08,6.25497843758701e-05,977.74
".SPX",2003-08-11,5.28266302567022e-05,980.47
".SPX",2003-08-12,5.69974736710749e-05,990.29
".SPX",2003-08-13,3.89941298211571e-05,983.69
".SPX",2003-08-14,6.34733547465944e-05,990.29
".SPX",2003-08-15,1.45993720615292e-05,990.67
".SPX",2003-08-18,3.28727734149676e-05,999.92
".SPX",2003-08-19,4.34133437378365e-05,1002.6
".SPX",2003-08-20,3.39568037666542e-05,1000.27
".SPX",2003-08-21,7.27198388869211e-05,1003.41
".SPX",2003-08-22,8.63202950422907e-05,992.73
".SPX",2003-08-25,3.41504095714443e-05,993.31
".SPX",2003-08-26,7.48723985420616e-05,996.91
".SPX",2003-08-27,1.87754650656345e-05,997.15
".SPX",2003-08-28,5.04430043969529e-05,1003.39
".SPX",2003-08-29,5.23282045852983e-05,1008.04
".SPX",2003-09-02,7.79382234715747e-05,1022.29
".SPX",2003-09-03,5.22840941459018e-05,1026.11
".SPX",2003-09-04,2.86636217652109e-05,1028.04
".SPX",2003-09-05,5.24500047217756e-05,1020.92
".SPX",2003-09-08,4.13647734310263e-05,1031.68
".SPX",2003-09-09,4.57286212723558e-05,1023.28
".SPX",2003-09-10,4.74572965304414e-05,1010.74
".SPX",2003-09-11,5.33022134005942e-05,1016.19
".SPX",2003-09-12,4.83671558772692e-05,1018.51
".SPX",2003-09-15,2.87310441907171e-05,1014.64
".SPX",2003-09-16,3.16594648949561e-05,1029.13
".SPX",2003-09-17,3.17283135306117e-05,1025.9
".SPX",2003-09-18,3.10676336086679e-05,1039.39
".SPX",2003-09-19,2.92608461280322e-05,1036.26
".SPX",2003-09-22,0.00012135806159816,1022.38
".SPX",2003-09-23,4.64010217608536e-05,1028.87
".SPX",2003-09-24,5.42012545645586e-05,1009.23
".SPX",2003-09-25,7.210049390667e-05,1003.35
".SPX",2003-09-26,0.00010244873470825,997
".SPX",2003-09-29,5.60090690510956e-05,1006.31
".SPX",2003-09-30,0.00012286101713017,996.14
".SPX",2003-10-01,6.99149418691931e-05,1017.5
".SPX",2003-10-02,5.45779322464509e-05,1020.08
".SPX",2003-10-03,0.00014919240529629,1030.15
".SPX",2003-10-06,2.03296148670063e-05,1034.18
".SPX",2003-10-07,5.96574752196579e-05,1038.92
".SPX",2003-10-08,3.64072196421428e-05,1033.61
".SPX",2003-10-09,9.51518681372137e-05,1038.43
".SPX",2003-10-10,2.56884131578964e-05,1038.59
".SPX",2003-10-13,3.91428828459852e-05,1045.27
".SPX",2003-10-14,3.01806539892312e-05,1049.34
".SPX",2003-10-15,1.91839043819468e-05,1047.91
".SPX",2003-10-16,2.24793773650873e-05,1050.07
".SPX",2003-10-17,4.21652896281545e-05,1038.96
".SPX",2003-10-20,3.70615599357797e-05,1044.36
".SPX",2003-10-21,3.50705286971293e-05,1045.81
".SPX",2003-10-22,0.00010589580353034,1030.57
".SPX",2003-10-23,6.60222354886514e-05,1033.43
".SPX",2003-10-24,6.71931717004711e-05,1028.89
".SPX",2003-10-27,3.77072164056864e-05,1030.9
".SPX",2003-10-28,4.65928781825167e-05,1046.26
".SPX",2003-10-29,4.80688876045047e-05,1048.32
".SPX",2003-10-30,6.41347507888863e-05,1046.63
".SPX",2003-10-31,3.84062418027917e-05,1050.17
".SPX",2003-11-03,4.09540197805662e-05,1058.74
".SPX",2003-11-04,3.47709397808475e-05,1053.17
".SPX",2003-11-05,5.66553359279811e-05,1051.8
".SPX",2003-11-06,3.67552645750336e-05,1057.75
".SPX",2003-11-07,4.74393245910959e-05,1053.33
".SPX",2003-11-10,2.41806102810878e-05,1046.77
".SPX",2003-11-11,1.91730739971912e-05,1046.25
".SPX",2003-11-12,2.43637788626152e-05,1058.6
".SPX",2003-11-13,3.41267473781601e-05,1058.37
".SPX",2003-11-14,4.51237480579035e-05,1050.07
".SPX",2003-11-17,6.62512332849465e-05,1043.22
".SPX",2003-11-18,5.49510353081953e-05,1034.09
".SPX",2003-11-19,3.78115451671142e-05,1042.47
".SPX",2003-11-20,7.61557523839947e-05,1033.8
".SPX",2003-11-21,5.45785061999758e-05,1035
".SPX",2003-11-24,5.97582400277059e-05,1051.97
".SPX",2003-11-25,2.84012419697113e-05,1054.21
".SPX",2003-11-26,3.19325614851763e-05,1058.12
".SPX",2003-11-28,6.46803909284331e-06,1058.2
".SPX",2003-12-01,4.53754935403317e-05,1069.93
".SPX",2003-12-02,2.53539054234313e-05,1066.34
".SPX",2003-12-03,4.65493589158188e-05,1064.8
".SPX",2003-12-04,3.30497871615113e-05,1070.18
".SPX",2003-12-05,4.42758306173892e-05,1061.64
".SPX",2003-12-08,2.61502728447219e-05,1069.03
".SPX",2003-12-09,4.93712753356343e-05,1059.91
".SPX",2003-12-10,3.27517564975549e-05,1058.81
".SPX",2003-12-11,3.15955999154607e-05,1071.22
".SPX",2003-12-12,2.82683355682742e-05,1074.17
".SPX",2003-12-15,6.0000080947507e-05,1068.26
".SPX",2003-12-16,3.78909698624743e-05,1074.95
".SPX",2003-12-17,2.14049904645832e-05,1076.09
".SPX",2003-12-18,1.76963694930806e-05,1089.02
".SPX",2003-12-19,3.10081396689074e-05,1088.32
".SPX",2003-12-22,1.90321761757233e-05,1092.58
".SPX",2003-12-23,1.56314414224436e-05,1095.75
".SPX",2003-12-24,7.99782128993302e-06,1094.04
".SPX",2003-12-26,6.01911061876746e-06,1095.89
".SPX",2003-12-29,2.51727888572266e-05,1108.87
".SPX",2003-12-30,1.1010824797557e-05,1108.99
".SPX",2003-12-31,1.97396158703198e-05,1110.17
".SPX",2004-01-02,4.74669294724112e-05,1107.74
".SPX",2004-01-05,3.5042980315462e-05,1121.44
".SPX",2004-01-06,1.99686042775996e-05,1123.5
".SPX",2004-01-07,2.89491179957896e-05,1126.05
".SPX",2004-01-08,3.17646714073658e-05,1130.77
".SPX",2004-01-09,6.88776058191429e-05,1121.49
".SPX",2004-01-14,2.14538900906101e-05,1130.2
".SPX",2004-01-15,5.03032505619493e-05,1132.04
".SPX",2004-01-16,3.55757524589101e-05,1139.36
".SPX",2004-01-20,2.31848097854135e-05,1139.11
".SPX",2004-01-21,3.62287375493081e-05,1147.3
".SPX",2004-01-22,3.34411968403604e-05,1143.99
".SPX",2004-01-23,3.71444667273091e-05,1141.05
".SPX",2004-01-26,2.94933824776893e-05,1155.12
".SPX",2004-01-27,2.88998708265983e-05,1144.13
".SPX",2004-01-28,9.46589868840144e-05,1128.77
".SPX",2004-01-29,8.06008799766798e-05,1133.81
".SPX",2004-01-30,5.26553631868543e-05,1131.05
".SPX",2004-02-02,8.27649614578118e-05,1134.94
".SPX",2004-02-03,3.46813507214005e-05,1135.87
".SPX",2004-02-04,5.8548188959782e-05,1126.46
".SPX",2004-02-05,4.50060004741826e-05,1128.89
".SPX",2004-02-06,4.47508612020629e-05,1142.67
".SPX",2004-02-09,1.75870500307401e-05,1139.43
".SPX",2004-02-10,2.39646545183588e-05,1145.21
".SPX",2004-02-11,4.49338662043497e-05,1157.3
".SPX",2004-02-12,2.1655829814155e-05,1152.03
".SPX",2004-02-13,4.8056958962481e-05,1146.16
".SPX",2004-02-17,4.3735607222224e-05,1156.71
".SPX",2004-02-18,1.70997941465496e-05,1151.81
".SPX",2004-02-19,5.64317372301687e-05,1147.08
".SPX",2004-02-20,4.89761771651657e-05,1144.78
".SPX",2004-02-23,3.07227100707664e-05,1140.75
".SPX",2004-02-24,4.1801528184928e-05,1139.63
".SPX",2004-02-25,1.81441335041467e-05,1143.94
".SPX",2004-02-26,1.81213461366054e-05,1144.91
".SPX",2004-02-27,3.45772014309917e-05,1145.26
".SPX",2004-03-01,3.30084047095964e-05,1155.61
".SPX",2004-03-02,3.63360542062473e-05,1149.37
".SPX",2004-03-03,2.44954626296357e-05,1150.97
".SPX",2004-03-04,1.26395810721433e-05,1154.75
".SPX",2004-03-05,0.00010924088752625,1157.24
".SPX",2004-03-08,2.57531941546176e-05,1147.05
".SPX",2004-03-09,5.86501204275466e-05,1140.73
".SPX",2004-03-10,5.01825071770072e-05,1123.93
".SPX",2004-03-11,0.00010921768598289,1106.5
".SPX",2004-03-12,6.97666438680851e-05,1120.44
".SPX",2004-03-15,8.20141402973841e-05,1104.47
".SPX",2004-03-16,8.45516617566844e-05,1110.9
".SPX",2004-03-17,4.45869572815686e-05,1123.82
".SPX",2004-03-18,7.04388968659341e-05,1122.28
".SPX",2004-03-19,3.95190416637806e-05,1110.07
".SPX",2004-03-22,0.00012555016925823,1095.26
".SPX",2004-03-23,6.74522790979406e-05,1094.5
".SPX",2004-03-24,8.84127614793864e-05,1091.49
".SPX",2004-03-25,6.42482328897474e-05,1108.97
".SPX",2004-03-26,3.28359752176648e-05,1108.83
".SPX",2004-03-29,6.90919213762885e-05,1122.21
".SPX",2004-03-30,3.17859056785629e-05,1126.91
".SPX",2004-03-31,3.85724143263716e-05,1125.87
".SPX",2004-04-01,3.75068791943462e-05,1132.33
".SPX",2004-04-02,8.25861060599366e-05,1141.5
".SPX",2004-04-05,1.55518939037919e-05,1150.25
".SPX",2004-04-06,2.76929757546431e-05,1147.79
".SPX",2004-04-07,3.41884126349247e-05,1141.1
".SPX",2004-04-08,9.23417613728273e-05,1139.14
".SPX",2004-04-12,2.28820681520518e-05,1145.4
".SPX",2004-04-13,4.07167429642182e-05,1129.45
".SPX",2004-04-14,6.42577217698045e-05,1127.87
".SPX",2004-04-15,5.91776417993875e-05,1128.83
".SPX",2004-04-16,3.23374862424255e-05,1134.11
".SPX",2004-04-19,2.10051540103858e-05,1135.6
".SPX",2004-04-20,4.29241700947839e-05,1118.6
".SPX",2004-04-21,5.63083209534639e-05,1124.58
".SPX",2004-04-22,6.29462353597375e-05,1140.54
".SPX",2004-04-23,3.03575938410977e-05,1140.65
".SPX",2004-04-26,3.66038872370868e-05,1135.4
".SPX",2004-04-27,4.6604800748117e-05,1138.79
".SPX",2004-04-28,5.4514838813924e-05,1122.25
".SPX",2004-04-29,8.08104388882007e-05,1112.21
".SPX",2004-04-30,9.53838237245523e-05,1107.72
".SPX",2004-05-03,4.88308927393427e-05,1117.41
".SPX",2004-05-04,9.42715037355781e-05,1119.74
".SPX",2004-05-05,3.83648884578248e-05,1121.83
".SPX",2004-05-06,7.60281335211063e-05,1114.03
".SPX",2004-05-07,9.96102544273338e-05,1098.66
".SPX",2004-05-10,0.00015357427777318,1087.44
".SPX",2004-05-11,4.024072319311e-05,1095.57
".SPX",2004-05-12,0.00012745515526189,1097.53
".SPX",2004-05-13,8.20993213117061e-05,1096.23
".SPX",2004-05-14,9.62192684390742e-05,1095.52
".SPX",2004-05-17,0.00012476566041745,1083.9
".SPX",2004-05-18,3.93959531942998e-05,1091.83
".SPX",2004-05-19,9.86686537030104e-05,1089.02
".SPX",2004-05-20,4.03517835987943e-05,1089.47
".SPX",2004-05-21,4.17929079063699e-05,1093.85
".SPX",2004-05-24,5.50140245714075e-05,1095.5
".SPX",2004-05-25,5.12301536822295e-05,1113.39
".SPX",2004-05-26,2.78634564276087e-05,1115.12
".SPX",2004-05-27,5.25112175807337e-05,1121.21
".SPX",2004-05-28,1.20692377646931e-05,1121.22
".SPX",2004-06-01,3.10307314126336e-05,1121.23
".SPX",2004-06-02,3.38556831018723e-05,1125.09
".SPX",2004-06-03,3.8072541896443e-05,1116.86
".SPX",2004-06-04,6.3178758978214e-05,1122.63
".SPX",2004-06-07,3.68020796249013e-05,1140.3
".SPX",2004-06-08,2.67291492151041e-05,1141.69
".SPX",2004-06-09,2.04649851035512e-05,1131.17
".SPX",2004-06-10,1.82125463458251e-05,1136.24
".SPX",2004-06-14,3.34298522500416e-05,1124.77
".SPX",2004-06-15,6.08338069939814e-05,1132.44
".SPX",2004-06-16,1.51704665625442e-05,1133.58
".SPX",2004-06-17,2.07357594260227e-05,1132.05
".SPX",2004-06-18,2.38113606827036e-05,1134.72
".SPX",2004-06-21,1.72526643258296e-05,1130.38
".SPX",2004-06-22,2.69625908830661e-05,1134.61
".SPX",2004-06-23,2.09011844040862e-05,1144.1
".SPX",2004-06-24,1.99736005486834e-05,1141.28
".SPX",2004-06-25,1.90237053255576e-05,1138.34
".SPX",2004-06-28,4.543120671142e-05,1133.8
".SPX",2004-06-29,1.56756307229675e-05,1136.58
".SPX",2004-06-30,2.93244227869896e-05,1141.63
".SPX",2004-07-01,4.55884774204202e-05,1128.7
".SPX",2004-07-02,2.96573323079916e-05,1124.86
".SPX",2004-07-06,2.98899515034185e-05,1116.43
".SPX",2004-07-07,1.86655534698062e-05,1117.92
".SPX",2004-07-08,4.25408615900839e-05,1108.92
".SPX",2004-07-09,4.27072822687093e-05,1112.68
".SPX",2004-07-12,3.09017737623218e-05,1114.2
".SPX",2004-07-13,8.97108316332627e-06,1115.18
".SPX",2004-07-14,6.26722816502588e-05,1111.27
".SPX",2004-07-15,2.96590893861808e-05,1106.81
".SPX",2004-07-16,3.76887243391441e-05,1101.42
".SPX",2004-07-19,3.91375828658662e-05,1100.85
".SPX",2004-07-20,3.93047355681187e-05,1108.54
".SPX",2004-07-21,5.87401766189736e-05,1094.4
".SPX",2004-07-22,8.03933668710436e-05,1096.57
".SPX",2004-07-23,5.33208828422731e-05,1086.06
".SPX",2004-07-26,7.13232593350824e-05,1084.17
".SPX",2004-07-27,4.17808795871156e-05,1094.91
".SPX",2004-07-28,7.1859651497624e-05,1095.8
".SPX",2004-07-29,4.28349644530746e-05,1100.86
".SPX",2004-07-30,2.87593599700821e-05,1101.86
".SPX",2004-08-02,3.61981094305085e-05,1106.61
".SPX",2004-08-03,2.55940348498806e-05,1099.31
".SPX",2004-08-04,4.64942137826518e-05,1098.33
".SPX",2004-08-05,5.08952496461304e-05,1080.68
".SPX",2004-08-06,9.3109104782768e-05,1063.89
".SPX",2004-08-09,2.56742181155577e-05,1065.42
".SPX",2004-08-10,4.23591884857594e-05,1078.81
".SPX",2004-08-11,0.00010661545638404,1075.51
".SPX",2004-08-12,5.05737351826561e-05,1063.18
".SPX",2004-08-13,4.43384729330138e-05,1064.78
".SPX",2004-08-16,4.247127067527e-05,1079.5
".SPX",2004-08-17,3.10067036849641e-05,1081.17
".SPX",2004-08-18,4.68662696026962e-05,1094.95
".SPX",2004-08-19,3.8158737516432e-05,1090.7
".SPX",2004-08-20,2.63904271880934e-05,1098.24
".SPX",2004-08-23,2.30773019905493e-05,1095.84
".SPX",2004-08-24,3.42311257477225e-05,1096.18
".SPX",2004-08-25,2.75973105348178e-05,1104.9
".SPX",2004-08-26,1.5073402594494e-05,1105.44
".SPX",2004-08-27,9.57437192389292e-06,1108.2
".SPX",2004-08-30,1.78953787200245e-05,1099.38
".SPX",2004-08-31,2.80476060150096e-05,1104.04
".SPX",2004-09-01,3.04259821824199e-05,1105.84
".SPX",2004-09-02,1.95517144673971e-05,1118.51
".SPX",2004-09-03,2.60606055105332e-05,1114.3
".SPX",2004-09-07,4.83324557084591e-05,1121.21
".SPX",2004-09-08,2.2742432978061e-05,1116.38
".SPX",2004-09-09,3.19930603295257e-05,1118.17
".SPX",2004-09-10,2.89743248881521e-05,1123.87
".SPX",2004-09-13,1.83215783066855e-05,1125.25
".SPX",2004-09-14,1.43496628100075e-05,1128.37
".SPX",2004-09-15,2.2377523033821e-05,1120.22
".SPX",2004-09-16,1.26103262526278e-05,1123.54
".SPX",2004-09-17,2.31716169209762e-05,1128.64
".SPX",2004-09-20,3.33709636236388e-05,1122.3
".SPX",2004-09-21,1.56607522815881e-05,1129.26
".SPX",2004-09-22,5.7548189795053e-05,1113.49
".SPX",2004-09-23,2.67797578261799e-05,1108.57
".SPX",2004-09-24,1.72357389488871e-05,1110.23
".SPX",2004-09-27,1.89498449623889e-05,1103.82
".SPX",2004-09-28,2.4010680108981e-05,1110.26
".SPX",2004-09-29,2.48551045975815e-05,1114.51
".SPX",2004-09-30,2.83256894368752e-05,1114.28
".SPX",2004-10-01,3.3225022488154e-05,1131.38
".SPX",2004-10-04,4.16872074089396e-05,1134.94
".SPX",2004-10-05,2.02771193319861e-05,1134.64
".SPX",2004-10-06,1.68975737132995e-05,1141.84
".SPX",2004-10-07,1.61697043963027e-05,1130.5
".SPX",2004-10-08,2.9553277229987e-05,1122.16
".SPX",2004-10-11,1.6183237152436e-05,1124.68
".SPX",2004-10-13,4.37326093431343e-05,1113.36
".SPX",2004-10-14,2.68240848098338e-05,1103.33
".SPX",2004-10-15,5.32304982356165e-05,1108.08
".SPX",2004-10-18,3.95088063149359e-05,1114.06
".SPX",2004-10-19,3.3589967210356e-05,1103.19
".SPX",2004-10-20,5.37951094743166e-05,1103.53
".SPX",2004-10-21,5.01663023031347e-05,1106.36
".SPX",2004-10-22,3.62770827234865e-05,1095.6
".SPX",2004-10-25,4.68163267440876e-05,1094.9
".SPX",2004-10-26,3.93818105250746e-05,1110.74
".SPX",2004-10-27,4.70775072302836e-05,1125.43
".SPX",2004-10-28,3.44594810829357e-05,1127.23
".SPX",2004-10-29,2.92192765766084e-05,1129.5
".SPX",2004-11-01,1.54305397213784e-05,1130.52
".SPX",2004-11-02,4.70293735620639e-05,1130.49
".SPX",2004-11-03,0.00022904751824177,1140.91
".SPX",2004-11-04,3.41222466417571e-05,1161.23
".SPX",2004-11-05,4.15223397275213e-05,1165.94
".SPX",2004-11-08,2.02790319545731e-05,1164.97
".SPX",2004-11-09,2.33757728979773e-05,1164.54
".SPX",2004-11-10,2.72746346160913e-05,1163.2
".SPX",2004-11-11,2.18351899611365e-05,1173.88
".SPX",2004-11-12,1.47407620336899e-05,1183.84
".SPX",2004-11-15,2.73308070676894e-05,1184.03
".SPX",2004-11-16,2.40220321959806e-05,1175.54
".SPX",2004-11-17,4.76454793947552e-05,1181.82
".SPX",2004-11-18,1.80725807987055e-05,1183.7
".SPX",2004-11-19,3.33907275618402e-05,1170.64
".SPX",2004-11-22,2.11591063829461e-05,1177.2
".SPX",2004-11-23,2.89399954659486e-05,1177.04
".SPX",2004-11-24,1.81737505434731e-05,1182.23
".SPX",2004-11-26,6.92947098876146e-06,1182.65
".SPX",2004-11-29,4.97615772019087e-05,1178.59
".SPX",2004-11-30,2.99945082174044e-05,1174.39
".SPX",2004-12-01,3.08095213252154e-05,1190.77
".SPX",2004-12-02,2.66075291683911e-05,1190.35
".SPX",2004-12-03,4.96469674663895e-05,1190.85
".SPX",2004-12-06,2.32748002573681e-05,1190.11
".SPX",2004-12-07,3.70549107379592e-05,1177.15
".SPX",2004-12-08,2.51153456033596e-05,1182.43
".SPX",2004-12-09,4.25925866810963e-05,1189.01
".SPX",2004-12-10,2.3913051352157e-05,1188.12
".SPX",2004-12-13,3.15896106008939e-05,1198.74
".SPX",2004-12-14,1.50067317178792e-05,1203.71
".SPX",2004-12-15,2.32347949369638e-05,1205.78
".SPX",2004-12-16,3.35642094813523e-05,1203.01
".SPX",2004-12-17,4.72876303804693e-05,1195.57
".SPX",2004-12-20,4.61617722939268e-05,1194.49
".SPX",2004-12-21,2.20233897810505e-05,1205.56
".SPX",2004-12-22,1.72054826680702e-05,1209.83
".SPX",2004-12-23,1.10914370249963e-05,1210.8
".SPX",2004-12-27,2.83335630959539e-05,1205.74
".SPX",2004-12-28,1.95593800683305e-05,1213.37
".SPX",2004-12-29,7.84549595312514e-06,1213.69
".SPX",2004-12-30,5.98597186579816e-06,1213.73
".SPX",2004-12-31,8.03403637470562e-06,1211.89
".SPX",2005-01-03,4.5901741636569e-05,1201.66
".SPX",2005-01-04,4.81157924106416e-05,1188.24
".SPX",2005-01-05,4.54072308262401e-05,1183.86
".SPX",2005-01-06,3.70041063418075e-05,1187.53
".SPX",2005-01-07,3.71651607640183e-05,1185.97
".SPX",2005-01-10,2.96673296308985e-05,1189.84
".SPX",2005-01-11,2.96974953606814e-05,1183.25
".SPX",2005-01-12,5.23850641724563e-05,1187.98
".SPX",2005-01-13,2.52343576582692e-05,1177.19
".SPX",2005-01-14,2.42804754713448e-05,1184.56
".SPX",2005-01-18,2.45004955741373e-05,1195.75
".SPX",2005-01-19,1.94931737824389e-05,1184.37
".SPX",2005-01-20,5.44434036737501e-05,1175.66
".SPX",2005-01-21,3.76166461389141e-05,1167.98
".SPX",2005-01-24,4.57074494228257e-05,1164.19
".SPX",2005-01-25,3.6899261144152e-05,1168.56
".SPX",2005-01-26,3.8513412579392e-05,1174.23
".SPX",2005-01-27,2.15843249426619e-05,1174.55
".SPX",2005-01-28,2.99311740110917e-05,1171.19
".SPX",2005-01-31,4.43106805082815e-05,1181.07
".SPX",2005-02-01,1.47982257010365e-05,1189.18
".SPX",2005-02-02,1.95138620260986e-05,1193.18
".SPX",2005-02-03,2.46946137186607e-05,1189.75
".SPX",2005-02-04,1.8313395349065e-05,1202.79
".SPX",2005-02-07,1.16114660953879e-05,1201.76
".SPX",2005-02-08,1.32327283082886e-05,1202.51
".SPX",2005-02-09,2.57348265180488e-05,1191.91
".SPX",2005-02-10,2.48099351868104e-05,1196.97
".SPX",2005-02-11,3.52411713032392e-05,1205.77
".SPX",2005-02-14,8.12727888961092e-06,1206.23
".SPX",2005-02-15,1.48455813978114e-05,1210.06
".SPX",2005-02-16,2.01904494954874e-05,1210.1
".SPX",2005-02-17,2.53714395449729e-05,1200.77
".SPX",2005-02-18,1.63332208227575e-05,1201.83
".SPX",2005-02-22,3.85494211681737e-05,1184.35
".SPX",2005-02-23,3.41546102960201e-05,1191.25
".SPX",2005-02-24,3.54316109044648e-05,1200.16
".SPX",2005-02-25,2.27423891499525e-05,1211.4
".SPX",2005-02-28,2.91047396960926e-05,1203.2
".SPX",2005-03-01,2.79533002700068e-05,1210.47
".SPX",2005-03-02,5.02831355640159e-05,1210.01
".SPX",2005-03-03,3.4761024486579e-05,1210.33
".SPX",2005-03-04,3.55838065353722e-05,1222.13
".SPX",2005-03-07,1.66346824158248e-05,1225.11
".SPX",2005-03-08,2.15649190779186e-05,1219.08
".SPX",2005-03-09,3.61292327872872e-05,1207.33
".SPX",2005-03-10,3.91263452484568e-05,1208.92
".SPX",2005-03-11,4.19009972449652e-05,1200.43
".SPX",2005-03-14,2.45573200059386e-05,1206.61
".SPX",2005-03-15,2.71893699475523e-05,1198.07
".SPX",2005-03-16,3.54466815460162e-05,1188.15
".SPX",2005-03-17,2.19830496357268e-05,1190.48
".SPX",2005-03-18,2.98388317929451e-05,1189.13
".SPX",2005-03-21,3.98606896053943e-05,1183.77
".SPX",2005-03-22,5.48281545018619e-05,1172.07
".SPX",2005-03-23,3.6290222955628e-05,1171.85
".SPX",2005-03-24,3.00741376840336e-05,1171.93
".SPX",2005-03-28,2.27826418115324e-05,1174.49
".SPX",2005-03-29,3.9978564292369e-05,1165.2
".SPX",2005-03-30,3.3146724387601e-05,1181.54
".SPX",2005-03-31,2.33950053176007e-05,1180.35
".SPX",2005-04-01,7.812622258153e-05,1172.72
".SPX",2005-04-04,2.81834713261622e-05,1176.04
".SPX",2005-04-05,2.99997912542971e-05,1181.38
".SPX",2005-04-06,3.05924785865341e-05,1183.79
".SPX",2005-04-07,1.96853485757025e-05,1191.32
".SPX",2005-04-08,2.08438783198231e-05,1181.13
".SPX",2005-04-11,2.00861591055649e-05,1181.11
".SPX",2005-04-12,4.61255147747192e-05,1187.82
".SPX",2005-04-13,3.50825077294465e-05,1173.61
".SPX",2005-04-14,5.49668670805034e-05,1162.37
".SPX",2005-04-15,7.6904907105345e-05,1142.96
".SPX",2005-04-18,5.71097880744271e-05,1145.83
".SPX",2005-04-19,4.66288691575469e-05,1152.86
".SPX",2005-04-20,6.1875889587993e-05,1137.65
".SPX",2005-04-21,9.89992529646804e-05,1159.61
".SPX",2005-04-22,8.38715447405363e-05,1152.44
".SPX",2005-04-25,4.50442024748654e-05,1162.1
".SPX",2005-04-26,4.09002744163677e-05,1152.08
".SPX",2005-04-27,6.01971905178949e-05,1156.7
".SPX",2005-04-28,5.6323801586845e-05,1143.29
".SPX",2005-04-29,8.96982338629799e-05,1156.21
".SPX",2005-05-02,3.08220999329458e-05,1162.34
".SPX",2005-05-03,8.43595610568926e-05,1161.33
".SPX",2005-05-04,4.08270871309936e-05,1175.17
".SPX",2005-05-05,6.4337745127158e-05,1172.77
".SPX",2005-05-06,3.87240639864494e-05,1170.98
".SPX",2005-05-09,2.02323516449989e-05,1178.75
".SPX",2005-05-10,5.87799587506645e-05,1165.96
".SPX",2005-05-11,4.2736626220144e-05,1170.72
".SPX",2005-05-12,4.7630678272683e-05,1159.26
".SPX",2005-05-13,8.02690681422148e-05,1153.87
".SPX",2005-05-16,3.02850529019589e-05,1165.73
".SPX",2005-05-17,3.31359910049289e-05,1173.67
".SPX",2005-05-18,4.31582922497182e-05,1185.33
".SPX",2005-05-19,2.51153953230597e-05,1191.02
".SPX",2005-05-20,2.05184598649161e-05,1189.18
".SPX",2005-05-23,2.31129579565404e-05,1194.15
".SPX",2005-05-24,2.84945871400953e-05,1194.17
".SPX",2005-05-25,1.92341856980746e-05,1190.57
".SPX",2005-05-26,1.8963156097916e-05,1197.71
".SPX",2005-05-27,6.95359484334929e-06,1198.77
".SPX",2005-05-31,2.29709198827589e-05,1191.7
".SPX",2005-06-01,4.60492305490695e-05,1202.15
".SPX",2005-06-02,2.15720370120826e-05,1204.19
".SPX",2005-06-03,2.60090312036691e-05,1196.68
".SPX",2005-06-06,1.04885333389629e-05,1197.63
".SPX",2005-06-07,3.8792777901365e-05,1197.43
".SPX",2005-06-08,1.90826786793752e-05,1194.86
".SPX",2005-06-09,3.38343928263954e-05,1201.06
".SPX",2005-06-10,1.84993298332985e-05,1198.3
".SPX",2005-06-13,3.02477620200464e-05,1201.02
".SPX",2005-06-14,2.09478750748521e-05,1204.1
".SPX",2005-06-15,3.09214153322293e-05,1206.58
".SPX",2005-06-16,1.78124571795543e-05,1210.82
".SPX",2005-06-17,3.05754342051904e-05,1216.99
".SPX",2005-06-20,2.63648251502574e-05,1216.14
".SPX",2005-06-21,1.88820207472117e-05,1213.72
".SPX",2005-06-22,3.13342121133354e-05,1214.34
".SPX",2005-06-23,3.8259813999791e-05,1200.76
".SPX",2005-06-24,2.4366261268763e-05,1191.62
".SPX",2005-06-27,2.26408704112767e-05,1191.06
".SPX",2005-06-28,1.79137593559292e-05,1201.61
".SPX",2005-06-29,1.69687932323643e-05,1199.91
".SPX",2005-06-30,3.11178242538714e-05,1190.87
".SPX",2005-07-01,3.29855870000911e-05,1195.08
".SPX",2005-07-05,2.41702439329817e-05,1204.93
".SPX",2005-07-06,2.26676856029735e-05,1195.04
".SPX",2005-07-07,8.38183566903677e-05,1197.76
".SPX",2005-07-08,2.08522497967768e-05,1212.03
".SPX",2005-07-11,1.96566267640901e-05,1219.52
".SPX",2005-07-12,2.20237175037277e-05,1222.27
".SPX",2005-07-13,1.49362530595865e-05,1223.13
".SPX",2005-07-14,4.89121380191354e-05,1226.55
".SPX",2005-07-15,1.22169408794868e-05,1227.59
".SPX",2005-07-18,1.32763809867967e-05,1221.44
".SPX",2005-07-19,3.36880305447181e-05,1229.44
".SPX",2005-07-20,3.06600303744555e-05,1235.05
".SPX",2005-07-21,5.31799232531586e-05,1226.92
".SPX",2005-07-22,2.01562436603415e-05,1233.45
".SPX",2005-07-25,1.96760310418601e-05,1229.02
".SPX",2005-07-26,2.24948413734442e-05,1231.52
".SPX",2005-07-27,1.98616889874198e-05,1236.92
".SPX",2005-07-28,2.06936763574835e-05,1243.92
".SPX",2005-07-29,1.51638541414795e-05,1234.5
".SPX",2005-08-01,2.06624321725861e-05,1235.07
".SPX",2005-08-02,1.28629966485902e-05,1243.91
".SPX",2005-08-03,1.2566415835997e-05,1244.84
".SPX",2005-08-04,1.61332590882455e-05,1235.61
".SPX",2005-08-05,1.95853000937084e-05,1226.49
".SPX",2005-08-08,2.60073258086346e-05,1222.67
".SPX",2005-08-09,3.08621603232503e-05,1231.6
".SPX",2005-08-10,4.6928743703113e-05,1229.28
".SPX",2005-08-11,3.37289754720541e-05,1237.45
".SPX",2005-08-12,2.8574747264928e-05,1230.61
".SPX",2005-08-15,1.90295045777501e-05,1233.95
".SPX",2005-08-16,2.96828932659976e-05,1219.05
".SPX",2005-08-17,3.03704867277227e-05,1220.22
".SPX",2005-08-18,2.70072455861619e-05,1218.72
".SPX",2005-08-19,1.85818227152037e-05,1219.9
".SPX",2005-08-22,3.40475877861466e-05,1221.78
".SPX",2005-08-23,2.17979953285329e-05,1217.9
".SPX",2005-08-24,3.65847009973183e-05,1209.9
".SPX",2005-08-25,1.5997436972119e-05,1212.31
".SPX",2005-08-26,3.06319807133188e-05,1205.22
".SPX",2005-08-29,2.55798626158738e-05,1212.7
".SPX",2005-08-30,5.07387240882254e-05,1208.53
".SPX",2005-08-31,5.46254850224496e-05,1220.18
".SPX",2005-09-01,5.61015094966665e-05,1221.59
".SPX",2005-09-02,2.28168646485256e-05,1218.03
".SPX",2005-09-06,4.00264180344282e-05,1233.61
".SPX",2005-09-07,1.6159575246402e-05,1236.22
".SPX",2005-09-08,1.97280031625668e-05,1231.89
".SPX",2005-09-09,1.82093183369895e-05,1241.07
".SPX",2005-09-12,1.00471131250386e-05,1240.45
".SPX",2005-09-13,2.35612764757304e-05,1231.44
".SPX",2005-09-14,2.4536049120122e-05,1227.15
".SPX",2005-09-15,3.16401196895648e-05,1227.51
".SPX",2005-09-16,2.78802850940372e-05,1237.79
".SPX",2005-09-19,1.49820615444508e-05,1231.01
".SPX",2005-09-20,3.74011102394256e-05,1221.69
".SPX",2005-09-21,3.45772428509757e-05,1210.02
".SPX",2005-09-22,5.14842827129494e-05,1214.73
".SPX",2005-09-23,2.4664066031032e-05,1215.69
".SPX",2005-09-26,4.50249844240525e-05,1215.78
".SPX",2005-09-27,3.20096053827331e-05,1215.62
".SPX",2005-09-28,2.59850630323937e-05,1217.11
".SPX",2005-09-29,4.14416738486193e-05,1228.1
".SPX",2005-09-30,1.90148887458765e-05,1228.76
".SPX",2005-10-03,2.39351543770553e-05,1227.01
".SPX",2005-10-04,3.75935611368318e-05,1214.3
".SPX",2005-10-05,5.84844715669786e-05,1196.25
".SPX",2005-10-06,0.00010034846824859,1191.16
".SPX",2005-10-07,4.51473181374225e-05,1196.08
".SPX",2005-10-10,4.74090883797402e-05,1187.45
".SPX",2005-10-11,5.72696885840106e-05,1184.79
".SPX",2005-10-12,7.76256646249013e-05,1177.71
".SPX",2005-10-13,9.16266570701762e-05,1176.99
".SPX",2005-10-14,6.76593107125813e-05,1186.84
".SPX",2005-10-17,3.20014627449282e-05,1190.03
".SPX",2005-10-18,3.00895077998087e-05,1178.27
".SPX",2005-10-19,7.91881789603101e-05,1195.6
".SPX",2005-10-20,9.59182412134019e-05,1177.82
".SPX",2005-10-21,8.1516485442959e-05,1179.64
".SPX",2005-10-24,6.88323929136388e-05,1199.29
".SPX",2005-10-25,4.71695635441993e-05,1196.55
".SPX",2005-10-26,6.57972667414239e-05,1191.76
".SPX",2005-10-27,3.3405306250097e-05,1178.92
".SPX",2005-10-28,7.62132467527258e-05,1197.9
".SPX",2005-10-31,3.80686466280737e-05,1206.68
".SPX",2005-11-01,2.0714722773473e-05,1202.59
".SPX",2005-11-02,2.78925007247656e-05,1214.71
".SPX",2005-11-03,3.84658090087545e-05,1219.85
".SPX",2005-11-04,3.14585865911189e-05,1219.88
".SPX",2005-11-07,2.40502386578772e-05,1222.77
".SPX",2005-11-08,2.55113796509787e-05,1218.61
".SPX",2005-11-09,2.50098857333892e-05,1220.33
".SPX",2005-11-10,4.20688067707311e-05,1231.09
".SPX",2005-11-11,5.92146473087973e-06,1234.48
".SPX",2005-11-14,1.53189546875251e-05,1233.82
".SPX",2005-11-15,2.53287274861369e-05,1228.81
".SPX",2005-11-16,2.31953588292766e-05,1231.35
".SPX",2005-11-17,2.21212233842776e-05,1242.5
".SPX",2005-11-18,2.88474603435655e-05,1248.15
".SPX",2005-11-21,1.57271930758378e-05,1254.85
".SPX",2005-11-22,2.13677976576526e-05,1260.87
".SPX",2005-11-23,1.39359175240982e-05,1265.78
".SPX",2005-11-25,5.29299695273853e-06,1268.25
".SPX",2005-11-28,1.64523942377467e-05,1257.94
".SPX",2005-11-29,3.33684767419157e-05,1257.65
".SPX",2005-11-30,3.08340804808609e-05,1249.47
".SPX",2005-12-01,4.79179388814782e-05,1265.05
".SPX",2005-12-02,1.31010516770983e-05,1265
".SPX",2005-12-05,1.92012021550632e-05,1262.33
".SPX",2005-12-06,3.27997406671729e-05,1263.52
".SPX",2005-12-07,2.83519171336955e-05,1257.26
".SPX",2005-12-08,4.09190039965389e-05,1255.85
".SPX",2005-12-09,2.21056846431062e-05,1259.58
".SPX",2005-12-12,2.09750644200464e-05,1260.65
".SPX",2005-12-13,2.5940166378022e-05,1267.4
".SPX",2005-12-14,1.97820265864728e-05,1272.95
".SPX",2005-12-15,2.12613300769201e-05,1270.85
".SPX",2005-12-16,2.07983255175213e-05,1267.89
".SPX",2005-12-19,2.09064882584396e-05,1259.77
".SPX",2005-12-20,1.70088630023415e-05,1259.67
".SPX",2005-12-21,3.32246206061742e-05,1263.15
".SPX",2005-12-22,1.48025478415851e-05,1268.16
".SPX",2005-12-23,6.24201693601033e-06,1269.16
".SPX",2005-12-27,3.08019376346018e-05,1256.84
".SPX",2005-12-28,1.33471285011268e-05,1258.04
".SPX",2005-12-29,1.50301195893187e-05,1254.63
".SPX",2005-12-30,2.76255151647121e-05,1247.72
".SPX",2006-01-03,6.55095822698693e-05,1268.55
".SPX",2006-01-04,2.99964857988114e-05,1273.41
".SPX",2006-01-05,2.00727538030809e-05,1273.31
".SPX",2006-01-06,5.78308406673545e-05,1285.13
".SPX",2006-01-09,1.29463039180734e-05,1290.01
".SPX",2006-01-10,2.4544987540891e-05,1289.59
".SPX",2006-01-11,1.93712205621941e-05,1293.93
".SPX",2006-01-12,1.3941632730994e-05,1286.16
".SPX",2006-01-13,1.80328875784581e-05,1287.53
".SPX",2006-01-17,2.52514574468011e-05,1282.98
".SPX",2006-01-18,3.17891749102903e-05,1277.9
".SPX",2006-01-19,2.2086407803364e-05,1284.66
".SPX",2006-01-20,4.16428675838367e-05,1261.35
".SPX",2006-01-23,2.39048147495957e-05,1263.7
".SPX",2006-01-24,2.69612618964767e-05,1266.57
".SPX",2006-01-25,6.03270841876005e-05,1264.8
".SPX",2006-01-26,5.40238241529195e-05,1274.12
".SPX",2006-01-27,2.65771453435027e-05,1283.45
".SPX",2006-01-30,1.09099099296781e-05,1285.55
".SPX",2006-01-31,2.71562002186039e-05,1280.04
".SPX",2006-02-01,3.47800409431529e-05,1282.04
".SPX",2006-02-02,4.04086981992164e-05,1270.81
".SPX",2006-02-03,5.2413339034347e-05,1263.85
".SPX",2006-02-06,2.24314860569537e-05,1265.04
".SPX",2006-02-07,4.11861695179481e-05,1255.08
".SPX",2006-02-08,1.93980402158459e-05,1265.27
".SPX",2006-02-09,2.20151841831453e-05,1263.84
".SPX",2006-02-10,4.12786494421933e-05,1267.07
".SPX",2006-02-13,2.17812115939373e-05,1262.95
".SPX",2006-02-14,2.70026081324558e-05,1275.4
".SPX",2006-02-15,4.1368038630613e-05,1279.81
".SPX",2006-02-16,1.28831836225356e-05,1289.1
".SPX",2006-02-17,1.07814989007872e-05,1286.91
".SPX",2006-02-21,2.61394320401034e-05,1282.94
".SPX",2006-02-22,1.82688958048699e-05,1292.7
".SPX",2006-02-23,2.75551734575957e-05,1287.72
".SPX",2006-02-24,1.34943914343912e-05,1289.65
".SPX",2006-02-27,1.58016427488355e-05,1294.29
".SPX",2006-02-28,3.50421813868333e-05,1280.12
".SPX",2006-03-01,1.69546878680415e-05,1291.15
".SPX",2006-03-02,3.0247823247216e-05,1289.48
".SPX",2006-03-03,3.85104325818383e-05,1287.01
".SPX",2006-03-06,2.63866077432747e-05,1278.31
".SPX",2006-03-07,3.02811786823117e-05,1275.54
".SPX",2006-03-08,3.260250452563e-05,1278.17
".SPX",2006-03-09,1.87923911244938e-05,1272.34
".SPX",2006-03-10,3.3172003336672e-05,1281.73
".SPX",2006-03-13,1.83799060910642e-05,1284.14
".SPX",2006-03-14,1.73435824828686e-05,1297.32
".SPX",2006-03-15,1.4774229330184e-05,1303.4
".SPX",2006-03-16,2.07852410980401e-05,1305.77
".SPX",2006-03-17,1.19014848888501e-05,1307.11
".SPX",2006-03-20,1.67498563943261e-05,1305.24
".SPX",2006-03-21,2.44616272285687e-05,1297.12
".SPX",2006-03-22,1.84610069095945e-05,1304.87
".SPX",2006-03-23,1.88397104307054e-05,1301.82
".SPX",2006-03-24,1.70530661595122e-05,1302.81
".SPX",2006-03-27,1.392691996877e-05,1301.84
".SPX",2006-03-28,3.09502445096671e-05,1293.45
".SPX",2006-03-29,2.41420564925793e-05,1303.16
".SPX",2006-03-30,3.85834153080387e-05,1300.45
".SPX",2006-03-31,2.45584131399987e-05,1295.24
".SPX",2006-04-03,2.07601683842601e-05,1297.81
".SPX",2006-04-04,2.71032771614833e-05,1305.78
".SPX",2006-04-05,2.50107939878697e-05,1311.38
".SPX",2006-04-06,2.43144606511746e-05,1308.8
".SPX",2006-04-07,4.92102809019308e-05,1295.42
".SPX",2006-04-10,1.75610028778764e-05,1296.47
".SPX",2006-04-11,4.03946087351639e-05,1286.43
".SPX",2006-04-12,2.01760166536068e-05,1288.38
".SPX",2006-04-13,2.35421305829699e-05,1289.03
".SPX",2006-04-17,1.72035972572373e-05,1285.32
".SPX",2006-04-18,5.88993914625505e-05,1307.28
".SPX",2006-04-19,3.35804559654301e-05,1310.06
".SPX",2006-04-20,3.70580299545061e-05,1311.65
".SPX",2006-04-21,2.88451980316385e-05,1310.93
".SPX",2006-04-24,2.57069777626024e-05,1308.36
".SPX",2006-04-25,3.06228595817359e-05,1302.12
".SPX",2006-04-26,4.20614767622475e-05,1305.42
".SPX",2006-04-27,0.00011578930599116,1309.74
".SPX",2006-04-28,2.39576068117095e-05,1310.81
".SPX",2006-05-01,4.47258041547621e-05,1305.28
".SPX",2006-05-02,2.67298580196053e-05,1312.97
".SPX",2006-05-03,2.25374738087581e-05,1308.03
".SPX",2006-05-04,1.91015561596925e-05,1312.23
".SPX",2006-05-05,3.58175989334521e-05,1326.11
".SPX",2006-05-08,7.16160135638971e-06,1324.48
".SPX",2006-05-09,5.28112020046741e-06,1324.81
".SPX",2006-05-10,2.54580779259746e-05,1322.62
".SPX",2006-05-11,3.46889107329616e-05,1305.79
".SPX",2006-05-12,7.03465158033034e-05,1291
".SPX",2006-05-15,5.51676936707794e-05,1294.17
".SPX",2006-05-16,2.96745130197385e-05,1291.86
".SPX",2006-05-17,8.62964180647739e-05,1270.23
".SPX",2006-05-18,5.77568971085375e-05,1261.79
".SPX",2006-05-19,8.85207010353377e-05,1266.98
".SPX",2006-05-22,0.00010877835679723,1262.01
".SPX",2006-05-23,7.47473707390411e-05,1256.77
".SPX",2006-05-24,0.00015682202458158,1258.51
".SPX",2006-05-25,4.73591324941148e-05,1273.25
".SPX",2006-05-26,1.42692763668056e-05,1280.33
".SPX",2006-05-30,4.09849366858311e-05,1260.12
".SPX",2006-05-31,6.79733326330382e-05,1270.01
".SPX",2006-06-01,4.05155030058163e-05,1285.22
".SPX",2006-06-02,5.44858330400604e-05,1288.03
".SPX",2006-06-05,5.17249108638353e-05,1265.56
".SPX",2006-06-06,9.81349500722746e-05,1263.64
".SPX",2006-06-07,6.42049480740768e-05,1255.77
".SPX",2006-06-08,0.00016099765682988,1257.79
".SPX",2006-06-09,5.84844199170848e-05,1251.87
".SPX",2006-06-12,6.42616370571827e-05,1236.25
".SPX",2006-06-13,0.0001551810673886,1223.24
".SPX",2006-06-14,8.92992804344116e-05,1229.7
".SPX",2006-06-15,6.83768657245483e-05,1255.51
".SPX",2006-06-16,4.45604631156016e-05,1251.5
".SPX",2006-06-19,5.42152721360049e-05,1240.07
".SPX",2006-06-20,4.16143572200594e-05,1239.95
".SPX",2006-06-21,3.98055059297514e-05,1252
".SPX",2006-06-22,3.90709924901395e-05,1245.78
".SPX",2006-06-23,5.18273523228278e-05,1244.99
".SPX",2006-06-26,2.62592898867527e-05,1250.66
".SPX",2006-06-27,3.15743620689587e-05,1239.59
".SPX",2006-06-28,2.9691393769043e-05,1246.38
".SPX",2006-06-29,9.94245181999554e-05,1272.77
".SPX",2006-06-30,2.59342562444061e-05,1271.13
".SPX",2006-07-03,1.16696222167609e-05,1280.19
".SPX",2006-07-05,4.35835536997211e-05,1270.88
".SPX",2006-07-06,2.97305658836717e-05,1273.85
".SPX",2006-07-07,3.22960386329576e-05,1265.44
".SPX",2006-07-10,2.53067714853679e-05,1267.4
".SPX",2006-07-11,3.95611976834746e-05,1272.58
".SPX",2006-07-12,2.91605447628806e-05,1258.75
".SPX",2006-07-13,5.79165119853269e-05,1242.14
".SPX",2006-07-14,7.66915518858743e-05,1236.26
".SPX",2006-07-17,4.87411115235165e-05,1234.2
".SPX",2006-07-18,7.75191559105519e-05,1236.66
".SPX",2006-07-19,8.93752443449155e-05,1259.57
".SPX",2006-07-20,3.44335298532436e-05,1249.22
".SPX",2006-07-21,7.41538580095915e-05,1240.58
".SPX",2006-07-24,5.05002477257056e-05,1260.85
".SPX",2006-07-25,5.64798415022762e-05,1269.08
".SPX",2006-07-26,4.4996953590506e-05,1268.8
".SPX",2006-07-27,5.98007417014539e-05,1263.12
".SPX",2006-07-28,5.05002568224868e-05,1278.11
".SPX",2006-07-31,2.09466281588481e-05,1276.48
".SPX",2006-08-01,3.48756525134791e-05,1270.98
".SPX",2006-08-02,4.15741679459244e-05,1277.96
".SPX",2006-08-03,5.57682535284532e-05,1280.1
".SPX",2006-08-04,4.62929311854669e-05,1279.36
".SPX",2006-08-07,2.35087106573802e-05,1276.04
".SPX",2006-08-08,7.04488030231627e-05,1271.62
".SPX",2006-08-09,7.27253554883391e-05,1265.92
".SPX",2006-08-10,4.60069380914304e-05,1271.32
".SPX",2006-08-11,2.3464825875765e-05,1266.6
".SPX",2006-08-14,4.68262202719124e-05,1268.2
".SPX",2006-08-15,6.03560861896076e-05,1285.32
".SPX",2006-08-16,2.03979011558099e-05,1295.15
".SPX",2006-08-17,1.76283376471091e-05,1297.52
".SPX",2006-08-18,1.59448747867181e-05,1302.04
".SPX",2006-08-21,1.45535453310615e-05,1298.13
".SPX",2006-08-22,1.79286418692486e-05,1298.74
".SPX",2006-08-23,1.713952015573e-05,1292.61
".SPX",2006-08-24,2.27440456042367e-05,1296.03
".SPX",2006-08-25,1.48188637127812e-05,1295.32
".SPX",2006-08-28,1.37199753776725e-05,1302.07
".SPX",2006-08-29,1.84375676005618e-05,1304.62
".SPX",2006-08-30,1.59101499939322e-05,1304.42
".SPX",2006-08-31,8.65709378512243e-06,1303.71
".SPX",2006-09-01,2.68184861294318e-05,1310.87
".SPX",2006-09-05,1.07133875841753e-05,1313.57
".SPX",2006-09-06,2.25558863258838e-05,1300.19
".SPX",2006-09-07,3.64544959778575e-05,1294.01
".SPX",2006-09-08,1.77815129335666e-05,1298.81
".SPX",2006-09-11,3.50603117577548e-05,1299.4
".SPX",2006-09-12,2.01611107127644e-05,1312.85
".SPX",2006-09-13,1.28302927103082e-05,1317.92
".SPX",2006-09-14,1.35962671544751e-05,1316.23
".SPX",2006-09-15,2.81203060576572e-05,1319.44
".SPX",2006-09-18,1.70693084600115e-05,1321.37
".SPX",2006-09-19,1.94451728533264e-05,1318.5
".SPX",2006-09-20,3.69059718703814e-05,1325.35
".SPX",2006-09-21,3.33371734097282e-05,1318.07
".SPX",2006-09-22,1.84990572873094e-05,1314.68
".SPX",2006-09-25,3.86151144056615e-05,1326.85
".SPX",2006-09-26,2.88797512108877e-05,1336.48
".SPX",2006-09-27,3.29854689821084e-05,1336.96
".SPX",2006-09-28,1.6545772860181e-05,1338.83
".SPX",2006-09-29,1.0293680786142e-05,1335.77
".SPX",2006-10-02,1.54516061805418e-05,1331.6
".SPX",2006-10-03,2.45994853171999e-05,1334.36
".SPX",2006-10-04,2.02112112128775e-05,1349.93
".SPX",2006-10-05,1.31674164554922e-05,1352.95
".SPX",2006-10-06,3.34437881834674e-05,1350.06
".SPX",2006-10-09,1.10419681592507e-05,1350.61
".SPX",2006-10-10,1.37413468108267e-05,1353.2
".SPX",2006-10-11,2.66173638147313e-05,1349.89
".SPX",2006-10-12,1.75478725287402e-05,1362.77
".SPX",2006-10-13,9.4802845304197e-06,1365.56
".SPX",2006-10-16,5.62263799654659e-06,1369.14
".SPX",2006-10-17,2.16696664640134e-05,1364.31
".SPX",2006-10-18,4.9601830989005e-05,1365.71
".SPX",2006-10-19,1.31024521035158e-05,1366.94
".SPX",2006-10-20,7.90081222346207e-06,1368.24
".SPX",2006-10-23,2.67842140154294e-05,1376.54
".SPX",2006-10-24,2.76289377121245e-05,1377.22
".SPX",2006-10-25,2.64558501321217e-05,1382.04
".SPX",2006-10-26,2.30097119796183e-05,1388.81
".SPX",2006-10-27,3.31741593193248e-05,1378.17
".SPX",2006-10-30,1.40039523397983e-05,1377.81
".SPX",2006-10-31,2.59375679893571e-05,1377.33
".SPX",2006-11-01,2.24092100642076e-05,1367.97
".SPX",2006-11-02,1.90759174709285e-05,1366.99
".SPX",2006-11-03,3.84824497741386e-05,1364.67
".SPX",2006-11-06,2.57522584107467e-05,1379.38
".SPX",2006-11-07,1.95828809416862e-05,1382.79
".SPX",2006-11-08,4.01018707032533e-05,1385.79
".SPX",2006-11-09,2.48167534657089e-05,1378.85
".SPX",2006-11-10,1.5874688052642e-05,1380.54
".SPX",2006-11-13,1.58517575502408e-05,1384.55
".SPX",2006-11-14,3.68246348921884e-05,1393.18
".SPX",2006-11-15,1.42914147080822e-05,1396.93
".SPX",2006-11-16,2.05144666155999e-05,1399.67
".SPX",2006-11-17,2.36583672420217e-05,1400.91
".SPX",2006-11-20,1.69826169272784e-05,1400.91
".SPX",2006-11-21,7.91912877562615e-06,1402.72
".SPX",2006-11-22,1.23956490206989e-05,1406.06
".SPX",2006-11-24,2.91895114866735e-05,1400.95
".SPX",2006-11-27,3.78493806520879e-05,1382.24
".SPX",2006-11-28,4.00723622549503e-05,1386.58
".SPX",2006-11-29,4.13223397031938e-05,1399.22
".SPX",2006-11-30,5.12342087172189e-05,1400.82
".SPX",2006-12-01,5.73381929575184e-05,1396.4
".SPX",2006-12-04,2.32765709718412e-05,1408.86
".SPX",2006-12-05,2.18462958788077e-05,1414.8
".SPX",2006-12-06,9.79050391868302e-06,1413.01
".SPX",2006-12-07,2.34187612766135e-05,1407.26
".SPX",2006-12-08,2.109560165167e-05,1409.7
".SPX",2006-12-11,8.6464042193481e-06,1412.8
".SPX",2006-12-12,2.47874708799611e-05,1411.39
".SPX",2006-12-13,2.62868027670106e-05,1413.63
".SPX",2006-12-14,2.0058885470043e-05,1425.29
".SPX",2006-12-15,1.97561404697783e-05,1426.94
".SPX",2006-12-18,1.25837257984214e-05,1422.58
".SPX",2006-12-19,3.02876899013727e-05,1425.63
".SPX",2006-12-20,7.20693978598212e-06,1423.68
".SPX",2006-12-21,1.95714469126112e-05,1418.62
".SPX",2006-12-22,2.11856942764167e-05,1411.35
".SPX",2006-12-26,6.50827371578189e-06,1417.8
".SPX",2006-12-27,2.11814064288557e-05,1427.59
".SPX",2006-12-28,1.09337859340012e-05,1424.71
".SPX",2006-12-29,2.25313344682522e-05,1417.41
".SPX",2007-01-03,4.5060797740521e-05,1416.68
".SPX",2007-01-04,4.22988014540455e-05,1418.23
".SPX",2007-01-05,3.96085013760953e-05,1409.54
".SPX",2007-01-08,3.36934812309918e-05,1412.77
".SPX",2007-01-09,3.11413760035541e-05,1412.15
".SPX",2007-01-10,2.84980019121153e-05,1414.81
".SPX",2007-01-11,1.51747416430155e-05,1423.75
".SPX",2007-01-12,1.29866996886031e-05,1430.27
".SPX",2007-01-16,1.41576932724643e-05,1431.85
".SPX",2007-01-17,2.23658171872391e-05,1430.86
".SPX",2007-01-18,2.49482111132051e-05,1425.67
".SPX",2007-01-19,1.14036697524084e-05,1430.26
".SPX",2007-01-22,1.83067355100268e-05,1422.8
".SPX",2007-01-23,1.90711326254137e-05,1427.85
".SPX",2007-01-24,1.70214188739564e-05,1439.85
".SPX",2007-01-25,2.15993132792624e-05,1424.37
".SPX",2007-01-26,3.29425262673542e-05,1422.66
".SPX",2007-01-29,2.06251121725077e-05,1420.74
".SPX",2007-01-30,2.2160117598014e-05,1428.47
".SPX",2007-01-31,4.12814498227279e-05,1438.48
".SPX",2007-02-01,2.22611615249308e-05,1445.71
".SPX",2007-02-02,1.28297479248566e-05,1448.33
".SPX",2007-02-05,9.34391288565197e-06,1447.04
".SPX",2007-02-06,1.07130334108757e-05,1447.8
".SPX",2007-02-07,1.08142097986549e-05,1449.95
".SPX",2007-02-08,2.75567737557589e-05,1448.41
".SPX",2007-02-09,2.74261308368668e-05,1438.16
".SPX",2007-02-12,1.19724660467148e-05,1433.73
".SPX",2007-02-13,2.10443402975837e-05,1444.09
".SPX",2007-02-14,2.48458643243286e-05,1455.02
".SPX",2007-02-15,9.34903373839985e-06,1456.9
".SPX",2007-02-16,9.54500669215373e-06,1455.57
".SPX",2007-02-20,1.62046507344365e-05,1459.51
".SPX",2007-02-21,2.967895815032e-05,1457.37
".SPX",2007-02-22,2.774143405998e-05,1456.12
".SPX",2007-02-23,1.76173286256467e-05,1451.25
".SPX",2007-02-26,2.44382298761128e-05,1449.83
".SPX",2007-02-27,0.00028032401910299,1401.07
".SPX",2007-02-28,0.00012177069274912,1406.43
".SPX",2007-03-01,0.00037991440366693,1402.96
".SPX",2007-03-02,7.43910148241482e-05,1386.94
".SPX",2007-03-05,0.00016946120826798,1374.26
".SPX",2007-03-06,0.00011346890419923,1395.11
".SPX",2007-03-07,3.414279751907e-05,1391.64
".SPX",2007-03-08,7.46190934866061e-05,1401.19
".SPX",2007-03-09,5.78894417090583e-05,1402.81
".SPX",2007-03-12,2.49022998781461e-05,1406.56
".SPX",2007-03-13,8.97073899406451e-05,1378.1
".SPX",2007-03-14,0.00016159544002722,1387.02
".SPX",2007-03-15,4.28851813337906e-05,1392.01
".SPX",2007-03-16,2.91725599345354e-05,1386.72
".SPX",2007-03-19,5.43311305339703e-05,1401.83
".SPX",2007-03-20,1.90936518157104e-05,1410.57
".SPX",2007-03-21,6.63445241521405e-05,1434.59
".SPX",2007-03-22,1.7480806335324e-05,1434.82
".SPX",2007-03-23,2.17524511184612e-05,1436.31
".SPX",2007-03-26,5.04253089877804e-05,1437.07
".SPX",2007-03-27,4.25156949151079e-05,1428.76
".SPX",2007-03-28,6.18832516052793e-05,1417.13
".SPX",2007-03-29,7.92098902696222e-05,1422.55
".SPX",2007-03-30,4.71397831603918e-05,1420.3
".SPX",2007-04-02,2.21860550011716e-05,1424.48
".SPX",2007-04-03,4.23927846564724e-05,1437.41
".SPX",2007-04-04,1.32252096061014e-05,1439.12
".SPX",2007-04-05,6.86873323291694e-06,1443.64
".SPX",2007-04-09,1.15859693395517e-05,1444.48
".SPX",2007-04-10,1.00057796356533e-05,1448.36
".SPX",2007-04-11,2.19362689311324e-05,1439.04
".SPX",2007-04-12,2.08138543624239e-05,1447.66
".SPX",2007-04-13,1.88143678577198e-05,1452.87
".SPX",2007-04-16,3.04652947835527e-05,1468.12
".SPX",2007-04-17,1.48923231587579e-05,1471.38
".SPX",2007-04-18,1.64268670926864e-05,1472.22
".SPX",2007-04-19,4.20034771257107e-05,1470.72
".SPX",2007-04-20,7.92713588037026e-05,1484.66
".SPX",2007-04-23,1.31419085643975e-05,1481.21
".SPX",2007-04-24,2.27978972317317e-05,1480.53
".SPX",2007-04-25,3.16479437805554e-05,1494.91
".SPX",2007-04-26,1.5875027756403e-05,1494.31
".SPX",2007-04-27,2.11451631795549e-05,1494.21
".SPX",2007-04-30,2.31660340332646e-05,1482.31
".SPX",2007-05-01,3.80380505304427e-05,1486.12
".SPX",2007-05-02,1.51166024543799e-05,1496.01
".SPX",2007-05-03,2.01309585214887e-05,1502.29
".SPX",2007-05-04,1.6583618683756e-05,1505.62
".SPX",2007-05-07,1.09242174881442e-05,1509.03
".SPX",2007-05-08,2.50577103277517e-05,1507.79
".SPX",2007-05-09,1.98600375157866e-05,1512.45
".SPX",2007-05-10,4.51302130464134e-05,1491.76
".SPX",2007-05-11,2.71865102004281e-05,1505.42
".SPX",2007-05-14,2.71149294938625e-05,1503.32
".SPX",2007-05-15,5.34507278864511e-05,1501.66
".SPX",2007-05-16,3.73459857535907e-05,1514.01
".SPX",2007-05-17,2.00051301069021e-05,1512.63
".SPX",2007-05-18,2.09594057363882e-05,1522.48
".SPX",2007-05-21,1.4722270420771e-05,1524.57
".SPX",2007-05-22,1.91418640497087e-05,1523.91
".SPX",2007-05-23,3.06145240722104e-05,1522.15
".SPX",2007-05-24,5.35173526573263e-05,1507.65
".SPX",2007-05-25,3.08706894850276e-05,1515.8
".SPX",2007-05-29,2.61917915969091e-05,1518.05
".SPX",2007-05-30,4.84674911572328e-05,1530.16
".SPX",2007-05-31,1.71862899901238e-05,1530.43
".SPX",2007-06-01,3.79232019065358e-05,1536.08
".SPX",2007-06-04,1.26810820466045e-05,1539
".SPX",2007-06-05,3.11470684758733e-05,1531.36
".SPX",2007-06-06,3.67441111864848e-05,1517.57
".SPX",2007-06-07,7.43702087083338e-05,1490.52
".SPX",2007-06-08,5.25464756765179e-05,1507.26
".SPX",2007-06-11,2.33907088847827e-05,1508.97
".SPX",2007-06-12,6.63096615570903e-05,1493.46
".SPX",2007-06-13,6.48899132027041e-05,1515.43
".SPX",2007-06-14,2.38789675908866e-05,1522.78
".SPX",2007-06-15,4.71793150796211e-05,1533.03
".SPX",2007-06-18,1.81063089656018e-05,1531.18
".SPX",2007-06-19,1.83092729247732e-05,1534.02
".SPX",2007-06-20,5.17907530160577e-05,1512.58
".SPX",2007-06-21,7.76425824705311e-05,1521.99
".SPX",2007-06-22,8.07640554469892e-05,1504.07
".SPX",2007-06-25,0.00010889236368568,1498.09
".SPX",2007-06-26,8.01952671878037e-05,1493.08
".SPX",2007-06-27,7.08147574959454e-05,1506.8
".SPX",2007-06-28,6.14681752620446e-05,1506.25
".SPX",2007-06-29,7.75991982461719e-05,1502.24
".SPX",2007-07-02,3.25858674040561e-05,1519.22
".SPX",2007-07-03,1.00218743713243e-05,1524.87
".SPX",2007-07-05,2.10539476110547e-05,1525.41
".SPX",2007-07-06,1.81645350127035e-05,1530.58
".SPX",2007-07-09,1.55309683969954e-05,1531.99
".SPX",2007-07-10,7.45695552510264e-05,1510.17
".SPX",2007-07-11,4.90381851971179e-05,1518.79
".SPX",2007-07-12,4.9110093037943e-05,1547.49
".SPX",2007-07-13,1.88301266545051e-05,1552.16
".SPX",2007-07-16,1.90502557342867e-05,1549.58
".SPX",2007-07-17,2.25643914454081e-05,1549.71
".SPX",2007-07-18,6.72490270993307e-05,1546.64
".SPX",2007-07-19,3.54169105098397e-05,1552.82
".SPX",2007-07-20,8.03987206728096e-05,1533.94
".SPX",2007-07-23,4.02810412387014e-05,1540.82
".SPX",2007-07-24,0.00011626039274552,1512.22
".SPX",2007-07-25,0.00017082688714808,1517.89
".SPX",2007-07-26,0.00032731983017789,1485.79
".SPX",2007-07-27,0.00018766477911662,1459.3
".SPX",2007-07-30,0.00014488395151972,1472.94
".SPX",2007-07-31,0.00013502776125052,1454.71
".SPX",2007-08-01,0.00027950083453584,1466.27
".SPX",2007-08-02,0.00011120374181281,1471.58
".SPX",2007-08-03,0.00015963982925104,1433.49
".SPX",2007-08-06,0.00023190348021377,1466.94
".SPX",2007-08-07,0.00024972370328973,1476.89
".SPX",2007-08-08,0.00013860259596126,1496.94
".SPX",2007-08-09,0.00048130512781257,1455.51
".SPX",2007-08-10,0.00041327970142084,1452.76
".SPX",2007-08-13,0.00011643516664977,1453.01
".SPX",2007-08-14,0.00015424644094987,1426.59
".SPX",2007-08-15,0.00019842341751299,1406.48
".SPX",2007-08-16,0.00054330237841394,1414.5
".SPX",2007-08-17,0.00050724737508953,1445.03
".SPX",2007-08-20,0.00011890855636984,1445.32
".SPX",2007-08-21,9.7728398901201e-05,1446.86
".SPX",2007-08-22,0.0001345203911682,1463.36
".SPX",2007-08-23,8.91004536644098e-05,1462.83
".SPX",2007-08-24,3.50178654637865e-05,1479.18
".SPX",2007-08-27,3.8142590555684e-05,1466.89
".SPX",2007-08-28,6.20265381335061e-05,1433.58
".SPX",2007-08-29,0.00011226393734143,1463.62
".SPX",2007-08-30,0.00013127475999296,1457.94
".SPX",2007-08-31,0.00017591040581769,1472.68
".SPX",2007-09-04,3.81432585373584e-05,1489.46
".SPX",2007-09-05,0.00010196062919863,1471.94
".SPX",2007-09-06,5.63679311620544e-05,1478.27
".SPX",2007-09-07,0.00019336438052619,1453.52
".SPX",2007-09-10,0.00011835407799747,1451.63
".SPX",2007-09-11,8.05939503487032e-05,1471.66
".SPX",2007-09-12,5.81386096845758e-05,1471.53
".SPX",2007-09-13,6.4657408564551e-05,1483.45
".SPX",2007-09-14,6.81721280616497e-05,1484.23
".SPX",2007-09-17,3.21815738097911e-05,1476.4
".SPX",2007-09-18,0.00021688886071205,1519.28
".SPX",2007-09-19,8.8684110720082e-05,1529
".SPX",2007-09-20,4.13261360277674e-05,1518.49
".SPX",2007-09-21,4.21837680956918e-05,1525.28
".SPX",2007-09-24,4.0551002850499e-05,1517.82
".SPX",2007-09-25,4.95415489705414e-05,1518.2
".SPX",2007-09-26,3.7658897036419e-05,1525.44
".SPX",2007-09-27,2.8321353750994e-05,1531.55
".SPX",2007-09-28,2.50329261384392e-05,1526.75
".SPX",2007-10-01,2.98422136372686e-05,1546.96
".SPX",2007-10-02,1.85867355208428e-05,1546.33
".SPX",2007-10-03,3.4777469002812e-05,1539.6
".SPX",2007-10-04,1.46480479966519e-05,1542.93
".SPX",2007-10-05,5.09756684568187e-05,1556.78
".SPX",2007-10-08,1.59378158907396e-05,1552.78
".SPX",2007-10-09,3.25817825729652e-05,1565.17
".SPX",2007-10-10,2.71416133419501e-05,1561.75
".SPX",2007-10-11,8.54127246900643e-05,1554.43
".SPX",2007-10-12,3.21769432460883e-05,1561.65
".SPX",2007-10-15,5.1058932597537e-05,1549.41
".SPX",2007-10-16,4.54803457908112e-05,1538.89
".SPX",2007-10-17,8.41946223526961e-05,1541.29
".SPX",2007-10-18,4.61141066640061e-05,1539.54
".SPX",2007-10-19,0.00012221508279147,1500.33
".SPX",2007-10-22,0.00011225037222451,1506.77
".SPX",2007-10-23,7.16728821311999e-05,1520
".SPX",2007-10-24,0.00019693028684302,1516
".SPX",2007-10-25,0.00014238815871676,1514.09
".SPX",2007-10-26,6.54259942079563e-05,1535.22
".SPX",2007-10-29,3.71532374666288e-05,1540.58
".SPX",2007-10-30,2.90227075130672e-05,1531.17
".SPX",2007-10-31,0.00012467019844992,1548.31
".SPX",2007-11-01,0.00021001033939052,1508.15
".SPX",2007-11-02,0.00020357514467784,1510.69
".SPX",2007-11-05,0.00016457463484335,1501.92
".SPX",2007-11-06,7.77944009407853e-05,1520.75
".SPX",2007-11-07,0.00019745503529141,1475.04
".SPX",2007-11-08,0.00035105320771744,1474.21
".SPX",2007-11-09,0.00024354005450231,1452.49
".SPX",2007-11-12,0.00017542143754302,1438.98
".SPX",2007-11-13,0.00012600131241609,1480.55
".SPX",2007-11-14,0.00012730513419834,1469.5
".SPX",2007-11-15,0.00014266437927382,1451.18
".SPX",2007-11-16,0.00017011525618447,1457.99
".SPX",2007-11-19,0.0001465415272457,1433.89
".SPX",2007-11-20,0.0002956852681278,1439.47
".SPX",2007-11-21,0.00022192140732434,1415.96
".SPX",2007-11-23,9.19209204143805e-05,1440.7
".SPX",2007-11-26,0.00012776125539391,1406.15
".SPX",2007-11-27,0.00020375449906384,1428.65
".SPX",2007-11-28,0.00012290826337893,1469.19
".SPX",2007-11-29,0.00011251623781201,1469.79
".SPX",2007-11-30,0.00016955791893299,1481.79
".SPX",2007-12-03,7.58427858098941e-05,1472.52
".SPX",2007-12-04,7.50526109806867e-05,1462.72
".SPX",2007-12-05,0.00012212849021996,1484.74
".SPX",2007-12-06,4.18838726814622e-05,1507.29
".SPX",2007-12-07,3.08602270902106e-05,1504.09
".SPX",2007-12-10,3.08929444786237e-05,1516.38
".SPX",2007-12-11,0.00022947112777646,1477.29
".SPX",2007-12-12,0.00045682788933112,1486.96
".SPX",2007-12-13,0.00011176204231628,1489.19
".SPX",2007-12-14,0.00010128056251909,1467.96
".SPX",2007-12-17,0.00010316166541849,1446.21
".SPX",2007-12-18,0.00014728177408862,1453.76
".SPX",2007-12-19,9.79763048695492e-05,1452.37
".SPX",2007-12-20,7.10299284367512e-05,1460.5
".SPX",2007-12-21,8.91860340399703e-05,1485.02
".SPX",2007-12-24,1.97287962701954e-05,1496.45
".SPX",2007-12-26,2.13278267082619e-05,1497.42
".SPX",2007-12-27,3.86512911513318e-05,1477.05
".SPX",2007-12-28,6.01335235861105e-05,1477.14
".SPX",2007-12-31,3.7369447643464e-05,1466.72
".SPX",2008-01-02,0.00011089713625006,1447.67
".SPX",2008-01-03,6.54116883215866e-05,1446.91
".SPX",2008-01-04,0.00016876886414314,1411.19
".SPX",2008-01-07,0.00019064865652152,1416.11
".SPX",2008-01-08,0.00022675187376478,1389.8
".SPX",2008-01-09,0.00024783311188773,1408.93
".SPX",2008-01-10,0.0003538678567542,1419.99
".SPX",2008-01-11,0.00022355508678011,1401.44
".SPX",2008-01-14,9.21538674242384e-05,1416.19
".SPX",2008-01-15,0.00014888226609685,1380.68
".SPX",2008-01-16,0.00025483100848816,1373.13
".SPX",2008-01-17,0.00029337474580089,1333.5
".SPX",2008-01-18,0.00036872614456608,1325.27
".SPX",2008-01-22,0.0015404585421895,1311.12
".SPX",2008-01-23,0.00123720715727165,1338.76
".SPX",2008-01-24,0.00029563181900701,1351.48
".SPX",2008-01-25,0.000281020936017,1330.43
".SPX",2008-01-28,0.00020213812245326,1353.06
".SPX",2008-01-29,0.00010045462981162,1362
".SPX",2008-01-30,0.00022854781493666,1354.59
".SPX",2008-01-31,0.00049220120190417,1373.94
".SPX",2008-02-01,0.00013870008811191,1395.08
".SPX",2008-02-04,6.75687554499522e-05,1380.71
".SPX",2008-02-05,0.00033159168618853,1337.28
".SPX",2008-02-06,0.00013968937184571,1326.38
".SPX",2008-02-07,0.00026429223135555,1336.52
".SPX",2008-02-08,0.00015787549984349,1330.7
".SPX",2008-02-11,9.10263317422925e-05,1338.7
".SPX",2008-02-12,0.00015915865699822,1348.96
".SPX",2008-02-13,0.00012989042433639,1366.21
".SPX",2008-02-14,0.00011802300819665,1348.48
".SPX",2008-02-15,7.41276982062125e-05,1349.66
".SPX",2008-02-19,0.00013670487913683,1348.59
".SPX",2008-02-20,0.00020350152157465,1360.05
".SPX",2008-02-21,0.00011442640114208,1342.33
".SPX",2008-02-22,0.00015366893820087,1354.3
".SPX",2008-02-25,0.00018009072364039,1371.24
".SPX",2008-02-26,9.94751380318589e-05,1381.49
".SPX",2008-02-27,0.00011715594251136,1379.84
".SPX",2008-02-28,0.00010442466919312,1367.56
".SPX",2008-02-29,0.00015859259966585,1331.29
".SPX",2008-03-03,0.00012077305872367,1331.63
".SPX",2008-03-04,0.00020485380032996,1327
".SPX",2008-03-05,0.00016188453386888,1334.01
".SPX",2008-03-06,0.0001524832247095,1304.34
".SPX",2008-03-07,0.00032588728797202,1293.09
".SPX",2008-03-10,0.0001493640906891,1274.75
".SPX",2008-03-11,0.00053839500034588,1320.31
".SPX",2008-03-12,0.00011611452935366,1308.93
".SPX",2008-03-13,0.00040769382047421,1314.9
".SPX",2008-03-14,0.00056841321001058,1288.8
".SPX",2008-03-17,0.00048599601590068,1276.48
".SPX",2008-03-18,0.00056859111093602,1329.04
".SPX",2008-03-19,0.00025879168743918,1298.48
".SPX",2008-03-20,0.00013927175558068,1329.99
".SPX",2008-03-24,0.00011263397691482,1349.16
".SPX",2008-03-25,9.38281654042991e-05,1352.75
".SPX",2008-03-26,0.00011068589016993,1340.75
".SPX",2008-03-27,0.00012610136927038,1325.94
".SPX",2008-03-28,8.81687829681126e-05,1314.5
".SPX",2008-03-31,8.42514636830757e-05,1321.92
".SPX",2008-04-01,0.00018061089878093,1369.87
".SPX",2008-04-02,7.77464379590084e-05,1367.55
".SPX",2008-04-03,7.84358874950115e-05,1369.21
".SPX",2008-04-04,7.34683112206245e-05,1370.46
".SPX",2008-04-07,7.29824895078089e-05,1372.25
".SPX",2008-04-08,7.74265243695272e-05,1365.35
".SPX",2008-04-09,5.05850480204017e-05,1354.5
".SPX",2008-04-10,7.51450951399185e-05,1360.38
".SPX",2008-04-11,0.00014024484870833,1333.31
".SPX",2008-04-14,5.04019757613755e-05,1329.04
".SPX",2008-04-15,7.11064154191817e-05,1335.15
".SPX",2008-04-16,0.00010020097787032,1363.73
".SPX",2008-04-17,5.96107690343756e-05,1365.57
".SPX",2008-04-18,0.00026402695679683,1390.88
".SPX",2008-04-21,3.56503711069608e-05,1388.03
".SPX",2008-04-22,6.36416563920961e-05,1376.9
".SPX",2008-04-23,6.36612620849581e-05,1380.16
".SPX",2008-04-24,0.00011860302054804,1388.83
".SPX",2008-04-25,9.33908090655455e-05,1398.11
".SPX",2008-04-28,3.83960507266625e-05,1396.19
".SPX",2008-04-29,3.29927378122696e-05,1391.63
".SPX",2008-04-30,0.00013868057074328,1385.08
".SPX",2008-05-01,6.73387446204971e-05,1409.06
".SPX",2008-05-02,0.00015027765287441,1413.31
".SPX",2008-05-05,4.55648710262252e-05,1407.76
".SPX",2008-05-06,7.20114563690377e-05,1418.89
".SPX",2008-05-07,5.03803958460761e-05,1392.5
".SPX",2008-05-08,7.3827785386118e-05,1397.57
".SPX",2008-05-09,9.59604599676944e-05,1388.35
".SPX",2008-05-12,3.60935809324388e-05,1403.36
".SPX",2008-05-13,2.7425297103851e-05,1403.05
".SPX",2008-05-14,4.13913496233975e-05,1407.92
".SPX",2008-05-15,4.84328730787607e-05,1423.2
".SPX",2008-05-16,3.87428177042857e-05,1424.79
".SPX",2008-05-19,5.59482607200217e-05,1426.37
".SPX",2008-05-20,6.55747026013937e-05,1414.17
".SPX",2008-05-21,9.72393904507368e-05,1390.86
".SPX",2008-05-22,4.45087652680851e-05,1393.76
".SPX",2008-05-23,6.26810628216447e-05,1376.12
".SPX",2008-05-27,6.07887684515937e-05,1385.48
".SPX",2008-05-28,5.56199072040215e-05,1390.93
".SPX",2008-05-29,4.55012731383955e-05,1397.95
".SPX",2008-05-30,3.88271207329272e-05,1398.86
".SPX",2008-06-02,6.06455489891723e-05,1385.6
".SPX",2008-06-03,7.66176283733023e-05,1377.25
".SPX",2008-06-04,0.00010543459423538,1377.19
".SPX",2008-06-05,7.18426902321329e-05,1403.35
".SPX",2008-06-06,0.00017348278401931,1359.9
".SPX",2008-06-09,0.00010778076629208,1362.48
".SPX",2008-06-10,0.00013472875637957,1357.75
".SPX",2008-06-11,0.00010629646557307,1335.56
".SPX",2008-06-12,0.00012046896053725,1340.27
".SPX",2008-06-13,0.00012375794341587,1359.88
".SPX",2008-06-16,6.83178840658969e-05,1359.89
".SPX",2008-06-17,8.03780904130772e-05,1350.78
".SPX",2008-06-18,0.00011415630562727,1338.75
".SPX",2008-06-19,7.4520106131872e-05,1342.87
".SPX",2008-06-20,0.00013739437161048,1317.77
".SPX",2008-06-23,5.83050454757494e-05,1318.7
".SPX",2008-06-24,9.17993222653046e-05,1314.54
".SPX",2008-06-25,0.00011543365615363,1322.4
".SPX",2008-06-26,0.00013318791016607,1283.5
".SPX",2008-06-27,0.00011580741782301,1279.44
".SPX",2008-06-30,8.77185647570812e-05,1279.21
".SPX",2008-07-01,0.0002322747774764,1284.95
".SPX",2008-07-02,0.00014137486613807,1261.66
".SPX",2008-07-03,0.00017353906475746,1262.9
".SPX",2008-07-07,0.00025641455972694,1251.48
".SPX",2008-07-08,0.00015762434347069,1273.51
".SPX",2008-07-09,0.00013174256009749,1244.63
".SPX",2008-07-10,0.00028516368837357,1253.89
".SPX",2008-07-11,0.00053287023153156,1240.13
".SPX",2008-07-14,0.00023130279144809,1227.91
".SPX",2008-07-15,0.00032235840945553,1214.56
".SPX",2008-07-16,0.00020425417413847,1245.31
".SPX",2008-07-17,0.00017865178237244,1259.27
".SPX",2008-07-18,8.26727059401408e-05,1260.15
".SPX",2008-07-21,4.94366621144942e-05,1259.85
".SPX",2008-07-22,0.00011580382378911,1276.69
".SPX",2008-07-23,0.00013519577518824,1282.13
".SPX",2008-07-24,9.51095255155559e-05,1253.62
".SPX",2008-07-25,0.00011953281252136,1257.49
".SPX",2008-07-28,7.31991033981358e-05,1234.9
".SPX",2008-07-29,9.5111028818396e-05,1262.83
".SPX",2008-07-30,0.00015879643669925,1284.02
".SPX",2008-07-31,0.00012484785856963,1267.25
".SPX",2008-08-01,0.00011425990873388,1260.34
".SPX",2008-08-04,7.01297273882102e-05,1249.01
".SPX",2008-08-05,7.57959861619518e-05,1284.02
".SPX",2008-08-06,6.16224272063066e-05,1289.28
".SPX",2008-08-07,0.00012997175010625,1266.76
".SPX",2008-08-08,8.0681300799626e-05,1295.22
".SPX",2008-08-11,7.07720975994169e-05,1304.88
".SPX",2008-08-12,8.19554882674289e-05,1289.76
".SPX",2008-08-13,0.00011144053221495,1286.01
".SPX",2008-08-14,8.84972331847963e-05,1293.08
".SPX",2008-08-15,7.6734939766678e-05,1297.99
".SPX",2008-08-18,8.250448615987e-05,1279.47
".SPX",2008-08-19,9.20733418793942e-05,1267.28
".SPX",2008-08-20,0.00010736632291292,1274.86
".SPX",2008-08-21,9.77298006616375e-05,1277.51
".SPX",2008-08-22,8.56008710306907e-05,1292.02
".SPX",2008-08-25,8.25739986579758e-05,1267.37
".SPX",2008-08-26,6.77467983064974e-05,1271.35
".SPX",2008-08-27,5.94844265779938e-05,1281.58
".SPX",2008-08-28,7.72656171764979e-05,1299.63
".SPX",2008-08-29,5.61962771219633e-05,1283.28
".SPX",2008-09-02,0.00015177085167091,1277.38
".SPX",2008-09-03,0.00012089778656951,1275.35
".SPX",2008-09-04,0.00014493711942913,1236.67
".SPX",2008-09-05,0.00016872950367702,1242.25
".SPX",2008-09-08,0.00064999496170016,1267.93
".SPX",2008-09-09,0.00021601196770102,1224.94
".SPX",2008-09-10,0.0001835110249294,1231.57
".SPX",2008-09-11,0.00037942957488995,1249.68
".SPX",2008-09-12,0.00020784055751002,1252.27
".SPX",2008-09-15,0.00091443718814601,1197.72
".SPX",2008-09-16,0.00124802138751245,1213.96
".SPX",2008-09-17,0.00099429581259287,1156.08
".SPX",2008-09-18,0.00163354362400532,1200.49
".SPX",2008-09-19,0.00124860700665535,1252.02
".SPX",2008-09-22,0.00027900555575812,1207.21
".SPX",2008-09-23,0.00039668669420166,1188
".SPX",2008-09-24,0.00024331644945668,1188.83
".SPX",2008-09-25,0.0002796623823909,1211.19
".SPX",2008-09-26,0.00042270927346091,1215.6
".SPX",2008-09-29,0.00199515538019142,1127.65
".SPX",2008-09-30,0.00065133520299659,1166.88
".SPX",2008-10-01,0.00051622206260824,1162.05
".SPX",2008-10-02,0.00044095810840209,1114.45
".SPX",2008-10-03,0.00108582275841734,1099.5
".SPX",2008-10-06,0.00180862084550445,1062.41
".SPX",2008-10-07,0.0009077614039338,997.94
".SPX",2008-10-08,0.00249645383238611,984.24
".SPX",2008-10-09,0.00175703045717198,917.44
".SPX",2008-10-10,0.00774773974020882,904.45
".SPX",2008-10-13,0.00162205462755695,1006.01
".SPX",2008-10-14,0.00274303165722236,997.96
".SPX",2008-10-15,0.00171958612622143,905.81
".SPX",2008-10-16,0.00326843801378366,945.51
".SPX",2008-10-17,0.00184450338165266,940.55
".SPX",2008-10-20,0.00081035939832488,984.94
".SPX",2008-10-21,0.00079158432691831,954.32
".SPX",2008-10-22,0.00143658618213416,899.84
".SPX",2008-10-23,0.00314687538168319,908.9
".SPX",2008-10-24,0.00353500982295304,875.55
".SPX",2008-10-27,0.0019060505338531,847.98
".SPX",2008-10-28,0.00253556087595594,940.27
".SPX",2008-10-29,0.00251405812393441,922.26
".SPX",2008-10-30,0.00136061552227355,954.33
".SPX",2008-10-31,0.00093987809846587,970.91
".SPX",2008-11-03,0.00024906482733957,966.31
".SPX",2008-11-04,0.00056226907978882,1005.25
".SPX",2008-11-05,0.00074082347319233,952.3
".SPX",2008-11-06,0.00067167144727673,905.16
".SPX",2008-11-07,0.00074557256414029,931.09
".SPX",2008-11-10,0.0007969240457482,919.57
".SPX",2008-11-11,0.00113110732037868,898.5
".SPX",2008-11-12,0.00068455904946616,853.32
".SPX",2008-11-13,0.0029325603219555,913.01
".SPX",2008-11-14,0.00179344341466101,872.35
".SPX",2008-11-17,0.00152956793557147,850.14
".SPX",2008-11-18,0.00130289169562132,858.67
".SPX",2008-11-19,0.00117206598503081,807.26
".SPX",2008-11-20,0.0025221087564937,753.56
".SPX",2008-11-21,0.00303552090149321,800.22
".SPX",2008-11-24,0.00138229260716463,847.58
".SPX",2008-11-25,0.00123286361222206,857.32
".SPX",2008-11-26,0.0007203460429063,887.3
".SPX",2008-11-28,0.0001363622249286,896.24
".SPX",2008-12-01,0.00135809764600978,816.49
".SPX",2008-12-02,0.00109156129356996,849.68
".SPX",2008-12-03,0.00110323179676746,870.48
".SPX",2008-12-04,0.00089384868660372,844.84
".SPX",2008-12-05,0.00112970785174202,877.81
".SPX",2008-12-08,0.00076462025710224,908.35
".SPX",2008-12-09,0.0007639126944479,889.16
".SPX",2008-12-10,0.00056787473210506,899.1
".SPX",2008-12-11,0.00057268164535849,873.9
".SPX",2008-12-12,0.00105995883172046,879.81
".SPX",2008-12-15,0.0003530642889904,869.4
".SPX",2008-12-16,0.00062387131702532,913.09
".SPX",2008-12-17,0.00058959809125859,903.92
".SPX",2008-12-18,0.00041716890019511,885.18
".SPX",2008-12-19,0.00040898360495817,886.85
".SPX",2008-12-22,0.00028059941482855,871.47
".SPX",2008-12-23,0.00024680205319933,863.17
".SPX",2008-12-24,3.40087380147729e-05,868.15
".SPX",2008-12-26,4.60957448619604e-05,872.42
".SPX",2008-12-29,0.00012175420462054,868.93
".SPX",2008-12-30,0.00014418607317455,890.41
".SPX",2008-12-31,0.00014477872265111,903.71
".SPX",2009-01-02,0.00014914002849806,930.6
".SPX",2009-01-05,0.00021741138022528,927.75
".SPX",2009-01-06,0.00026009681634872,934.42
".SPX",2009-01-07,0.00022423707209362,906.71
".SPX",2009-01-08,0.00023715567557452,909.97
".SPX",2009-01-09,0.00030263111193994,890.01
".SPX",2009-01-12,0.00020514801801019,870.16
".SPX",2009-01-13,0.00034021449292166,871.09
".SPX",2009-01-14,0.00049871883125237,843.13
".SPX",2009-01-15,0.00060666068212851,844.05
".SPX",2009-01-16,0.00067530038371486,849.76
".SPX",2009-01-20,0.00069054941046817,805.21
".SPX",2009-01-21,0.00071779487768048,839.96
".SPX",2009-01-22,0.00108579085406847,827.29
".SPX",2009-01-23,0.00109226158551547,831.54
".SPX",2009-01-26,0.00049418002737015,836.67
".SPX",2009-01-27,0.00036566514993281,845.51
".SPX",2009-01-28,0.0005864062549884,873.73
".SPX",2009-01-29,0.00024381172483254,845.05
".SPX",2009-01-30,0.00032275946709001,826.31
".SPX",2009-02-02,0.00040425898637637,825.28
".SPX",2009-02-03,0.00027180840089699,837.83
".SPX",2009-02-04,0.00026797177427076,832.19
".SPX",2009-02-05,0.00044072428985418,845.53
".SPX",2009-02-06,0.00025345122952834,867.95
".SPX",2009-02-09,0.00023580637451766,869.72
".SPX",2009-02-10,0.00067035905792528,826.96
".SPX",2009-02-11,0.00033172163267092,833.34
".SPX",2009-02-12,0.00072753393965617,834.84
".SPX",2009-02-13,0.00031808873473442,826.32
".SPX",2009-02-17,0.0008497744289254,789.41
".SPX",2009-02-18,0.000473195296813,788.18
".SPX",2009-02-19,0.00039666079094074,779.01
".SPX",2009-02-20,0.00067816333794648,770.25
".SPX",2009-02-23,0.00037795840299008,743.37
".SPX",2009-02-24,0.00056049666110736,772.42
".SPX",2009-02-25,0.00060187655812101,764.88
".SPX",2009-02-26,0.00055394491303144,752.92
".SPX",2009-02-27,0.00087338486146915,735.52
".SPX",2009-03-02,0.00056276404329733,700.95
".SPX",2009-03-03,0.00067368515986613,696.25
".SPX",2009-03-04,0.00049726621185149,712.77
".SPX",2009-03-05,0.00073628763349881,682.74
".SPX",2009-03-06,0.00085594973397629,683.73
".SPX",2009-03-09,0.0005679893996431,676.7
".SPX",2009-03-10,0.00074528175804316,718.07
".SPX",2009-03-11,0.00049618794301999,721.04
".SPX",2009-03-12,0.00030637957933156,750.38
".SPX",2009-03-13,0.00035986064335984,756.11
".SPX",2009-03-16,0.00034621695371607,753.74
".SPX",2009-03-17,0.00036585024110832,777.95
".SPX",2009-03-18,0.00081319677248489,794.26
".SPX",2009-03-19,0.00042578174877737,783.55
".SPX",2009-03-20,0.00029699757411501,767.99
".SPX",2009-03-23,0.00062303333544231,823.33
".SPX",2009-03-24,0.0003132322661054,806.19
".SPX",2009-03-25,0.00056870684058972,813.85
".SPX",2009-03-26,0.00052830507573831,832.42
".SPX",2009-03-27,0.00031527957152459,815.89
".SPX",2009-03-30,0.00055062022798735,788.16
".SPX",2009-03-31,0.00030918173215217,797.09
".SPX",2009-04-01,0.00048821341234707,809.95
".SPX",2009-04-02,0.00058422759533059,833.89
".SPX",2009-04-03,0.0002361907762231,842.25
".SPX",2009-04-06,0.00028743688123198,834.92
".SPX",2009-04-07,0.00054116206319847,815.31
".SPX",2009-04-08,0.00022967965406186,824.85
".SPX",2009-04-09,0.00049124235529589,856.91
".SPX",2009-04-13,0.00024844021414361,858
".SPX",2009-04-14,0.000263752683541,841.17
".SPX",2009-04-15,0.00016691117676474,852.14
".SPX",2009-04-16,0.00018818138137754,864.98
".SPX",2009-04-17,0.00014011788901843,869.95
".SPX",2009-04-20,0.00042423648182507,832.92
".SPX",2009-04-21,0.0002047263323735,849.67
".SPX",2009-04-22,0.00030450040454885,843.68
".SPX",2009-04-23,0.0002557694895023,851.96
".SPX",2009-04-24,0.00021048721137765,865.76
".SPX",2009-04-27,0.00025647782732824,857.48
".SPX",2009-04-28,0.00019945499762494,854.88
".SPX",2009-04-29,0.00024939108216726,873.02
".SPX",2009-04-30,0.00026467523735862,872.7
".SPX",2009-05-01,0.00015134854728373,877.24
".SPX",2009-05-04,0.00019887656138377,907.85
".SPX",2009-05-05,0.00012074378615153,903.73
".SPX",2009-05-06,0.00031635571788032,919.44
".SPX",2009-05-07,0.00036185150235941,907.4
".SPX",2009-05-08,0.00032153619570736,929.09
".SPX",2009-05-11,0.00018573083062585,909.69
".SPX",2009-05-12,0.00018849150302224,908.49
".SPX",2009-05-13,0.00035758688623808,884.13
".SPX",2009-05-14,0.00016449631737985,892.28
".SPX",2009-05-15,0.00013228730183517,883.43
".SPX",2009-05-18,0.00015990063249127,909.78
".SPX",2009-05-19,0.00014037866863079,908.35
".SPX",2009-05-20,0.00027986125548597,903.24
".SPX",2009-05-21,0.00022786777323196,888.25
".SPX",2009-05-22,0.0001253937101002,887.49
".SPX",2009-05-26,0.00019186054572476,910.13
".SPX",2009-05-27,0.00018752321842571,893.11
".SPX",2009-05-28,0.00030659975509981,906.52
".SPX",2009-05-29,0.00020995682807394,920.02
".SPX",2009-06-01,0.00016586544920237,943.91
".SPX",2009-06-02,0.00013526051915856,944.73
".SPX",2009-06-03,0.00014698347614266,932.36
".SPX",2009-06-04,8.01792630269607e-05,941.92
".SPX",2009-06-05,0.00022665657850396,940.7
".SPX",2009-06-08,0.00015684210385103,938.94
".SPX",2009-06-09,9.52600868167634e-05,942.13
".SPX",2009-06-10,0.00017882659096496,939.27
".SPX",2009-06-11,0.0001427182958237,944.46
".SPX",2009-06-12,9.67384936085729e-05,945.92
".SPX",2009-06-15,0.00019482221937718,924.02
".SPX",2009-06-16,0.0001081586418713,911.95
".SPX",2009-06-17,0.00015535030403557,910.86
".SPX",2009-06-18,9.22644885869901e-05,918.03
".SPX",2009-06-19,9.19848596389122e-05,921.05
".SPX",2009-06-22,0.00019247053047272,893.12
".SPX",2009-06-23,0.00015968673651108,894.55
".SPX",2009-06-24,0.0001388395013843,900.84
".SPX",2009-06-25,0.00013111798843267,919.9
".SPX",2009-06-26,9.89935425783198e-05,918.17
".SPX",2009-06-29,6.69492861587128e-05,927.04
".SPX",2009-06-30,9.73607888238758e-05,919.59
".SPX",2009-07-01,8.45521427419497e-05,923.15
".SPX",2009-07-02,0.0002768816203149,897.59
".SPX",2009-07-06,9.9438396652972e-05,898.54
".SPX",2009-07-07,9.85953415062555e-05,880.83
".SPX",2009-07-08,0.00017225346887804,879.61
".SPX",2009-07-09,0.00013801915749294,882.3
".SPX",2009-07-10,0.00013132249839317,878.8
".SPX",2009-07-13,0.00011892636688244,900.76
".SPX",2009-07-14,6.30190751111958e-05,905.81
".SPX",2009-07-15,0.00010544073460342,932.62
".SPX",2009-07-16,6.72230156023657e-05,940.56
".SPX",2009-07-17,6.23034708841191e-05,940.5
".SPX",2009-07-20,0.0001084593879909,950.7
".SPX",2009-07-21,0.00010453375703721,954.58
".SPX",2009-07-22,8.93219053289247e-05,953.76
".SPX",2009-07-23,0.00012053333639285,976.05
".SPX",2009-07-24,8.088390854182e-05,979.26
".SPX",2009-07-27,8.20900570412881e-05,982.32
".SPX",2009-07-28,0.00012414702057131,979.73
".SPX",2009-07-29,0.00013095613106192,975.38
".SPX",2009-07-30,0.00021977161208914,986.38
".SPX",2009-07-31,8.93714253674765e-05,987
".SPX",2009-08-03,0.00012448840822613,1002.14
".SPX",2009-08-04,7.06474237783026e-05,1005.47
".SPX",2009-08-05,9.74622976454907e-05,1002.57
".SPX",2009-08-06,8.7112376410429e-05,996.99
".SPX",2009-08-07,0.00015012758110359,1010.58
".SPX",2009-08-10,5.62173399291993e-05,1007.37
".SPX",2009-08-11,7.23632913945164e-05,994.35
".SPX",2009-08-12,9.91884698900452e-05,1005.48
".SPX",2009-08-13,0.00010277488373268,1012.44
".SPX",2009-08-14,7.61564106900718e-05,1004.17
".SPX",2009-08-17,0.00021861826586506,979.72
".SPX",2009-08-18,5.03180454417035e-05,989.51
".SPX",2009-08-19,0.00010399776000208,996.71
".SPX",2009-08-20,3.06159983015526e-05,1007.22
".SPX",2009-08-21,9.46442756190104e-05,1025.83
".SPX",2009-08-24,8.97034219821246e-05,1025.7
".SPX",2009-08-25,0.00010046964974851,1027.94
".SPX",2009-08-26,8.51007601558167e-05,1028.14
".SPX",2009-08-27,6.73114977400487e-05,1031.09
".SPX",2009-08-28,9.21429148870638e-05,1029.2
".SPX",2009-08-31,6.86005864971245e-05,1020.94
".SPX",2009-09-01,0.00013771962955048,997.87
".SPX",2009-09-02,9.74880958318586e-05,994.47
".SPX",2009-09-03,6.27451547384748e-05,1002.77
".SPX",2009-09-04,5.58677488049047e-05,1016.25
".SPX",2009-09-08,7.05855569574115e-05,1025.08
".SPX",2009-09-09,4.95268246476248e-05,1033.23
".SPX",2009-09-10,4.78332702148865e-05,1043.94
".SPX",2009-09-11,6.30890331248403e-05,1042.62
".SPX",2009-09-14,7.29032415469714e-05,1049.07
".SPX",2009-09-15,6.45977407811986e-05,1052.64
".SPX",2009-09-16,5.82226620457206e-05,1068.63
".SPX",2009-09-17,7.5537541670974e-05,1066.23
".SPX",2009-09-18,4.89651730139678e-05,1067.84
".SPX",2009-09-21,0.00012042353242606,1064.69
".SPX",2009-09-22,4.81715183230696e-05,1071.44
".SPX",2009-09-23,9.37814463265615e-05,1060.97
".SPX",2009-09-24,0.00011314805316769,1050.53
".SPX",2009-09-25,9.95698302016423e-05,1044.9
".SPX",2009-09-28,6.88262146628006e-05,1062.78
".SPX",2009-09-29,9.17686777796398e-05,1060.45
".SPX",2009-09-30,0.00015227257071005,1055.67
".SPX",2009-10-01,0.00011553474018783,1029.45
".SPX",2009-10-02,0.00016843685539841,1024.97
".SPX",2009-10-05,8.53878433280592e-05,1040.23
".SPX",2009-10-06,0.00012496870630132,1054.76
".SPX",2009-10-07,6.51409237820249e-05,1057.49
".SPX",2009-10-08,6.05021533739455e-05,1065.13
".SPX",2009-10-09,2.51533034053802e-05,1071.51
".SPX",2009-10-12,3.58910379804088e-05,1076.05
".SPX",2009-10-13,6.00492429522489e-05,1073.75
".SPX",2009-10-14,8.92766317325036e-05,1092.31
".SPX",2009-10-15,3.4216221739076e-05,1096.06
".SPX",2009-10-16,0.00011523836125283,1087.85
".SPX",2009-10-19,3.31918836190293e-05,1097.64
".SPX",2009-10-20,6.83397238373231e-05,1091.19
".SPX",2009-10-21,0.00010353044112753,1081.22
".SPX",2009-10-22,7.21472531684177e-05,1092.5
".SPX",2009-10-23,0.00013620689680816,1079.73
".SPX",2009-10-26,0.00018267748285234,1066.96
".SPX",2009-10-27,0.00017515047649531,1063.35
".SPX",2009-10-28,0.00013350484281009,1042.63
".SPX",2009-10-29,9.38399691114565e-05,1065.33
".SPX",2009-10-30,0.00025623130139733,1035.83
".SPX",2009-11-02,0.00030752161303346,1042.48
".SPX",2009-11-03,0.0001854301635108,1044.8
".SPX",2009-11-04,0.00017808476386654,1046.21
".SPX",2009-11-05,0.00010326302414537,1066.64
".SPX",2009-11-06,0.00010699217214304,1069.16
".SPX",2009-11-09,5.17644871909336e-05,1093.12
".SPX",2009-11-10,4.4434754768216e-05,1093.01
".SPX",2009-11-11,7.26466404394386e-05,1098.67
".SPX",2009-11-12,8.13390470396924e-05,1087.23
".SPX",2009-11-13,5.81888340501832e-05,1093.49
".SPX",2009-11-16,0.00010534412586251,1109.28
".SPX",2009-11-17,5.43293623618319e-05,1110.27
".SPX",2009-11-18,4.76014479894394e-05,1109.68
".SPX",2009-11-19,0.0001005945811833,1095
".SPX",2009-11-20,4.29643024912099e-05,1091.6
".SPX",2009-11-23,0.00011141448750622,1106.13
".SPX",2009-11-24,4.31917633587937e-05,1105.69
".SPX",2009-11-25,1.8360670928167e-05,1110.27
".SPX",2009-11-27,0.00037046423364341,1091.49
".SPX",2009-11-30,5.83966432280054e-05,1095.74
".SPX",2009-12-01,9.83388588961551e-05,1108.78
".SPX",2009-12-02,4.57415472428751e-05,1108.94
".SPX",2009-12-03,7.13165075604894e-05,1100.01
".SPX",2009-12-04,0.00022562149989059,1105.67
".SPX",2009-12-07,4.49197539241389e-05,1103.17
".SPX",2009-12-08,0.00011296500361394,1091.83
".SPX",2009-12-09,5.95727243711943e-05,1095.58
".SPX",2009-12-10,5.07568702130326e-05,1102.3
".SPX",2009-12-11,3.53161570443969e-05,1106.5
".SPX",2009-12-14,2.90768985848175e-05,1114.09
".SPX",2009-12-15,4.1494934218508e-05,1107.91
".SPX",2009-12-16,4.88432532577253e-05,1109.6
".SPX",2009-12-17,5.54607755315758e-05,1096.63
".SPX",2009-12-18,3.42195640298014e-05,1103.14
".SPX",2009-12-21,6.48278377889687e-05,1114.14
".SPX",2009-12-22,2.22766469379802e-05,1118.35
".SPX",2009-12-23,1.58577450152662e-05,1120.46
".SPX",2009-12-24,1.26162150725631e-05,1126.48
".SPX",2009-12-28,1.23017917075258e-05,1127.85
".SPX",2009-12-29,1.18552539918457e-05,1126.09
".SPX",2009-12-30,2.54974140520973e-05,1126.07
".SPX",2009-12-31,1.94833837233955e-05,1114.81
".SPX",2010-01-04,7.06873677733951e-05,1133.05
".SPX",2010-01-05,2.98874049256326e-05,1136.41
".SPX",2010-01-06,1.98787078920003e-05,1136.99
".SPX",2010-01-07,2.86024909339763e-05,1141.48
".SPX",2010-01-08,2.62491022491101e-05,1144.7
".SPX",2010-01-11,3.21919336588891e-05,1147.01
".SPX",2010-01-12,5.00456924119296e-05,1136.13
".SPX",2010-01-13,3.80342493093197e-05,1145.75
".SPX",2010-01-14,2.12527010030697e-05,1148.34
".SPX",2010-01-15,3.20436355348646e-05,1135.92
".SPX",2010-01-19,2.11494010224376e-05,1150.39
".SPX",2010-01-20,8.36925972747077e-05,1138
".SPX",2010-01-21,0.00015667158865343,1116.08
".SPX",2010-01-22,0.00012830083004375,1091.51
".SPX",2010-01-25,0.00013351393909115,1096.72
".SPX",2010-01-26,9.06158255716035e-05,1092.19
".SPX",2010-01-27,0.00010244239866427,1097.41
".SPX",2010-01-28,0.00017861799186776,1084.33
".SPX",2010-01-29,0.00014241630328026,1073.45
".SPX",2010-02-01,0.00011259961330663,1089.05
".SPX",2010-02-02,5.04028273138767e-05,1103.15
".SPX",2010-02-03,5.90517550660426e-05,1097.18
".SPX",2010-02-04,0.00020723468174129,1062.78
".SPX",2010-02-05,0.00025131798608594,1066.21
".SPX",2010-02-08,0.00010180940901985,1056.76
".SPX",2010-02-09,0.00026209308324311,1070.54
".SPX",2010-02-10,8.63774802121785e-05,1068.15
".SPX",2010-02-11,0.0001113683592149,1078.61
".SPX",2010-02-12,0.00018308307012443,1076.7
".SPX",2010-02-16,6.11954960671479e-05,1094.94
".SPX",2010-02-17,5.57079377172419e-05,1099.51
".SPX",2010-02-18,3.40254682975804e-05,1106.55
".SPX",2010-02-19,4.74652374082121e-05,1108.72
".SPX",2010-02-22,3.75012911514218e-05,1107.67
".SPX",2010-02-23,8.57363346618073e-05,1094.7
".SPX",2010-02-24,7.98628000573471e-05,1105.06
".SPX",2010-02-25,0.00016954921322652,1103.18
".SPX",2010-02-26,4.16890297551311e-05,1104.55
".SPX",2010-03-01,4.08458927389798e-05,1115.56
".SPX",2010-03-02,4.28757238779569e-05,1118.02
".SPX",2010-03-03,2.79491335721354e-05,1118.65
".SPX",2010-03-04,3.33433319335706e-05,1122.68
".SPX",2010-03-05,3.1488752703933e-05,1138.56
".SPX",2010-03-08,1.91303168570833e-05,1138.27
".SPX",2010-03-09,2.81031370326856e-05,1140.38
".SPX",2010-03-10,4.30859148011933e-05,1145.5
".SPX",2010-03-11,2.86183734097623e-05,1150.07
".SPX",2010-03-12,2.51741629142662e-05,1149.86
".SPX",2010-03-15,3.29116668355891e-05,1150.26
".SPX",2010-03-16,2.99677690404268e-05,1159.53
".SPX",2010-03-17,3.32347806677401e-05,1166.19
".SPX",2010-03-18,2.14029748395045e-05,1165.6
".SPX",2010-03-19,3.66052816542556e-05,1159.36
".SPX",2010-03-22,3.82620405990746e-05,1165.93
".SPX",2010-03-23,2.80048763689112e-05,1174.13
".SPX",2010-03-24,3.5111550486116e-05,1167.83
".SPX",2010-03-25,7.24377373566594e-05,1165.83
".SPX",2010-03-26,4.548500141397e-05,1166.64
".SPX",2010-03-29,3.28369326248147e-05,1173.25
".SPX",2010-03-30,3.16142272709956e-05,1173.28
".SPX",2010-03-31,4.35442639194715e-05,1169.53
".SPX",2010-04-01,6.69947246357325e-05,1177.89
".SPX",2010-04-05,2.00084527846004e-05,1187.48
".SPX",2010-04-06,1.91970219385405e-05,1189.47
".SPX",2010-04-07,3.93927635666005e-05,1182.56
".SPX",2010-04-08,3.5899807379614e-05,1186.52
".SPX",2010-04-09,2.66666832338621e-05,1194.34
".SPX",2010-04-12,2.20942565533747e-05,1196.54
".SPX",2010-04-13,2.23589379429429e-05,1197.2
".SPX",2010-04-14,2.33659746351961e-05,1210.58
".SPX",2010-04-15,1.73044726244832e-05,1211.64
".SPX",2010-04-16,0.00014806738199962,1192.27
".SPX",2010-04-19,4.65907156110089e-05,1197.51
".SPX",2010-04-20,3.4012017415133e-05,1207.31
".SPX",2010-04-21,3.46955095850527e-05,1205.6
".SPX",2010-04-22,0.00010235938520329,1208.85
".SPX",2010-04-23,5.40867018473248e-05,1217.04
".SPX",2010-04-26,3.51505342678855e-05,1212.07
".SPX",2010-04-27,0.00013918079606353,1183.52
".SPX",2010-04-28,0.00010092296012277,1191.66
".SPX",2010-04-29,6.35172850702493e-05,1206.76
".SPX",2010-04-30,9.4410927018153e-05,1186.32
".SPX",2010-05-03,5.87854358350324e-05,1202.2
".SPX",2010-05-04,0.00021789181973887,1173.78
".SPX",2010-05-05,0.00017845513980833,1165.7
".SPX",2010-05-06,0.00164505099914981,1127.45
".SPX",2010-05-07,0.00082167485817657,1110.56
".SPX",2010-05-10,0.00096124822891181,1159.69
".SPX",2010-05-11,0.0001544952876977,1155.74
".SPX",2010-05-12,8.25712329534068e-05,1171.54
".SPX",2010-05-13,8.31473435864186e-05,1157.25
".SPX",2010-05-14,0.00023987231903682,1136.08
".SPX",2010-05-17,0.00020838824955196,1137.04
".SPX",2010-05-18,0.00023903248231734,1120.87
".SPX",2010-05-19,0.00032938303295647,1114.84
".SPX",2010-05-20,0.00061316821827791,1071.65
".SPX",2010-05-21,0.00048299017895456,1087.86
".SPX",2010-05-24,0.00014259455106778,1073.45
".SPX",2010-05-25,0.00056950415550299,1073.84
".SPX",2010-05-26,0.00026254128529055,1068.05
".SPX",2010-05-27,0.0002708111733455,1103.27
".SPX",2010-05-28,0.00023526918910696,1089.35
".SPX",2010-06-01,0.00020162999172724,1070.58
".SPX",2010-06-02,0.00010270413229872,1098.56
".SPX",2010-06-03,0.00013010895684075,1102.7
".SPX",2010-06-04,0.00033453577031251,1065.12
".SPX",2010-06-07,0.00014273366242385,1050.48
".SPX",2010-06-08,0.00027319672423744,1061.92
".SPX",2010-06-09,0.00016960440577727,1055.71
".SPX",2010-06-10,0.00038098456702131,1086.9
".SPX",2010-06-11,0.0001085882021436,1091.6
".SPX",2010-06-14,9.76096382292055e-05,1089.62
".SPX",2010-06-15,7.05324333805217e-05,1115.09
".SPX",2010-06-16,7.68384050129657e-05,1114.46
".SPX",2010-06-17,7.72015846224818e-05,1115.91
".SPX",2010-06-18,3.64446095482072e-05,1117.35
".SPX",2010-06-21,0.00010334076343445,1113.32
".SPX",2010-06-22,0.00011148103303815,1095.45
".SPX",2010-06-23,0.00014501439423975,1092.14
".SPX",2010-06-24,0.00014706063014711,1073.63
".SPX",2010-06-25,0.00013635169933695,1077.9
".SPX",2010-06-28,7.06406274222206e-05,1074.39
".SPX",2010-06-29,0.00034068839106435,1041.15
".SPX",2010-06-30,0.00011427220709019,1030.3
".SPX",2010-07-01,0.00026465035941578,1027.3
".SPX",2010-07-02,0.00018989318577765,1022.17
".SPX",2010-07-06,0.00022728071872079,1028.1
".SPX",2010-07-07,0.00010648317152599,1060.17
".SPX",2010-07-08,0.00011604871672141,1070.07
".SPX",2010-07-09,5.63414417979123e-05,1077.9
".SPX",2010-07-12,7.72312396193545e-05,1078.67
".SPX",2010-07-13,0.00012631233463754,1095.11
".SPX",2010-07-14,7.59567488353591e-05,1095.25
".SPX",2010-07-15,0.00010419704050589,1096.16
".SPX",2010-07-16,0.00012658073416251,1064.94
".SPX",2010-07-19,9.10138249184987e-05,1071.24
".SPX",2010-07-20,0.00013620967398499,1083.37
".SPX",2010-07-21,0.00012098370292109,1069.51
".SPX",2010-07-22,0.00021336636883571,1093.55
".SPX",2010-07-23,0.00010473461010304,1102.57
".SPX",2010-07-26,4.88610771420667e-05,1114.77
".SPX",2010-07-27,6.79609059895664e-05,1113.74
".SPX",2010-07-28,5.56443576002043e-05,1106.18
".SPX",2010-07-29,0.00012099610942566,1101.61
".SPX",2010-07-30,0.00015755625638834,1101.76
".SPX",2010-08-02,0.0001099572201629,1125.74
".SPX",2010-08-03,4.66192215026547e-05,1120.22
".SPX",2010-08-04,4.55476371571127e-05,1127.26
".SPX",2010-08-05,5.84493283723643e-05,1125.75
".SPX",2010-08-06,8.02975447290127e-05,1121.43
".SPX",2010-08-09,2.54452062951439e-05,1127.62
".SPX",2010-08-10,8.45042106523299e-05,1121.31
".SPX",2010-08-11,0.00033342876077342,1089.87
".SPX",2010-08-12,7.69167785802877e-05,1083.56
".SPX",2010-08-13,4.65643360102423e-05,1079.38
".SPX",2010-08-16,7.75690778309531e-05,1079.28
".SPX",2010-08-17,7.70890177161065e-05,1092.49
".SPX",2010-08-18,6.12988209009402e-05,1094.21
".SPX",2010-08-19,0.00015266469974191,1075.37
".SPX",2010-08-20,7.20950097717475e-05,1071.67
".SPX",2010-08-23,7.39609475012564e-05,1067.28
".SPX",2010-08-24,0.00015340800773571,1051.77
".SPX",2010-08-25,0.00010080891553489,1055.45
".SPX",2010-08-26,0.0001039563266057,1047.65
".SPX",2010-08-27,0.00013154783878893,1064.63
".SPX",2010-08-30,5.80156118077274e-05,1048.79
".SPX",2010-08-31,0.00017981749470809,1048.29
".SPX",2010-09-01,0.00033337429584606,1080.18
".SPX",2010-09-02,2.87317735775242e-05,1090.02
".SPX",2010-09-03,0.00010248478504976,1104.48
".SPX",2010-09-07,6.90709836622152e-05,1091.84
".SPX",2010-09-08,5.6106091938874e-05,1098.9
".SPX",2010-09-09,9.83778417891975e-05,1104.23
".SPX",2010-09-10,2.10759601909243e-05,1109.54
".SPX",2010-09-13,6.20589297627996e-05,1121.87
".SPX",2010-09-14,4.53065784707466e-05,1121.04
".SPX",2010-09-15,4.6563876740005e-05,1125.22
".SPX",2010-09-16,2.78679121000849e-05,1124.87
".SPX",2010-09-17,4.05556961825807e-05,1125.52
".SPX",2010-09-20,3.52549568123414e-05,1142.64
".SPX",2010-09-21,5.89019637696032e-05,1140.09
".SPX",2010-09-22,5.26697870676961e-05,1134.48
".SPX",2010-09-23,6.97197629813287e-05,1125.01
".SPX",2010-09-24,7.75960848325011e-05,1148.37
".SPX",2010-09-27,3.09178526925528e-05,1142.56
".SPX",2010-09-28,6.42431795822968e-05,1147.55
".SPX",2010-09-29,6.62137501942106e-05,1144.47
".SPX",2010-09-30,0.00012936641430138,1141.27
".SPX",2010-10-01,9.2935919193541e-05,1146.1
".SPX",2010-10-04,4.74824381739545e-05,1137.02
".SPX",2010-10-05,8.93541999323805e-05,1160.41
".SPX",2010-10-06,3.36420639767489e-05,1159.66
".SPX",2010-10-07,4.81179552119146e-05,1157.83
".SPX",2010-10-08,3.43578130746425e-05,1164.69
".SPX",2010-10-11,2.05716213652372e-05,1164.86
".SPX",2010-10-12,6.27610577916135e-05,1169.74
".SPX",2010-10-13,4.51651729189391e-05,1178.2
".SPX",2010-10-14,5.44316859281477e-05,1173.52
".SPX",2010-10-15,6.25927248563809e-05,1176.16
".SPX",2010-10-18,2.77605631652642e-05,1184.38
".SPX",2010-10-19,0.0001569858857912,1165.98
".SPX",2010-10-20,7.38682158337389e-05,1178.07
".SPX",2010-10-21,7.91535573269972e-05,1180.17
".SPX",2010-10-22,2.07255784978403e-05,1182.56
".SPX",2010-10-25,6.38341201493511e-05,1185.43
".SPX",2010-10-26,5.23972519863949e-05,1185.4
".SPX",2010-10-27,5.64889460704468e-05,1182.4
".SPX",2010-10-28,5.38719459958544e-05,1183.54
".SPX",2010-10-29,3.1712462732482e-05,1183.62
".SPX",2010-11-01,5.84241349668108e-05,1184.22
".SPX",2010-11-02,3.7449762576313e-05,1193.6
".SPX",2010-11-03,8.48525142339043e-05,1197.88
".SPX",2010-11-04,0.00012568428331558,1220.92
".SPX",2010-11-05,3.39779423514606e-05,1225.43
".SPX",2010-11-08,2.52404561640316e-05,1223.1
".SPX",2010-11-09,4.55857893324011e-05,1213.08
".SPX",2010-11-10,4.45451837537893e-05,1218.54
".SPX",2010-11-11,6.78796179677886e-05,1213.74
".SPX",2010-11-12,6.99486700956283e-05,1199.13
".SPX",2010-11-15,4.13629939438851e-05,1197.44
".SPX",2010-11-16,0.00012362504914072,1178.34
".SPX",2010-11-17,3.94344016793555e-05,1178.67
".SPX",2010-11-18,7.89843763504583e-05,1196.35
".SPX",2010-11-19,2.76999912601137e-05,1199.68
".SPX",2010-11-22,7.80573047582876e-05,1197.85
".SPX",2010-11-23,0.00010374873348127,1181.03
".SPX",2010-11-24,6.88562841577731e-05,1198.42
".SPX",2010-11-26,3.58390184293402e-05,1189.4
".SPX",2010-11-29,0.000147615171755,1188.18
".SPX",2010-11-30,8.38150925146577e-05,1180.72
".SPX",2010-12-01,0.00013701092439554,1205.83
".SPX",2010-12-02,2.34788651066854e-05,1221.4
".SPX",2010-12-03,2.63017881985084e-05,1224.52
".SPX",2010-12-06,1.54316457139173e-05,1223.12
".SPX",2010-12-07,8.07008991464984e-05,1223.62
".SPX",2010-12-08,2.93559219418948e-05,1228.03
".SPX",2010-12-09,3.11268371076817e-05,1232.83
".SPX",2010-12-10,1.15736748098899e-05,1239.83
".SPX",2010-12-13,2.25114423311013e-05,1240.51
".SPX",2010-12-14,1.91351083949291e-05,1241.68
".SPX",2010-12-15,2.43178356177155e-05,1235.67
".SPX",2010-12-16,3.31314726976122e-05,1242.88
".SPX",2010-12-17,1.25404579350851e-05,1244.14
".SPX",2010-12-20,1.34443507216884e-05,1247.12
".SPX",2010-12-21,4.54917361685298e-06,1254.64
".SPX",2010-12-22,5.51919269283459e-06,1258.8
".SPX",2010-12-23,7.49953213066163e-06,1256.73
".SPX",2010-12-27,1.09765228458435e-05,1257.61
".SPX",2010-12-28,5.36616300683685e-06,1258.67
".SPX",2010-12-29,6.68652130030631e-06,1260.02
".SPX",2010-12-30,9.20350438401316e-06,1258.06
".SPX",2010-12-31,9.54070645076063e-06,1258.02
".SPX",2011-01-03,8.52059457811893e-05,1271.36
".SPX",2011-01-04,1.97462139035187e-05,1269.97
".SPX",2011-01-05,1.92609410625911e-05,1276.66
".SPX",2011-01-06,2.55480428945481e-05,1273.88
".SPX",2011-01-07,4.78975880720813e-05,1271.48
".SPX",2011-01-10,5.24507898502327e-05,1270.09
".SPX",2011-01-11,3.04676091623037e-05,1274.38
".SPX",2011-01-12,3.06120955662526e-05,1285.85
".SPX",2011-01-13,1.80649892743546e-05,1283.68
".SPX",2011-01-14,1.67081299239329e-05,1292.99
".SPX",2011-01-18,1.52401251022175e-05,1295.04
".SPX",2011-01-19,2.38185648175545e-05,1282.04
".SPX",2011-01-20,5.55072256675939e-05,1280.37
".SPX",2011-01-21,3.75651359640142e-05,1283.33
".SPX",2011-01-24,1.53163544531596e-05,1290.77
".SPX",2011-01-25,3.79237962656442e-05,1291.26
".SPX",2011-01-26,3.28900093254664e-05,1296.67
".SPX",2011-01-27,2.01738018103283e-05,1299.52
".SPX",2011-01-28,6.31841483895345e-05,1276.38
".SPX",2011-01-31,3.70081776522365e-05,1285.95
".SPX",2011-02-01,4.71640758413179e-05,1307.22
".SPX",2011-02-02,2.05775336447869e-05,1303.88
".SPX",2011-02-03,3.64316400684175e-05,1307.13
".SPX",2011-02-04,3.12264667656927e-05,1310.64
".SPX",2011-02-07,1.82027810674846e-05,1318.74
".SPX",2011-02-08,1.49374209951944e-05,1324.49
".SPX",2011-02-09,2.40457461408777e-05,1320.86
".SPX",2011-02-10,5.08638247703056e-05,1321.77
".SPX",2011-02-11,2.48407599399146e-05,1329.33
".SPX",2011-02-14,1.20141607877321e-05,1332.22
".SPX",2011-02-15,2.42112339269835e-05,1327.9
".SPX",2011-02-16,3.6585167902644e-05,1336.28
".SPX",2011-02-17,1.58286830270355e-05,1340.35
".SPX",2011-02-18,1.43579077220731e-05,1342.91
".SPX",2011-02-22,0.00014580353037887,1315.43
".SPX",2011-02-23,8.84251353370518e-05,1307.58
".SPX",2011-02-24,8.38735008414388e-05,1306.06
".SPX",2011-02-25,4.4698805675268e-05,1319.99
".SPX",2011-02-28,3.05803100119677e-05,1327.69
".SPX",2011-03-01,6.96919998052621e-05,1306.4
".SPX",2011-03-02,5.0355268985653e-05,1308.43
".SPX",2011-03-03,9.07447569436982e-05,1330.92
".SPX",2011-03-04,5.77903082968603e-05,1320.93
".SPX",2011-03-07,7.29785875007879e-05,1310.29
".SPX",2011-03-08,4.65410251504589e-05,1322.03
".SPX",2011-03-09,6.21961026702364e-05,1319.95
".SPX",2011-03-10,0.00020301352012902,1295.3
".SPX",2011-03-11,5.0883645593296e-05,1304.23
".SPX",2011-03-14,8.2471467182843e-05,1296.35
".SPX",2011-03-15,0.00052592662453547,1281.76
".SPX",2011-03-16,0.00020038868769564,1256.86
".SPX",2011-03-17,0.00018148512887615,1273.36
".SPX",2011-03-18,0.00013406925766009,1279.16
".SPX",2011-03-21,0.00013754430065835,1298.11
".SPX",2011-03-22,2.54500671453949e-05,1293.61
".SPX",2011-03-23,3.44296232542401e-05,1297.48
".SPX",2011-03-24,2.76834792876599e-05,1309.71
".SPX",2011-03-25,2.03700934179579e-05,1313.8
".SPX",2011-03-28,1.48043896664568e-05,1310.41
".SPX",2011-03-29,2.06161641354614e-05,1319.38
".SPX",2011-03-30,2.79729653692557e-05,1328.26
".SPX",2011-03-31,1.70509497924987e-05,1326.04
".SPX",2011-04-01,2.96663531728742e-05,1332.12
".SPX",2011-04-04,1.78694143567834e-05,1332.72
".SPX",2011-04-05,1.88370272629596e-05,1332.71
".SPX",2011-04-06,2.00603118120781e-05,1335.57
".SPX",2011-04-07,6.93573063186506e-05,1333.34
".SPX",2011-04-08,2.75108795314175e-05,1328.01
".SPX",2011-04-11,3.04135330725341e-05,1324.41
".SPX",2011-04-12,6.41995243671504e-05,1314.07
".SPX",2011-04-13,5.76090162096157e-05,1314.35
".SPX",2011-04-14,4.62001033584436e-05,1314.79
".SPX",2011-04-15,2.55401694067017e-05,1319.71
".SPX",2011-04-18,0.00013772578792752,1305.14
".SPX",2011-04-19,2.62523590436824e-05,1312.46
".SPX",2011-04-20,6.78259905112472e-05,1330.43
".SPX",2011-04-21,1.79142348664616e-05,1337.18
".SPX",2011-04-25,1.29226042171464e-05,1335.11
".SPX",2011-04-26,2.25924769553901e-05,1347.14
".SPX",2011-04-27,2.45210898104769e-05,1355.62
".SPX",2011-04-28,1.50996573286608e-05,1360.37
".SPX",2011-04-29,8.58382102700776e-06,1363.49
".SPX",2011-05-02,3.00875286270968e-05,1361.07
".SPX",2011-05-03,3.44761329401894e-05,1356.39
".SPX",2011-05-04,6.27021868363576e-05,1347.14
".SPX",2011-05-05,9.97217246624413e-05,1334.9
".SPX",2011-05-06,0.00014389278305521,1340
".SPX",2011-05-09,2.97629355068422e-05,1346.22
".SPX",2011-05-10,1.71934145543167e-05,1357.19
".SPX",2011-05-11,5.13000307439467e-05,1341.98
".SPX",2011-05-12,5.29721913723152e-05,1348.66
".SPX",2011-05-13,4.49297968761809e-05,1337.81
".SPX",2011-05-16,4.79716379161428e-05,1329.62
".SPX",2011-05-17,6.79595241649972e-05,1328.93
".SPX",2011-05-18,2.92416973644471e-05,1340.53
".SPX",2011-05-19,3.70552803286013e-05,1343.38
".SPX",2011-05-20,3.94239188402712e-05,1333.06
".SPX",2011-05-23,0.00021505994686581,1317.39
".SPX",2011-05-24,3.4144485749644e-05,1316.32
".SPX",2011-05-25,4.06143195145911e-05,1320.56
".SPX",2011-05-26,4.20442465607705e-05,1325.94
".SPX",2011-05-27,3.47456952532063e-05,1331.07
".SPX",2011-05-31,0.00011883911147326,1345.12
".SPX",2011-06-01,6.12283866879389e-05,1314.59
".SPX",2011-06-02,7.03799692373896e-05,1312.88
".SPX",2011-06-03,0.00015829413490598,1300.1
".SPX",2011-06-06,4.442090763966e-05,1286.14
".SPX",2011-06-07,5.67461486862303e-05,1285.09
".SPX",2011-06-08,5.51400724147698e-05,1279.52
".SPX",2011-06-09,2.54198729297618e-05,1289.31
".SPX",2011-06-10,9.17273509060413e-05,1271.5
".SPX",2011-06-13,5.3326621167773e-05,1271.92
".SPX",2011-06-14,0.00010905871223112,1288
".SPX",2011-06-15,0.00013643434268891,1265.33
".SPX",2011-06-16,7.71099406801121e-05,1267.66
".SPX",2011-06-17,0.00011730628821905,1271.35
".SPX",2011-06-20,3.96126174287793e-05,1278.4
".SPX",2011-06-21,3.54854226312238e-05,1295.48
".SPX",2011-06-22,3.62606059174558e-05,1287.44
".SPX",2011-06-23,0.00035923633710631,1283.73
".SPX",2011-06-24,5.08256567973971e-05,1268.98
".SPX",2011-06-27,4.23801734358586e-05,1280.18
".SPX",2011-06-28,3.21240408196979e-05,1296.8
".SPX",2011-06-29,4.78150307211275e-05,1307.66
".SPX",2011-06-30,4.06128531999615e-05,1320.59
".SPX",2011-07-01,4.96799455479653e-05,1339.47
".SPX",2011-07-05,3.59200223392143e-05,1338.15
".SPX",2011-07-06,2.68993932727977e-05,1339.23
".SPX",2011-07-07,7.1699338403441e-05,1353.45
".SPX",2011-07-08,0.00011088489507025,1343.8
".SPX",2011-07-11,0.00015530696780486,1319.49
".SPX",2011-07-12,7.40957744165687e-05,1313.7
".SPX",2011-07-13,7.72256792139741e-05,1317.81
".SPX",2011-07-14,9.36175181615373e-05,1308.83
".SPX",2011-07-15,9.63282367927962e-05,1316.4
".SPX",2011-07-18,8.56920371165572e-05,1305.48
".SPX",2011-07-19,8.87214785403148e-05,1326.62
".SPX",2011-07-20,2.5498434650833e-05,1325.9
".SPX",2011-07-21,9.19706454074903e-05,1343.91
".SPX",2011-07-22,2.28960924420524e-05,1344.93
".SPX",2011-07-25,8.99686593966586e-05,1337.51
".SPX",2011-07-26,2.46954621955426e-05,1332.16
".SPX",2011-07-27,0.00011891370252201,1305.09
".SPX",2011-07-28,4.49203377835595e-05,1300.89
".SPX",2011-07-29,0.00021067975452726,1292.23
".SPX",2011-08-01,0.00030905883363785,1286.92
".SPX",2011-08-02,0.00013627947587163,1254.14
".SPX",2011-08-03,0.00021307999407072,1260.43
".SPX",2011-08-04,0.0004396521982625,1200.18
".SPX",2011-08-05,0.00108614311055713,1199.24
".SPX",2011-08-08,0.00105506345056289,1120.11
".SPX",2011-08-09,0.00156072299881219,1172.85
".SPX",2011-08-10,0.00157341982573114,1120.32
".SPX",2011-08-11,0.00074463473099963,1171.35
".SPX",2011-08-12,0.00038869221860005,1178.83
".SPX",2011-08-15,0.00017964388751391,1204.24
".SPX",2011-08-16,0.00030335740345319,1192.71
".SPX",2011-08-17,0.00013827489662145,1193.7
".SPX",2011-08-18,0.00100525887777018,1140.85
".SPX",2011-08-19,0.00041637715916923,1123.57
".SPX",2011-08-22,0.00052542515150759,1122.78
".SPX",2011-08-23,0.00023948394778373,1162.03
".SPX",2011-08-24,0.00018728764700812,1177.5
".SPX",2011-08-25,0.00037327606748098,1159.26
".SPX",2011-08-26,0.00036625893849739,1176.57
".SPX",2011-08-29,0.0002795123043431,1209.89
".SPX",2011-08-30,0.0002176450023445,1213.03
".SPX",2011-08-31,0.0001933994712384,1218.52
".SPX",2011-09-01,0.00021565591385905,1203.96
".SPX",2011-09-02,0.00046454737067034,1173.94
".SPX",2011-09-06,0.00080364271151118,1165.42
".SPX",2011-09-07,0.0002036261280501,1198.4
".SPX",2011-09-08,0.00018932830564358,1185.86
".SPX",2011-09-09,0.00038321584570403,1154.24
".SPX",2011-09-12,0.00029857920310804,1162.27
".SPX",2011-09-13,0.0001653459537123,1173.02
".SPX",2011-09-14,0.00022876102919124,1188.71
".SPX",2011-09-15,0.0001650758775017,1208.71
".SPX",2011-09-16,0.00011976666777544,1215.94
".SPX",2011-09-19,0.00036929778279791,1203.88
".SPX",2011-09-20,0.00011353076142295,1202.45
".SPX",2011-09-21,0.0002261384432634,1166.21
".SPX",2011-09-22,0.00111734426631231,1129.86
".SPX",2011-09-23,0.00027744004081783,1136.06
".SPX",2011-09-26,0.00032030860964396,1163.03
".SPX",2011-09-27,0.0004870790268771,1175.83
".SPX",2011-09-28,0.00024457315833424,1151.27
".SPX",2011-09-29,0.00056202803722104,1160.15
".SPX",2011-09-30,0.00050490998954078,1131.37
".SPX",2011-10-03,0.00045120077455452,1098.92
".SPX",2011-10-04,0.00072672400420173,1123.63
".SPX",2011-10-05,0.0002843865443569,1143.87
".SPX",2011-10-06,0.00018232148121924,1164.78
".SPX",2011-10-07,0.00020471843265057,1155.53
".SPX",2011-10-10,0.00036256093388832,1194.86
".SPX",2011-10-11,0.00013033104867388,1195.71
".SPX",2011-10-12,0.00016872964005362,1207.34
".SPX",2011-10-13,0.00016959462980742,1203.53
".SPX",2011-10-14,0.00022167555953107,1223.92
".SPX",2011-10-17,0.00014199185476313,1201.02
".SPX",2011-10-18,0.000231354227109,1224.89
".SPX",2011-10-19,0.00013742278498375,1210.04
".SPX",2011-10-20,0.00021000676513592,1215.29
".SPX",2011-10-21,0.00019600883537823,1238.39
".SPX",2011-10-24,6.41356191378806e-05,1254.21
".SPX",2011-10-25,0.00021556228475028,1228.93
".SPX",2011-10-26,0.0003112079035346,1241.96
".SPX",2011-10-27,0.00066169707602316,1284.12
".SPX",2011-10-28,8.63702643792261e-05,1284.97
".SPX",2011-10-31,0.00023672209510133,1253.96
".SPX",2011-11-01,0.00096569291846346,1218.45
".SPX",2011-11-02,0.0003255793232157,1237.87
".SPX",2011-11-03,0.00025012364427294,1261.18
".SPX",2011-11-04,0.00015403409889261,1253.34
".SPX",2011-11-07,9.45056120069116e-05,1260.73
".SPX",2011-11-08,0.00012409301989068,1275.97
".SPX",2011-11-09,0.00059222096670068,1229.32
".SPX",2011-11-10,0.00027002247104585,1239.66
".SPX",2011-11-11,0.00018586286548525,1264.09
".SPX",2011-11-14,7.98410564164093e-05,1251.54
".SPX",2011-11-15,0.00010388258198426,1257.82
".SPX",2011-11-16,0.00024393701768977,1235.67
".SPX",2011-11-17,0.00020328141187603,1216.37
".SPX",2011-11-18,9.20768896028065e-05,1215.82
".SPX",2011-11-21,0.00032893741294272,1193.17
".SPX",2011-11-22,0.00012380076158429,1188.15
".SPX",2011-11-23,0.00022220915148239,1162.31
".SPX",2011-11-25,7.35672516996826e-05,1158.67
".SPX",2011-11-28,0.00078997801409081,1192.85
".SPX",2011-11-29,7.87095617268073e-05,1195.44
".SPX",2011-11-30,0.00070884515266774,1246.96
".SPX",2011-12-01,6.87058839934568e-05,1244.09
".SPX",2011-12-02,0.00011085702571372,1244.2
".SPX",2011-12-05,0.00026590685495989,1257.11
".SPX",2011-12-06,5.12262294417342e-05,1258.78
".SPX",2011-12-07,0.00012136995274606,1261.1
".SPX",2011-12-08,0.00016382335568149,1234.69
".SPX",2011-12-09,0.00011936669685946,1254.97
".SPX",2011-12-12,0.00021020994340774,1237.23
".SPX",2011-12-13,0.00018492388961605,1225.29
".SPX",2011-12-14,0.00013002526894249,1211.78
".SPX",2011-12-15,0.00014820311575034,1215.9
".SPX",2011-12-16,0.00011609432510047,1219.79
".SPX",2011-12-19,9.05862687938204e-05,1205.23
".SPX",2011-12-20,0.00031673103219102,1240.76
".SPX",2011-12-21,7.10740824823938e-05,1243.16
".SPX",2011-12-22,2.84707808344413e-05,1254.24
".SPX",2011-12-23,2.21052383865471e-05,1265.42
".SPX",2011-12-27,2.13520121439611e-05,1265.6
".SPX",2011-12-28,3.88810841485756e-05,1250
".SPX",2011-12-29,3.04486502391406e-05,1262.76
".SPX",2011-12-30,1.71584680174745e-05,1257.91
".SPX",2012-01-03,0.00030498416305657,1276.78
".SPX",2012-01-04,3.89071018495822e-05,1277.3
".SPX",2012-01-05,6.51579773966747e-05,1281.01
".SPX",2012-01-06,3.34853647320458e-05,1277.9
".SPX",2012-01-09,1.97416896675571e-05,1280.59
".SPX",2012-01-10,0.00012742860954291,1291.96
".SPX",2012-01-11,4.08477686230718e-05,1292.25
".SPX",2012-01-12,4.10615344935437e-05,1295.43
".SPX",2012-01-13,0.00010454423833202,1289.11
".SPX",2012-01-17,8.77789424698832e-05,1293.59
".SPX",2012-01-18,3.8728769028644e-05,1307.65
".SPX",2012-01-19,2.97299504671301e-05,1314.44
".SPX",2012-01-20,1.78135251531935e-05,1315.27
".SPX",2012-01-23,2.96176308737219e-05,1315.92
".SPX",2012-01-24,4.89924889296557e-05,1314.45
".SPX",2012-01-25,5.77174667725078e-05,1325.81
".SPX",2012-01-26,4.88363737079031e-05,1318.52
".SPX",2012-01-27,3.19980991278328e-05,1316.65
".SPX",2012-01-30,0.00012171857096498,1312.94
".SPX",2012-01-31,7.90171840421354e-05,1312.45
".SPX",2012-02-01,8.55668388931794e-05,1324.12
".SPX",2012-02-02,2.21048003682335e-05,1325.55
".SPX",2012-02-03,9.6645942938878e-05,1344.59
".SPX",2012-02-06,3.62223820924663e-05,1344.08
".SPX",2012-02-07,2.98228915260998e-05,1347.18
".SPX",2012-02-08,2.23726855802167e-05,1350.06
".SPX",2012-02-09,3.22890446342383e-05,1352.04
".SPX",2012-02-10,9.358989587713e-05,1342.49
".SPX",2012-02-13,4.69056521357428e-05,1351.64
".SPX",2012-02-14,3.17176263098715e-05,1350.34
".SPX",2012-02-15,5.39537528209306e-05,1343.41
".SPX",2012-02-16,3.00807661627311e-05,1357.97
".SPX",2012-02-17,2.09165363172962e-05,1361.33
".SPX",2012-02-21,2.99266509027911e-05,1362.27
".SPX",2012-02-22,2.455118203909e-05,1357.61
".SPX",2012-02-23,1.9937319288086e-05,1363.36
".SPX",2012-02-24,1.6928778755942e-05,1365.78
".SPX",2012-02-27,6.88217800402775e-05,1367.81
".SPX",2012-02-28,2.58186580886777e-05,1372.28
".SPX",2012-02-29,4.43584759728301e-05,1366.07
".SPX",2012-03-01,5.52997021151936e-05,1374.02
".SPX",2012-03-02,2.47928442340527e-05,1369.52
".SPX",2012-03-05,3.20829196215721e-05,1364.26
".SPX",2012-03-06,0.00012922238776335,1343.39
".SPX",2012-03-07,2.50478410935183e-05,1352.8
".SPX",2012-03-08,6.34635821674423e-05,1366.04
".SPX",2012-03-09,2.26412600070948e-05,1371.11
".SPX",2012-03-12,2.02811345850904e-05,1371.17
".SPX",2012-03-13,4.54833577253362e-05,1396.06
".SPX",2012-03-14,2.17860459643516e-05,1394.25
".SPX",2012-03-15,2.42315060543292e-05,1402.54
".SPX",2012-03-16,1.47273399809137e-05,1404.3
".SPX",2012-03-19,1.66381041573866e-05,1409.64
".SPX",2012-03-20,5.58135796775656e-05,1405.5
".SPX",2012-03-21,1.914050799625e-05,1403.12
".SPX",2012-03-22,6.55438136362707e-05,1392.96
".SPX",2012-03-23,1.82283619321213e-05,1397.4
".SPX",2012-03-26,7.28144208449573e-05,1416.58
".SPX",2012-03-27,1.44862059556514e-05,1412.61
".SPX",2012-03-28,3.34356758503848e-05,1405.3
".SPX",2012-03-29,6.52290932662042e-05,1403.08
".SPX",2012-03-30,3.41145421057789e-05,1408.27
".SPX",2012-04-02,2.24401029816581e-05,1418.78
".SPX",2012-04-03,5.40122442939589e-05,1412.96
".SPX",2012-04-04,0.0001043920155054,1399.03
".SPX",2012-04-05,2.88664387758584e-05,1397.9
".SPX",2012-04-09,0.00015630691490257,1382.21
".SPX",2012-04-10,6.51954575714882e-05,1358.78
".SPX",2012-04-11,0.00010078996331904,1369.01
".SPX",2012-04-12,2.3220626550915e-05,1387.32
".SPX",2012-04-13,5.24132766509063e-05,1370.42
".SPX",2012-04-16,9.65076469582764e-05,1369.7
".SPX",2012-04-17,7.03572321830285e-05,1390.42
".SPX",2012-04-18,4.56338602492156e-05,1385.13
".SPX",2012-04-19,8.27025357377373e-05,1376.84
".SPX",2012-04-20,4.03008577117091e-05,1378.37
".SPX",2012-04-23,0.00015737375477049,1366.93
".SPX",2012-04-24,3.16168218105666e-05,1372.13
".SPX",2012-04-25,0.00013293333520192,1390.79
".SPX",2012-04-26,2.26114736175188e-05,1400.14
".SPX",2012-04-27,2.78094421448719e-05,1403.63
".SPX",2012-04-30,2.40397548607879e-05,1397.8
".SPX",2012-05-01,4.82829825986377e-05,1406.01
".SPX",2012-05-02,5.15308687401689e-05,1402.24
".SPX",2012-05-03,4.01064491231883e-05,1391.51
".SPX",2012-05-04,7.11943568757687e-05,1368.98
".SPX",2012-05-07,4.53562180029973e-05,1369.71
".SPX",2012-05-08,0.00010237157951357,1363.62
".SPX",2012-05-09,0.00018674005794807,1354.32
".SPX",2012-05-10,0.00010307436432899,1357.55
".SPX",2012-05-11,6.9974020669827e-05,1353.57
".SPX",2012-05-14,8.7429434009309e-05,1338.32
".SPX",2012-05-15,6.23234506295537e-05,1330.62
".SPX",2012-05-16,7.90080797660275e-05,1324.8
".SPX",2012-05-17,8.59835907827274e-05,1305.37
".SPX",2012-05-18,8.78694363265297e-05,1294.96
".SPX",2012-05-21,5.43953368995371e-05,1315.89
".SPX",2012-05-22,8.60634084295704e-05,1316.93
".SPX",2012-05-23,0.00011650612094403,1318.73
".SPX",2012-05-24,8.10139927381339e-05,1320.78
".SPX",2012-05-25,3.61313748897797e-05,1317.57
".SPX",2012-05-29,6.97151882848534e-05,1332.42
".SPX",2012-05-30,0.00012600425647461,1313.2
".SPX",2012-05-31,8.76827504854697e-05,1310.51
".SPX",2012-06-01,0.00022366950205052,1277.78
".SPX",2012-06-04,7.21820369656115e-05,1277.79
".SPX",2012-06-05,5.38916871486412e-05,1285.36
".SPX",2012-06-06,8.9599882911639e-05,1314.88
".SPX",2012-06-07,0.00014334501635231,1314.99
".SPX",2012-06-08,4.9615283872676e-05,1325.36
".SPX",2012-06-11,8.38194668389911e-05,1308.88
".SPX",2012-06-12,8.26320735935906e-05,1324.13
".SPX",2012-06-13,8.54043026337496e-05,1314.71
".SPX",2012-06-14,8.91583549587896e-05,1328.71
".SPX",2012-06-15,3.57245341218774e-05,1342.6
".SPX",2012-06-18,7.20728256683287e-05,1344.8
".SPX",2012-06-19,5.81112925781179e-05,1358.02
".SPX",2012-06-20,7.65606007023452e-05,1355.68
".SPX",2012-06-21,6.76862166962777e-05,1325.51
".SPX",2012-06-22,4.26391516279402e-05,1335.46
".SPX",2012-06-25,0.00017685916964592,1313.74
".SPX",2012-06-26,4.86001202285021e-05,1320.18
".SPX",2012-06-27,4.13576710602653e-05,1331.88
".SPX",2012-06-28,0.00012725865481544,1328.82
".SPX",2012-06-29,0.00024470114191803,1362.17
".SPX",2012-07-02,5.09307916410134e-05,1365.12
".SPX",2012-07-03,1.47750535446351e-05,1374.02
".SPX",2012-07-05,3.33748402126686e-05,1367.69
".SPX",2012-07-06,0.00010336874879419,1354.67
".SPX",2012-07-09,2.46269511310117e-05,1352.51
".SPX",2012-07-10,7.66533610870771e-05,1341.36
".SPX",2012-07-11,5.66622150718974e-05,1341.27
".SPX",2012-07-12,0.00010081614725334,1334.93
".SPX",2012-07-13,5.0072674235071e-05,1356.66
".SPX",2012-07-16,2.74686582378132e-05,1353.65
".SPX",2012-07-17,9.07038917757173e-05,1363.47
".SPX",2012-07-18,2.84215734253018e-05,1372.72
".SPX",2012-07-19,3.59898566762979e-05,1376.34
".SPX",2012-07-20,5.51879823917499e-05,1362.97
".SPX",2012-07-23,0.00027823575597884,1350.33
".SPX",2012-07-24,7.65468223773966e-05,1338.33
".SPX",2012-07-25,5.97838307431345e-05,1338.07
".SPX",2012-07-26,0.00030583554283576,1359.89
".SPX",2012-07-27,8.34299092161193e-05,1386.03
".SPX",2012-07-30,3.43031273758218e-05,1385.24
".SPX",2012-07-31,3.49692900896393e-05,1379.17
".SPX",2012-08-01,6.843387634041e-05,1375.43
".SPX",2012-08-02,0.00012982453821311,1364.93
".SPX",2012-08-03,0.00020966437672294,1391.03
".SPX",2012-08-06,1.89386990976012e-05,1394.32
".SPX",2012-08-07,3.39116408145391e-05,1401.09
".SPX",2012-08-08,2.57396236134982e-05,1402.17
".SPX",2012-08-09,1.83584728730402e-05,1402.64
".SPX",2012-08-10,3.89736578095405e-05,1405.56
".SPX",2012-08-13,2.14585494292899e-05,1404.34
".SPX",2012-08-14,2.36554172987473e-05,1403.97
".SPX",2012-08-15,1.17775216749483e-05,1405.43
".SPX",2012-08-16,1.34253410251386e-05,1415.52
".SPX",2012-08-17,7.00179176442569e-06,1418.04
".SPX",2012-08-20,1.40476601080912e-05,1418.06
".SPX",2012-08-21,3.39306638586821e-05,1413.31
".SPX",2012-08-22,3.70892320172587e-05,1413.54
".SPX",2012-08-23,3.98493273247001e-05,1402.36
".SPX",2012-08-24,2.68992656239826e-05,1411.01
".SPX",2012-08-27,1.71995686508422e-05,1410.33
".SPX",2012-08-28,2.55380170952156e-05,1409.29
".SPX",2012-08-29,1.20401715594169e-05,1410.56
".SPX",2012-08-30,4.7554926789731e-05,1399.69
".SPX",2012-08-31,0.00011274805789832,1406.65
".SPX",2012-09-04,2.93058274271325e-05,1405.16
".SPX",2012-09-05,1.95783364950037e-05,1403.24
".SPX",2012-09-06,7.66222748124791e-05,1431.91
".SPX",2012-09-07,1.13363957190759e-05,1437.78
".SPX",2012-09-10,1.11982236181507e-05,1429.18
".SPX",2012-09-11,1.50299548745823e-05,1433.65
".SPX",2012-09-12,2.60179378932007e-05,1436.7
".SPX",2012-09-13,6.02527658183883e-05,1459.95
".SPX",2012-09-14,4.81806804691304e-05,1465.58
".SPX",2012-09-17,1.46668085838705e-05,1461.17
".SPX",2012-09-18,1.85377285760284e-05,1459.43
".SPX",2012-09-19,2.38946300150818e-05,1461.18
".SPX",2012-09-20,4.41610731498943e-05,1460.38
".SPX",2012-09-21,3.04127425798231e-05,1460.2
".SPX",2012-09-24,3.42703483397009e-05,1457.09
".SPX",2012-09-25,3.42309779386549e-05,1441.87
".SPX",2012-09-26,3.59188956756847e-05,1433.57
".SPX",2012-09-27,3.36724647618239e-05,1447.23
".SPX",2012-09-28,4.06902728318719e-05,1440.45
".SPX",2012-10-01,9.18837841456962e-05,1444.29
".SPX",2012-10-02,4.98407085667339e-05,1445.61
".SPX",2012-10-03,3.13806747457415e-05,1450.96
".SPX",2012-10-04,3.55907434252619e-05,1461.57
".SPX",2012-10-05,4.07041784633456e-05,1460.85
".SPX",2012-10-08,3.48835270277024e-05,1455.93
".SPX",2012-10-09,3.174823811372e-05,1441.56
".SPX",2012-10-10,2.52906732666912e-05,1432.79
".SPX",2012-10-11,6.13907360127857e-05,1432.95
".SPX",2012-10-12,2.53300986327675e-05,1428.6
".SPX",2012-10-15,3.19529749046014e-05,1440.02
".SPX",2012-10-16,2.78523374686716e-05,1454.82
".SPX",2012-10-17,1.57450120378517e-05,1460.87
".SPX",2012-10-18,3.5409572388471e-05,1457.56
".SPX",2012-10-19,6.01865673100806e-05,1433.12
".SPX",2012-10-22,4.17925689009859e-05,1433.58
".SPX",2012-10-23,0.00017655661893661,1413.19
".SPX",2012-10-24,5.42983479309283e-05,1408.84
".SPX",2012-10-25,0.00010832871314717,1413
".SPX",2012-10-26,6.29627811732276e-05,1411.98
".SPX",2012-10-31,5.34071050912544e-05,1412.19
".SPX",2012-11-01,3.74102809208047e-05,1427.48
".SPX",2012-11-02,4.51643382315089e-05,1414.72
".SPX",2012-11-05,2.42194659886476e-05,1417.26
".SPX",2012-11-06,4.12118536665985e-05,1428.17
".SPX",2012-11-07,0.00027623423947649,1394.6
".SPX",2012-11-08,6.67355738150084e-05,1377.58
".SPX",2012-11-09,8.89375876988992e-05,1379.7
".SPX",2012-11-12,2.3522042283456e-05,1380.09
".SPX",2012-11-13,8.8371138983408e-05,1374.72
".SPX",2012-11-14,7.85265519772217e-05,1355.48
".SPX",2012-11-15,7.45679935002299e-05,1353.13
".SPX",2012-11-16,8.97607110245792e-05,1359.77
".SPX",2012-11-19,0.0001683007005373,1386.35
".SPX",2012-11-20,6.22723080890225e-05,1387.9
".SPX",2012-11-21,1.32806787767395e-05,1391
".SPX",2012-11-23,3.33519136727728e-05,1409.15
".SPX",2012-11-26,5.28068088430507e-05,1406.21
".SPX",2012-11-27,4.58309463191626e-05,1398.74
".SPX",2012-11-28,9.92323950164735e-05,1409.69
".SPX",2012-11-29,8.12221457629896e-05,1416.06
".SPX",2012-11-30,2.62152238886216e-05,1415.89
".SPX",2012-12-03,5.71678144464325e-05,1409.39
".SPX",2012-12-04,3.79428950117525e-05,1407.02
".SPX",2012-12-05,4.68873587065203e-05,1409.6
".SPX",2012-12-06,2.78226641544674e-05,1413.84
".SPX",2012-12-07,3.75644394146341e-05,1417.96
".SPX",2012-12-10,1.66280143269165e-05,1418.66
".SPX",2012-12-11,3.90559504405451e-05,1428.1
".SPX",2012-12-12,3.21037491876477e-05,1428.61
".SPX",2012-12-13,3.0123198563497e-05,1419.72
".SPX",2012-12-14,3.08315748390442e-05,1413.37
".SPX",2012-12-17,3.43712007258772e-05,1430.38
".SPX",2012-12-18,2.75084785744669e-05,1446.73
".SPX",2012-12-19,2.52308507926686e-05,1435.85
".SPX",2012-12-20,3.23423702676919e-05,1443.4
".SPX",2012-12-21,0.00015281899409964,1430.55
".SPX",2012-12-24,9.38779680835088e-06,1426.66
".SPX",2012-12-26,2.22900146069266e-05,1419.97
".SPX",2012-12-27,7.52243719152216e-05,1417.84
".SPX",2012-12-28,6.86499457771168e-05,1402.95
".SPX",2012-12-31,9.9800112962042e-05,1426.52
".SPX",2013-01-02,0.00039987541253324,1462.33
".SPX",2013-01-03,2.8772801325317e-05,1459.07
".SPX",2013-01-04,2.0590385089015e-05,1466.1
".SPX",2013-01-07,3.32620672615253e-05,1461.73
".SPX",2013-01-08,2.15454335615713e-05,1457.05
".SPX",2013-01-09,1.92975893542957e-05,1461.04
".SPX",2013-01-10,2.02241995065132e-05,1472.06
".SPX",2013-01-11,1.05811845484589e-05,1471.71
".SPX",2013-01-14,1.57827058813972e-05,1470.79
".SPX",2013-01-15,2.83775454225593e-05,1472.2
".SPX",2013-01-16,1.3553349852863e-05,1472.59
".SPX",2013-01-17,2.42910886279814e-05,1481.29
".SPX",2013-01-18,1.28619650320707e-05,1485.81
".SPX",2013-01-22,1.24119883713347e-05,1492.02
".SPX",2013-01-23,7.59242769368103e-06,1494.75
".SPX",2013-01-24,1.88271767108067e-05,1495.32
".SPX",2013-01-25,3.02764226577382e-05,1502.76
".SPX",2013-01-28,1.26282557976949e-05,1500.12
".SPX",2013-01-29,1.61876848694316e-05,1507.88
".SPX",2013-01-30,2.09092179074234e-05,1501.89
".SPX",2013-01-31,2.93719161645679e-05,1498.33
".SPX",2013-02-01,4.66761591096957e-05,1513.14
".SPX",2013-02-04,5.32223243917331e-05,1495.81
".SPX",2013-02-05,4.33827775324846e-05,1511.15
".SPX",2013-02-06,3.69688450632791e-05,1511.98
".SPX",2013-02-07,3.55309692493181e-05,1509.21
".SPX",2013-02-08,1.48589855332639e-05,1517.59
".SPX",2013-02-11,8.23958870175128e-06,1517
".SPX",2013-02-12,7.45380518675283e-06,1519.59
".SPX",2013-02-13,1.84283305975705e-05,1520.16
".SPX",2013-02-14,2.3600096409362e-05,1521.33
".SPX",2013-02-15,1.88368436572096e-05,1519.47
".SPX",2013-02-19,1.4263749582526e-05,1530.64
".SPX",2013-02-20,2.41495531865568e-05,1511.98
".SPX",2013-02-21,5.20662491154469e-05,1502.6
".SPX",2013-02-22,4.18625250117051e-05,1515.26
".SPX",2013-02-25,8.7874055341399e-05,1488.18
".SPX",2013-02-26,7.18010369203342e-05,1497.12
".SPX",2013-02-27,3.30599284682281e-05,1515.94
".SPX",2013-02-28,3.14372887869032e-05,1514.46
".SPX",2013-03-01,8.62586072956174e-05,1518.38
".SPX",2013-03-04,2.75433444561912e-05,1525.04
".SPX",2013-03-05,5.86573389684422e-05,1539.91
".SPX",2013-03-06,2.35452247864288e-05,1541.51
".SPX",2013-03-07,1.54501228803133e-05,1544.59
".SPX",2013-03-08,2.06371162116465e-05,1550.88
".SPX",2013-03-11,9.15352570341601e-06,1556.09
".SPX",2013-03-12,1.70600110264423e-05,1552.67
".SPX",2013-03-13,1.28820945356124e-05,1554.35
".SPX",2013-03-14,1.38709968328201e-05,1562.95
".SPX",2013-03-15,1.52692943090887e-05,1560.52
".SPX",2013-03-18,0.00011983833772407,1552.28
".SPX",2013-03-19,7.12901694056363e-05,1548.47
".SPX",2013-03-20,5.75818661602191e-05,1559.01
".SPX",2013-03-21,5.29047628976542e-05,1545.9
".SPX",2013-03-22,3.33201806576789e-05,1556.99
".SPX",2013-03-25,4.72878450823159e-05,1551.93
".SPX",2013-03-26,2.88035149829723e-05,1563.84
".SPX",2013-03-27,6.68016541404469e-05,1563.21
".SPX",2013-03-28,1.25824675327759e-05,1568.58
".SPX",2013-04-01,2.14648197440095e-05,1562.13
".SPX",2013-04-02,3.44409270734179e-05,1570.03
".SPX",2013-04-03,3.44042841245661e-05,1553.68
".SPX",2013-04-04,4.03389263754337e-05,1560.22
".SPX",2013-04-05,0.00019313493664659,1553.13
".SPX",2013-04-08,1.84228507529124e-05,1562.94
".SPX",2013-04-09,2.38955527563557e-05,1568.51
".SPX",2013-04-10,3.6150123460505e-05,1587.51
".SPX",2013-04-11,1.84645679879864e-05,1592.9
".SPX",2013-04-12,4.44891827600926e-05,1588.75
".SPX",2013-04-15,0.00012296702548648,1552.35
".SPX",2013-04-16,7.27584656074025e-05,1574.3
".SPX",2013-04-17,0.0001302344265993,1552.01
".SPX",2013-04-18,6.7847046141144e-05,1541.77
".SPX",2013-04-19,3.8991806214199e-05,1555.43
".SPX",2013-04-22,4.44940860887045e-05,1562.4
".SPX",2013-04-23,0.0001851891684182,1578.83
".SPX",2013-04-24,1.42730016663819e-05,1578.73
".SPX",2013-04-25,2.61050757150038e-05,1585.32
".SPX",2013-04-26,1.78771192576729e-05,1582.4
".SPX",2013-04-29,1.66391229894756e-05,1593.31
".SPX",2013-04-30,2.20113461438952e-05,1597.13
".SPX",2013-05-01,3.60327647996099e-05,1582.85
".SPX",2013-05-02,2.49446382583454e-05,1597.36
".SPX",2013-05-03,0.00010805528574336,1614.01
".SPX",2013-05-06,7.62631959297539e-06,1617.2
".SPX",2013-05-07,1.69003737271389e-05,1625.86
".SPX",2013-05-08,1.04698137106644e-05,1632.58
".SPX",2013-05-09,2.67645502719784e-05,1626.64
".SPX",2013-05-10,2.90338702342182e-05,1633.34
".SPX",2013-05-13,1.50910269425425e-05,1633.73
".SPX",2013-05-14,1.92031401538008e-05,1650.42
".SPX",2013-05-15,2.40734262854903e-05,1658.58
".SPX",2013-05-16,3.11266691157497e-05,1650.83
".SPX",2013-05-17,2.18014343627946e-05,1665.97
".SPX",2013-05-20,2.07498640199539e-05,1666.3
".SPX",2013-05-21,2.90209515797866e-05,1669.23
".SPX",2013-05-22,0.00011682161577962,1655.3
".SPX",2013-05-23,0.00012295160731175,1650.73
".SPX",2013-05-24,3.20649114206369e-05,1649.65
".SPX",2013-05-28,0.00011492000827767,1660.5
".SPX",2013-05-29,6.38245493774832e-05,1648.56
".SPX",2013-05-30,2.75371374106984e-05,1654.71
".SPX",2013-05-31,5.80512949350415e-05,1631.67
".SPX",2013-06-03,6.17300744386788e-05,1640.32
".SPX",2013-06-04,6.50435280203394e-05,1631.28
".SPX",2013-06-05,6.1300130434794e-05,1608.83
".SPX",2013-06-06,6.73316024556623e-05,1622.38
".SPX",2013-06-07,4.78371667295449e-05,1643.27
".SPX",2013-06-10,2.50423033699107e-05,1642.71
".SPX",2013-06-11,0.0001185618538796,1625.98
".SPX",2013-06-12,7.66396180676348e-05,1612.49
".SPX",2013-06-13,4.34500694535026e-05,1636.51
".SPX",2013-06-14,5.10511870006547e-05,1626.56
".SPX",2013-06-17,7.11147580975353e-05,1639.17
".SPX",2013-06-18,1.81641687958501e-05,1651.67
".SPX",2013-06-19,0.00011165919871434,1628.96
".SPX",2013-06-20,0.00014855212461273,1588.34
".SPX",2013-06-21,0.00014658488064639,1592.27
".SPX",2013-06-24,0.00021000533744825,1573.25
".SPX",2013-06-25,9.07703078217637e-05,1587.88
".SPX",2013-06-26,7.5006957695781e-05,1603.31
".SPX",2013-06-27,4.77885619743735e-05,1613.24
".SPX",2013-06-28,4.9997614505674e-05,1605.68
".SPX",2013-07-01,5.09240507232553e-05,1614.86
".SPX",2013-07-02,3.48344074912519e-05,1613.85
".SPX",2013-07-03,3.3327060490707e-05,1615.41
".SPX",2013-07-05,5.9097215302971e-05,1631.88
".SPX",2013-07-08,3.22302146498088e-05,1640.49
".SPX",2013-07-09,2.32932599487513e-05,1652.36
".SPX",2013-07-10,4.50231526516355e-05,1652.76
".SPX",2013-07-11,7.84682334279687e-05,1675.3
".SPX",2013-07-12,1.21393971263663e-05,1679.69
".SPX",2013-07-15,5.155935477519e-06,1682.61
".SPX",2013-07-16,1.27452179361198e-05,1676.29
".SPX",2013-07-17,2.27387020719766e-05,1680.76
".SPX",2013-07-18,1.41004118039228e-05,1689.4
".SPX",2013-07-19,1.00215250792904e-05,1692.05
".SPX",2013-07-22,1.04029807976865e-05,1695.36
".SPX",2013-07-23,9.41411577417567e-06,1692.57
".SPX",2013-07-24,1.78255237308002e-05,1685.92
".SPX",2013-07-25,2.15883357716448e-05,1690.18
".SPX",2013-07-26,2.80994287406639e-05,1691.62
".SPX",2013-07-29,1.66217882931481e-05,1685.57
".SPX",2013-07-30,1.872060501099e-05,1686.4
".SPX",2013-07-31,4.68155537409335e-05,1686.64
".SPX",2013-08-01,5.59940482537159e-05,1706.48
".SPX",2013-08-02,9.6189435552271e-06,1709.42
".SPX",2013-08-05,8.19114607874637e-06,1707.24
".SPX",2013-08-06,1.56566452249255e-05,1697.29
".SPX",2013-08-07,2.82531847790208e-05,1690.95
".SPX",2013-08-08,2.39518292810947e-05,1697.5
".SPX",2013-08-09,1.99360314838056e-05,1691.32
".SPX",2013-08-12,1.77586752038673e-05,1689.52
".SPX",2013-08-13,1.99345876311914e-05,1694.13
".SPX",2013-08-14,1.88359997456627e-05,1685.36
".SPX",2013-08-15,6.23339106871036e-05,1661.3
".SPX",2013-08-16,2.88915461496373e-05,1655.83
".SPX",2013-08-19,1.70089163616473e-05,1646
".SPX",2013-08-20,1.52129168130749e-05,1652.69
".SPX",2013-08-21,5.74500022359442e-05,1642.86
".SPX",2013-08-22,1.67660829429897e-05,1656.97
".SPX",2013-08-23,1.32689625128771e-05,1663.27
".SPX",2013-08-26,2.2315816340903e-05,1657.01
".SPX",2013-08-27,7.52564080570783e-05,1630.89
".SPX",2013-08-28,2.26165192497045e-05,1635.18
".SPX",2013-08-29,2.41310332644465e-05,1638.4
".SPX",2013-08-30,5.15327146247988e-05,1632.68
".SPX",2013-09-03,0.00010578633663202,1639.54
".SPX",2013-09-04,2.23416266014037e-05,1653.09
".SPX",2013-09-05,1.68981110849713e-05,1654.97
".SPX",2013-09-06,7.43418232347557e-05,1655.04
".SPX",2013-09-09,2.26697798164817e-05,1671.59
".SPX",2013-09-10,2.22904523347575e-05,1684.07
".SPX",2013-09-11,1.19830487253615e-05,1688.98
".SPX",2013-09-12,1.25291578193445e-05,1683.56
".SPX",2013-09-13,1.12830752812499e-05,1688.05
".SPX",2013-09-16,6.34750799239905e-05,1697.63
".SPX",2013-09-17,6.36814960794195e-06,1704.91
".SPX",2013-09-18,5.71197290662745e-05,1725.39
".SPX",2013-09-19,1.79873180898626e-05,1722.33
".SPX",2013-09-20,1.85166971829881e-05,1709.89
".SPX",2013-09-23,2.04547477944767e-05,1701.97
".SPX",2013-09-24,1.84797645150407e-05,1697.65
".SPX",2013-09-25,3.24623538010949e-05,1692.97
".SPX",2013-09-26,2.79539877505853e-05,1698.77
".SPX",2013-09-27,2.57252058999533e-05,1691.6
".SPX",2013-09-30,6.40006792297853e-05,1681.73
".SPX",2013-10-01,3.31382545583505e-05,1694.98
".SPX",2013-10-02,4.0878258110569e-05,1693.41
".SPX",2013-10-03,7.50730846501711e-05,1678.59
".SPX",2013-10-04,1.89721157760061e-05,1690.36
".SPX",2013-10-07,6.69955550511698e-05,1676.01
".SPX",2013-10-08,4.93404518208176e-05,1655.63
".SPX",2013-10-09,4.818721755251e-05,1656.36
".SPX",2013-10-10,9.85087704657606e-05,1692.22
".SPX",2013-10-11,2.3321784008309e-05,1703.12
".SPX",2013-10-14,4.05943223128299e-05,1710.25
".SPX",2013-10-15,5.44610873112359e-05,1698.38
".SPX",2013-10-16,5.88607566253409e-05,1721.17
".SPX",2013-10-17,2.33430367157146e-05,1732.89
".SPX",2013-10-18,1.64524128946337e-05,1744.31
".SPX",2013-10-21,9.55069294684298e-06,1744.47
".SPX",2013-10-22,2.99074626551907e-05,1754.57
".SPX",2013-10-23,2.94542283125455e-05,1746.38
".SPX",2013-10-24,1.2991038029158e-05,1751.94
".SPX",2013-10-25,9.5132432242537e-06,1759.81
".SPX",2013-10-28,9.52664751961964e-06,1762.2
".SPX",2013-10-29,1.64052022872124e-05,1771.9
".SPX",2013-10-30,3.52820209248161e-05,1763.41
".SPX",2013-10-31,3.06173741068015e-05,1756.98
".SPX",2013-11-01,3.28962087611087e-05,1761.93
".SPX",2013-11-04,1.34213130212096e-05,1768.09
".SPX",2013-11-05,2.01586814550678e-05,1762.85
".SPX",2013-11-06,1.90245370463964e-05,1770.43
".SPX",2013-11-07,3.85802369785915e-05,1747.42
".SPX",2013-11-08,3.45761456730689e-05,1770.44
".SPX",2013-11-11,1.13236753325643e-05,1771.8
".SPX",2013-11-12,2.4113728221564e-05,1767.69
".SPX",2013-11-13,2.03462717915533e-05,1781.87
".SPX",2013-11-14,2.0338309967242e-05,1790.65
".SPX",2013-11-15,6.29071916720411e-06,1798.18
".SPX",2013-11-18,2.25910360778983e-05,1791.35
".SPX",2013-11-19,3.03377014864136e-05,1788.11
".SPX",2013-11-20,3.93440966427317e-05,1781.51
".SPX",2013-11-21,1.86759398916709e-05,1795.82
".SPX",2013-11-22,6.01357598238276e-06,1804.84
".SPX",2013-11-25,7.81441102703456e-06,1802.73
".SPX",2013-11-26,9.03887272468528e-06,1803.02
".SPX",2013-11-27,5.79655628252624e-06,1807.26
".SPX",2013-11-29,8.00706826055187e-06,1805.81
".SPX",2013-12-02,1.34252244910846e-05,1800.85
".SPX",2013-12-03,2.34295643397322e-05,1795.16
".SPX",2013-12-04,5.93614059404421e-05,1792.83
".SPX",2013-12-05,2.91095905667279e-05,1785.07
".SPX",2013-12-06,6.81869539230864e-05,1804.92
".SPX",2013-12-09,1.18473324828928e-05,1808.56
".SPX",2013-12-10,1.09222724347055e-05,1802.71
".SPX",2013-12-11,2.78234444618818e-05,1782.02
".SPX",2013-12-12,2.99045609489955e-05,1775.43
".SPX",2013-12-13,2.07722015527102e-05,1775.04
".SPX",2013-12-16,4.43931123606234e-05,1786.55
".SPX",2013-12-17,1.93217151410712e-05,1781.02
".SPX",2013-12-18,0.00010088885496218,1810.41
".SPX",2013-12-19,1.74302847761492e-05,1809.49
".SPX",2013-12-20,1.21099299541883e-05,1819.56
".SPX",2013-12-23,1.25322256104321e-05,1828.15
".SPX",2013-12-24,1.62100060469443e-06,1833.32
".SPX",2013-12-26,4.39182770139377e-06,1842
".SPX",2013-12-27,5.10794683203299e-06,1841.26
".SPX",2013-12-30,3.07904097756921e-06,1840.99
".SPX",2013-12-31,7.96968106236786e-06,1847.76
".SPX",2014-01-02,3.2554982174886e-05,1832.1
".SPX",2014-01-03,1.64156908714817e-05,1831.47
".SPX",2014-01-06,2.82326035978655e-05,1826.63
".SPX",2014-01-07,1.52135363116416e-05,1837.83
".SPX",2014-01-08,2.54933294265043e-05,1837.32
".SPX",2014-01-09,2.0063254419567e-05,1838.17
".SPX",2014-01-10,1.74566389027895e-05,1842.44
".SPX",2014-01-13,2.23272876996454e-05,1818.92
".SPX",2014-01-14,2.448692094696e-05,1838.68
".SPX",2014-01-15,1.51940901141001e-05,1848.41
".SPX",2014-01-16,1.38357662829261e-05,1845.86
".SPX",2014-01-17,1.31474718801337e-05,1838.46
".SPX",2014-01-21,4.43131977114227e-05,1843.74
".SPX",2014-01-22,9.84319911557517e-06,1844.91
".SPX",2014-01-23,5.07561016073853e-05,1828.84
".SPX",2014-01-24,8.22323219030538e-05,1790.66
".SPX",2014-01-27,6.58266330525462e-05,1781.56
".SPX",2014-01-28,2.82613973378619e-05,1792.45
".SPX",2014-01-29,0.00010861414587092,1774.3
".SPX",2014-01-30,6.08628147940596e-05,1794.16
".SPX",2014-01-31,0.0001220234512135,1782.4
".SPX",2014-02-03,9.34775094743468e-05,1741.95
".SPX",2014-02-04,6.72309759779806e-05,1755.06
".SPX",2014-02-05,8.59228728036382e-05,1751.79
".SPX",2014-02-06,3.10823323313686e-05,1773.1
".SPX",2014-02-07,4.27384721323221e-05,1796.62
".SPX",2014-02-10,9.76448843079125e-06,1799.66
".SPX",2014-02-11,1.73298551720877e-05,1819.37
".SPX",2014-02-12,2.10051017433898e-05,1819.13
".SPX",2014-02-13,2.427084103243e-05,1829.61
".SPX",2014-02-14,1.46834139295561e-05,1838.51
".SPX",2014-02-18,1.25112951894635e-05,1841.06
".SPX",2014-02-19,2.96360525337922e-05,1828.71
".SPX",2014-02-20,2.62790297633401e-05,1839.81
".SPX",2014-02-21,1.69386363962764e-05,1836.46
".SPX",2014-02-24,3.39708807950838e-05,1847.56
".SPX",2014-02-25,3.22773486148202e-05,1845.31
".SPX",2014-02-26,2.99307260157692e-05,1845.27
".SPX",2014-02-27,2.75111950559064e-05,1854.13
".SPX",2014-02-28,3.73430479022673e-05,1859.02
".SPX",2014-03-03,8.34261830657555e-05,1845.67
".SPX",2014-03-04,9.3614935484596e-05,1873.59
".SPX",2014-03-05,1.72534135930252e-05,1874.09
".SPX",2014-03-06,1.63278358756766e-05,1877.46
".SPX",2014-03-07,3.07686944942354e-05,1877.73
".SPX",2014-03-10,2.25765886549322e-05,1877.18
".SPX",2014-03-11,2.50703718537461e-05,1867.72
".SPX",2014-03-12,4.58260464986986e-05,1868.2
".SPX",2014-03-13,5.34055917683865e-05,1846.52
".SPX",2014-03-14,4.64510937782027e-05,1841.12
".SPX",2014-03-17,5.58918060209249e-05,1858.59
".SPX",2014-03-18,2.32630233530148e-05,1872.08
".SPX",2014-03-19,5.737088070832e-05,1860.94
".SPX",2014-03-20,2.9492871122365e-05,1872.08
".SPX",2014-03-21,5.05676388068446e-05,1865.89
".SPX",2014-03-24,4.83638642789474e-05,1857.48
".SPX",2014-03-25,5.83125266638881e-05,1865.74
".SPX",2014-03-26,4.15779089041024e-05,1852.76
".SPX",2014-03-27,6.37995270546571e-05,1849.03
".SPX",2014-03-28,3.80403318096787e-05,1857.39
".SPX",2014-03-31,4.98804255372232e-05,1872.37
".SPX",2014-04-01,2.26937505123396e-05,1885.57
".SPX",2014-04-02,1.39092879117236e-05,1891
".SPX",2014-04-03,1.46259708317125e-05,1889.02
".SPX",2014-04-04,6.01120523598372e-05,1865.19
".SPX",2014-04-07,5.37271538163888e-05,1844.93
".SPX",2014-04-08,3.91924433042147e-05,1852.14
".SPX",2014-04-09,2.99391533263187e-05,1872.11
".SPX",2014-04-10,6.90975560299856e-05,1833.14
".SPX",2014-04-11,0.00010147756533294,1815.84
".SPX",2014-04-14,7.27529859334993e-05,1830.49
".SPX",2014-04-15,8.42577587012211e-05,1842.92
".SPX",2014-04-16,4.70572752713774e-05,1862.11
".SPX",2014-04-17,2.24339363524564e-05,1864.91
".SPX",2014-04-21,1.16705592919601e-05,1871.55
".SPX",2014-04-22,1.07641888614327e-05,1879.73
".SPX",2014-04-23,1.32867244206861e-05,1875.45
".SPX",2014-04-24,3.47048284925151e-05,1878.53
".SPX",2014-04-25,3.43858076634072e-05,1863.62
".SPX",2014-04-28,6.7829283963633e-05,1869.44
".SPX",2014-04-29,2.5018948125162e-05,1878.38
".SPX",2014-04-30,2.47808215032172e-05,1883.68
".SPX",2014-05-01,2.0355265245184e-05,1883.36
".SPX",2014-05-02,3.16596080069248e-05,1881.06
".SPX",2014-05-05,5.32256941600721e-05,1884.75
".SPX",2014-05-06,2.63245017220442e-05,1867.77
".SPX",2014-05-07,8.04567322466162e-05,1878.19
".SPX",2014-05-08,2.6975789732296e-05,1875.65
".SPX",2014-05-09,3.11537496023001e-05,1878.41
".SPX",2014-05-12,2.3057919238649e-05,1896.74
".SPX",2014-05-13,1.00468863867025e-05,1897.4
".SPX",2014-05-14,1.50179471164389e-05,1888.49
".SPX",2014-05-15,4.77646028017551e-05,1871.03
".SPX",2014-05-16,2.18686643784276e-05,1877.91
".SPX",2014-05-19,1.17204762467772e-05,1884.94
".SPX",2014-05-20,2.74033956284912e-05,1873.11
".SPX",2014-05-21,2.44240511462462e-05,1887.86
".SPX",2014-05-22,9.10282214165809e-06,1892.53
".SPX",2014-05-23,4.24048059313852e-06,1900.54
".SPX",2014-05-27,1.80600090832913e-05,1911.95
".SPX",2014-05-28,8.59286480040732e-06,1909.89
".SPX",2014-05-29,1.31700708107217e-05,1919.89
".SPX",2014-05-30,8.38839098088868e-06,1923.39
".SPX",2014-06-02,1.52160965998518e-05,1924.88
".SPX",2014-06-03,9.46411930273954e-06,1924.19
".SPX",2014-06-04,8.65198902310545e-06,1927.76
".SPX",2014-06-05,1.52157546666608e-05,1940.12
".SPX",2014-06-06,7.23425494814045e-06,1949.15
".SPX",2014-06-09,7.6834697969222e-06,1951.07
".SPX",2014-06-10,8.82103285425666e-06,1950.81
".SPX",2014-06-11,1.69237675371999e-05,1944.08
".SPX",2014-06-12,1.74978843722249e-05,1930.01
".SPX",2014-06-13,1.88618834600745e-05,1935.83
".SPX",2014-06-16,1.95023263028577e-05,1937.76
".SPX",2014-06-17,1.37732493444535e-05,1942.19
".SPX",2014-06-18,1.75817249740535e-05,1956.94
".SPX",2014-06-19,8.48444286458607e-06,1959.31
".SPX",2014-06-20,5.44951429310768e-06,1963.19
".SPX",2014-06-23,7.11583282422305e-06,1962.47
".SPX",2014-06-24,1.86385796183254e-05,1950.17
".SPX",2014-06-25,1.4329861592699e-05,1959.43
".SPX",2014-06-26,2.46298498573917e-05,1957.26
".SPX",2014-06-27,1.25577138047227e-05,1960.98
".SPX",2014-06-30,7.35859302384054e-06,1960.13
".SPX",2014-07-01,1.36107072228666e-05,1973.19
".SPX",2014-07-02,6.83911608527705e-06,1974.43
".SPX",2014-07-03,1.00688948480683e-05,1985.44
".SPX",2014-07-07,1.31874100872078e-05,1977.53
".SPX",2014-07-08,3.12416050074198e-05,1964.01
".SPX",2014-07-09,2.09939756643758e-05,1972.64
".SPX",2014-07-10,5.79303587850029e-05,1964.73
".SPX",2014-07-11,1.23094589315955e-05,1967.36
".SPX",2014-07-14,1.70935324659854e-05,1977.12
".SPX",2014-07-15,2.9035494181377e-05,1973.57
".SPX",2014-07-16,1.99878782223752e-05,1981.46
".SPX",2014-07-17,4.12069107310593e-05,1957.85
".SPX",2014-07-18,1.58242950099482e-05,1977.84
".SPX",2014-07-21,1.67161799852638e-05,1973.76
".SPX",2014-07-22,1.41760891476103e-05,1983.71
".SPX",2014-07-23,6.37821736145257e-06,1987.34
".SPX",2014-07-24,7.6066701227828e-06,1987.78
".SPX",2014-07-25,1.87426954392563e-05,1978.19
".SPX",2014-07-28,1.78331473733876e-05,1978.8
".SPX",2014-07-29,2.10288208413357e-05,1970.34
".SPX",2014-07-30,3.67398141562551e-05,1970.19
".SPX",2014-07-31,7.49889471481663e-05,1930.79
".SPX",2014-08-01,6.92939951076583e-05,1925.22
".SPX",2014-08-04,2.29829305630871e-05,1939.25
".SPX",2014-08-05,7.8632060289771e-05,1920.02
".SPX",2014-08-06,4.55709766552331e-05,1920
".SPX",2014-08-07,5.08909086984618e-05,1909.51
".SPX",2014-08-08,2.66138205367821e-05,1931.38
".SPX",2014-08-11,1.75356082563363e-05,1936.79
".SPX",2014-08-12,2.18820753740457e-05,1933.8
".SPX",2014-08-13,2.09989087652421e-05,1946.45
".SPX",2014-08-14,7.07212046665723e-06,1955.13
".SPX",2014-08-15,5.62276238102018e-05,1955.14
".SPX",2014-08-18,2.16196883668243e-05,1971.48
".SPX",2014-08-19,6.48053648191881e-06,1981.52
".SPX",2014-08-20,9.0975295049863e-06,1986.47
".SPX",2014-08-21,8.3850637121473e-06,1992.36
".SPX",2014-08-22,1.82125367546112e-05,1988.32
".SPX",2014-08-25,1.24788261980191e-05,1998.3
".SPX",2014-08-26,5.64530009860663e-06,2000.15
".SPX",2014-08-27,5.83108264446562e-06,1999.85
".SPX",2014-08-28,1.62342880122109e-05,1997.02
".SPX",2014-08-29,6.44630514830907e-06,2003.38
".SPX",2014-09-02,1.32000606534664e-05,2002.03
".SPX",2014-09-03,1.37968666911561e-05,2000.75
".SPX",2014-09-04,1.67219452967307e-05,1997.64
".SPX",2014-09-05,2.09152049615276e-05,2007.37
".SPX",2014-09-08,1.49845348492902e-05,2001.43
".SPX",2014-09-09,2.8500339144349e-05,1988.5
".SPX",2014-09-10,2.70596195433296e-05,1995.71
".SPX",2014-09-11,1.85173998252606e-05,1997.34
".SPX",2014-09-12,2.2518218187219e-05,1985.66
".SPX",2014-09-15,1.75635289636066e-05,1984.03
".SPX",2014-09-16,1.94108360327979e-05,1999.04
".SPX",2014-09-17,5.1422441940201e-05,2001.54
".SPX",2014-09-18,1.3719309955959e-05,2011.47
".SPX",2014-09-19,2.09178966687388e-05,2010.54
".SPX",2014-09-22,1.98672371707187e-05,1994.51
".SPX",2014-09-23,2.43098752198911e-05,1982.86
".SPX",2014-09-24,1.67889854861624e-05,1998.54
".SPX",2014-09-25,4.95135824998057e-05,1966.38
".SPX",2014-09-26,3.5827378454109e-05,1982.54
".SPX",2014-09-29,8.88374346170371e-05,1977.9
".SPX",2014-09-30,3.65077141131875e-05,1972.75
".SPX",2014-10-01,6.01365152988437e-05,1946.7
".SPX",2014-10-02,5.60838292373359e-05,1946.05
".SPX",2014-10-03,6.53561959857535e-05,1967.6
".SPX",2014-10-06,4.2793705537378e-05,1964.93
".SPX",2014-10-07,7.37576528171845e-05,1934.87
".SPX",2014-10-08,7.97150631976143e-05,1968.72
".SPX",2014-10-09,0.00010934809460148,1928.51
".SPX",2014-10-10,0.00012231668487444,1906.55
".SPX",2014-10-13,0.00013845305654739,1874.82
".SPX",2014-10-14,0.00015269904459346,1877.84
".SPX",2014-10-15,0.00053072649711619,1862.59
".SPX",2014-10-16,0.00027492813778982,1861.96
".SPX",2014-10-17,0.00015619623002909,1886.57
".SPX",2014-10-20,5.23260408149864e-05,1903.91
".SPX",2014-10-21,5.62097511227565e-05,1941.03
".SPX",2014-10-22,5.54125704281684e-05,1927.2
".SPX",2014-10-23,0.00010643673306516,1950.35
".SPX",2014-10-24,3.49165291104762e-05,1964.42
".SPX",2014-10-27,3.94462981019674e-05,1961.3
".SPX",2014-10-28,2.64051978371612e-05,1984.44
".SPX",2014-10-29,5.1460280455357e-05,1982.2
".SPX",2014-10-30,3.14662165545772e-05,1994.4
".SPX",2014-10-31,5.48365321268747e-05,2017.44
".SPX",2014-11-03,2.1125208524311e-05,2017.58
".SPX",2014-11-04,2.73830339535074e-05,2012.25
".SPX",2014-11-05,3.47817030207061e-05,2023.18
".SPX",2014-11-06,1.59748556164822e-05,2030.91
".SPX",2014-11-07,2.01668329916865e-05,2031.72
".SPX",2014-11-10,8.09091704147094e-06,2038.23
".SPX",2014-11-11,6.69512871345951e-06,2039.76
".SPX",2014-11-12,1.64530497278025e-05,2038.12
".SPX",2014-11-13,2.57778118803822e-05,2039.23
".SPX",2014-11-14,1.05011681174293e-05,2039.73
".SPX",2014-11-17,1.26534685857324e-05,2041.18
".SPX",2014-11-18,8.55520273583579e-06,2052.09
".SPX",2014-11-19,2.67521442241252e-05,2048.4
".SPX",2014-11-20,1.4235862026734e-05,2052.69
".SPX",2014-11-21,4.36902068784148e-05,2062.98
".SPX",2014-11-24,9.23820462844487e-06,2069.48
".SPX",2014-11-25,1.09626802702089e-05,2067.59
".SPX",2014-11-26,3.52464449270398e-06,2072.9
".SPX",2014-11-28,9.07101000070935e-06,2067.56
".SPX",2014-12-01,3.64420637773696e-05,2053.52
".SPX",2014-12-02,1.46792091245309e-05,2066.47
".SPX",2014-12-03,7.2230477181033e-06,2074.07
".SPX",2014-12-04,1.84507765481681e-05,2071.57
".SPX",2014-12-05,1.33032711003122e-05,2075.19
".SPX",2014-12-08,3.01537529853749e-05,2060.61
".SPX",2014-12-09,0.00010343899722658,2059.72
".SPX",2014-12-10,6.96351213463032e-05,2026.6
".SPX",2014-12-11,7.2903742127563e-05,2035.3
".SPX",2014-12-12,8.35757701252379e-05,2003.53
".SPX",2014-12-15,0.0001632180876829,1989.55
".SPX",2014-12-16,0.0001549156706396,1973.61
".SPX",2014-12-17,0.00016542814863968,2012.39
".SPX",2014-12-18,0.00010694184225879,2061.06
".SPX",2014-12-19,3.47121798508516e-05,2070.51
".SPX",2014-12-22,1.24390306519613e-05,2078.76
".SPX",2014-12-23,1.10139180307791e-05,2082.22
".SPX",2014-12-24,4.62995670964355e-06,2081.88
".SPX",2014-12-26,6.35362334325268e-06,2089.22
".SPX",2014-12-29,5.67865263552304e-06,2090.89
".SPX",2014-12-30,9.05043589606688e-06,2080.32
".SPX",2014-12-31,2.38597141831384e-05,2058.9
".SPX",2015-01-02,8.39368987219911e-05,2058.14
".SPX",2015-01-05,7.00025499599588e-05,2021.07
".SPX",2015-01-06,0.00011099260036663,2002.2
".SPX",2015-01-07,8.17914411936923e-05,2025.76
".SPX",2015-01-08,7.15832434161102e-05,2061.945
".SPX",2015-01-09,6.25269879616238e-05,2045.11
".SPX",2015-01-12,6.71807652791036e-05,2028.59
".SPX",2015-01-13,0.000218888303089,2023.03
".SPX",2015-01-14,0.00014706200472259,2011.13
".SPX",2015-01-15,0.00010331768262945,1992.76
".SPX",2015-01-16,6.43580011111814e-05,2018.98
".SPX",2015-01-20,8.36950629161324e-05,2022.45
".SPX",2015-01-21,0.00010013869558479,2032.42
".SPX",2015-01-22,6.10466607579123e-05,2063.37
".SPX",2015-01-23,2.49097637358899e-05,2051.75
".SPX",2015-01-26,3.00579342032076e-05,2056.83
".SPX",2015-01-27,0.0001025980177656,2029.77
".SPX",2015-01-28,9.2836472806706e-05,2002.52
".SPX",2015-01-29,8.76070099240669e-05,2021.47
".SPX",2015-01-30,9.79775244394712e-05,1995.37
".SPX",2015-02-02,0.00011782373332317,2020.84
".SPX",2015-02-03,8.8596027653597e-05,2049.76
".SPX",2015-02-04,6.65515378902066e-05,2041.365
".SPX",2015-02-05,3.39726605378921e-05,2062.3
".SPX",2015-02-06,4.12859807056085e-05,2055.5
".SPX",2015-02-09,3.36165191955613e-05,2046.54
".SPX",2015-02-10,3.87628640639271e-05,2068.27
".SPX",2015-02-11,2.78865150141242e-05,2068.265
".SPX",2015-02-12,2.63272859008899e-05,2088.17
".SPX",2015-02-13,1.04382782188099e-05,2096.85
".SPX",2015-02-17,1.50396726614461e-05,2099.79
".SPX",2015-02-18,1.91642177120568e-05,2099.62
".SPX",2015-02-19,2.01932300381177e-05,2097.54
".SPX",2015-02-20,2.06668645751716e-05,2110.11
".SPX",2015-02-23,1.12932182669578e-05,2109.52
".SPX",2015-02-24,1.01621444453711e-05,2115.645
".SPX",2015-02-25,1.01107708731645e-05,2113.75
".SPX",2015-02-26,1.96898969728257e-05,2110.79
".SPX",2015-02-27,1.20430234860163e-05,2104.5
".SPX",2015-03-02,7.11601898744876e-06,2116.95
".SPX",2015-03-03,2.50709157534357e-05,2107.77
".SPX",2015-03-04,4.45926814964023e-05,2098.67
".SPX",2015-03-05,1.27452054797209e-05,2101.08
".SPX",2015-03-06,5.45490133686882e-05,2071.25
".SPX",2015-03-09,1.50636980407246e-05,2079.41
".SPX",2015-03-10,7.05666445032193e-05,2045.31
".SPX",2015-03-11,3.48935834008853e-05,2040.47
".SPX",2015-03-12,4.25518855867644e-05,2065.82
".SPX",2015-03-13,4.96918972533465e-05,2053.36
".SPX",2015-03-16,2.74449172090272e-05,2080.84
".SPX",2015-03-17,3.48089258725912e-05,2074.22
".SPX",2015-03-18,0.00011055279768009,2099.22
".SPX",2015-03-19,3.05892221195995e-05,2089.47
".SPX",2015-03-20,4.43687503033591e-05,2108.28
".SPX",2015-03-23,1.39583485277925e-05,2104.49
".SPX",2015-03-24,2.03342952553471e-05,2091.64
".SPX",2015-03-25,4.71345166095932e-05,2061.2
".SPX",2015-03-26,7.63079899541666e-05,2056.285
".SPX",2015-03-27,3.43998651100109e-05,2060.695
".SPX",2015-03-30,4.63924863083306e-05,2086.16
".SPX",2015-03-31,4.18147662251177e-05,2068.18
".SPX",2015-04-01,5.41929744699797e-05,2059.78
".SPX",2015-04-02,2.59491410388443e-05,2066.775
".SPX",2015-04-06,2.85070463647556e-05,2080.81
".SPX",2015-04-07,1.95974577964412e-05,2076.1
".SPX",2015-04-08,5.15996969993431e-05,2081.805
".SPX",2015-04-09,3.57238025135515e-05,2091.1
".SPX",2015-04-10,8.03950130282834e-06,2102.07
".SPX",2015-04-13,1.23579729802607e-05,2092.72
".SPX",2015-04-14,2.76579412141261e-05,2096.12
".SPX",2015-04-15,2.00810541337308e-05,2106.3
".SPX",2015-04-16,1.66635257286303e-05,2105.14
".SPX",2015-04-17,5.78891485429813e-05,2081.12
".SPX",2015-04-20,3.73118296513027e-05,2100.27
".SPX",2015-04-21,2.05160351489347e-05,2097.49
".SPX",2015-04-22,2.10586152275771e-05,2107.94
".SPX",2015-04-23,2.43858424280392e-05,2113.01
".SPX",2015-04-24,1.0717125546177e-05,2117.82
".SPX",2015-04-27,2.32305787216633e-05,2109.05
".SPX",2015-04-28,4.15209454599297e-05,2114.98
".SPX",2015-04-29,4.38421116345614e-05,2106.76
".SPX",2015-04-30,4.9526503787012e-05,2085.57
".SPX",2015-05-01,4.52507340329956e-05,2107.89
".SPX",2015-05-04,1.41237882364365e-05,2114.42
".SPX",2015-05-05,3.25678988362488e-05,2089.52
".SPX",2015-05-06,8.59181838294041e-05,2080.505
".SPX",2015-05-07,3.14140762679318e-05,2088.06
".SPX",2015-05-08,7.56870546455144e-05,2115.83
".SPX",2015-05-11,1.67368105630919e-05,2105.295
".SPX",2015-05-12,6.69658147591283e-05,2099.08
".SPX",2015-05-13,4.46800680282111e-05,2098.55
".SPX",2015-05-14,3.0107705704906e-05,2120.66
".SPX",2015-05-15,1.14700294290092e-05,2122.705
".SPX",2015-05-18,4.81133405855265e-06,2128.93
".SPX",2015-05-19,9.76075105519176e-06,2127.895
".SPX",2015-05-20,1.75411876397454e-05,2125.845
".SPX",2015-05-21,7.83141827265665e-06,2131.1
".SPX",2015-05-22,1.09526559894741e-05,2126.305
".SPX",2015-05-26,2.658270355683e-05,2104.37
".SPX",2015-05-27,1.62050646463701e-05,2123.44
".SPX",2015-05-28,1.92731923568012e-05,2120.95
".SPX",2015-05-29,2.86719943714925e-05,2107.56
".SPX",2015-06-01,4.00220510503702e-05,2111.755
".SPX",2015-06-02,3.07227423688792e-05,2109.57
".SPX",2015-06-03,1.89164373129325e-05,2114.345
".SPX",2015-06-04,4.53515029347872e-05,2096.4
".SPX",2015-06-05,3.43181410192803e-05,2092.8
".SPX",2015-06-08,1.44893495788469e-05,2079.48
".SPX",2015-06-09,2.21647179553332e-05,2079.95
".SPX",2015-06-10,3.89223082774269e-05,2104.56
".SPX",2015-06-11,1.97940030068828e-05,2109.31
".SPX",2015-06-12,2.65936020894035e-05,2094.18
".SPX",2015-06-15,8.50859583483035e-05,2084.64
".SPX",2015-06-16,2.7783010177126e-05,2096.365
".SPX",2015-06-17,4.11587130597306e-05,2100.485
".SPX",2015-06-18,3.19519168640255e-05,2120.9
".SPX",2015-06-19,1.11775899642871e-05,2109.69
".SPX",2015-06-22,4.78127265697666e-05,2123.04
".SPX",2015-06-23,1.04942336501249e-05,2124.31
".SPX",2015-06-24,1.42819351780102e-05,2108.92
".SPX",2015-06-25,1.67977193068169e-05,2102.57
".SPX",2015-06-26,2.31120102917764e-05,2101.94
".SPX",2015-06-29,7.55942510136344e-05,2057.79
".SPX",2015-06-30,8.09029816051931e-05,2062.955
".SPX",2015-07-01,5.9729626448478e-05,2077.77
".SPX",2015-07-02,2.14561696862663e-05,2076.26
".SPX",2015-07-06,8.58008406126101e-05,2068.81
".SPX",2015-07-07,8.96705189608589e-05,2081.65
".SPX",2015-07-08,8.68002775539125e-05,2047.02
".SPX",2015-07-09,0.00017204520654204,2051.32
".SPX",2015-07-10,0.00012614743973351,2076.51
".SPX",2015-07-13,4.64616047921735e-05,2099.44
".SPX",2015-07-14,5.89832670689461e-06,2108.84
".SPX",2015-07-15,1.35344065117319e-05,2107.8
".SPX",2015-07-16,1.56400369377547e-05,2124.21
".SPX",2015-07-17,5.87547018385009e-06,2126.48
".SPX",2015-07-20,8.54065630449656e-06,2128.04
".SPX",2015-07-21,1.06141636228241e-05,2119.13
".SPX",2015-07-22,1.89052563651014e-05,2114.05
".SPX",2015-07-23,1.59860973281161e-05,2102.265
".SPX",2015-07-24,1.98881130339792e-05,2079.85
".SPX",2015-07-27,6.01854089852666e-05,2068.06
".SPX",2015-07-28,2.88760456752507e-05,2093.35
".SPX",2015-07-29,2.02306821914137e-05,2108.42
".SPX",2015-07-30,2.09963829994824e-05,2108.865
".SPX",2015-07-31,1.47395624982442e-05,2104.8
".SPX",2015-08-03,3.20683588922762e-05,2098.03
".SPX",2015-08-04,2.32565073310301e-05,2093.35
".SPX",2015-08-05,4.15827699235738e-05,2099.99
".SPX",2015-08-06,2.9292478989067e-05,2083.81
".SPX",2015-08-07,3.31867911160965e-05,2077.925
".SPX",2015-08-10,4.56516224136104e-05,2104.1
".SPX",2015-08-11,6.76166014629748e-05,2084.54
".SPX",2015-08-12,0.00011464734122122,2086.33
".SPX",2015-08-13,4.12830685860289e-05,2083.57
".SPX",2015-08-14,1.65490536648887e-05,2091.7
".SPX",2015-08-17,3.4579603110804e-05,2102.49
".SPX",2015-08-18,1.35576258614174e-05,2096.9
".SPX",2015-08-19,9.01828219204521e-05,2079.85
".SPX",2015-08-20,0.00011523397912996,2036.36
".SPX",2015-08-21,0.00023138617636274,1971.72
".SPX",2015-08-24,0.00372965755652039,1893.565
".SPX",2015-08-25,0.00073480252341096,1868.19
".SPX",2015-08-26,0.00080794025653574,1940.57
".SPX",2015-08-27,0.00035967868875371,1987.78
".SPX",2015-08-28,9.13235895360738e-05,1988.48
".SPX",2015-08-31,0.0001187519677767,1972.05
".SPX",2015-09-01,0.00050399229017977,1914.21
".SPX",2015-09-02,0.00021160343317816,1948.73
".SPX",2015-09-03,9.8597374010333e-05,1950.82
".SPX",2015-09-04,0.00020727642136937,1921.1
".SPX",2015-09-08,0.0002155243935573,1969.2
".SPX",2015-09-09,0.00012410853720176,1942.25
".SPX",2015-09-10,7.67793517954313e-05,1952.19
".SPX",2015-09-11,6.4842272621603e-05,1960.52
".SPX",2015-09-14,3.55242755421549e-05,1952.97
".SPX",2015-09-15,3.10162933347075e-05,1978.18
".SPX",2015-09-16,3.51537194841437e-05,1995.08
".SPX",2015-09-17,0.00016365732309869,1990.26
".SPX",2015-09-18,0.00018548410242356,1958.05
".SPX",2015-09-21,7.58221134356173e-05,1967.22
".SPX",2015-09-22,0.00017102379070881,1942.54
".SPX",2015-09-23,5.73474839124931e-05,1938.81
".SPX",2015-09-24,0.00010901461846843,1932.52
".SPX",2015-09-25,0.000107031304058,1931.56
".SPX",2015-09-28,0.00013347660700409,1881.9
".SPX",2015-09-29,0.00013966040096363,1883.82
".SPX",2015-09-30,0.00022369023042757,1918.63
".SPX",2015-10-01,0.00013019554322318,1923.65
".SPX",2015-10-02,0.00028679377490646,1951.16
".SPX",2015-10-05,7.9314608305619e-05,1986.82
".SPX",2015-10-06,4.66359167152156e-05,1979.97
".SPX",2015-10-07,8.97093443397272e-05,1995.705
".SPX",2015-10-08,5.05606926602719e-05,2013.35
".SPX",2015-10-09,2.8545146237443e-05,2014.92
".SPX",2015-10-12,1.41466480462186e-05,2017.23
".SPX",2015-10-13,3.78259323715514e-05,2003.76
".SPX",2015-10-14,4.69489801271934e-05,1994.06
".SPX",2015-10-15,2.88252113168242e-05,2023.92
".SPX",2015-10-16,2.62763611867428e-05,2032.95
".SPX",2015-10-19,2.79085414049619e-05,2034.05
".SPX",2015-10-20,2.5425042804587e-05,2031.23
".SPX",2015-10-21,5.582778529319e-05,2019.02
".SPX",2015-10-22,5.86974879784346e-05,2052.54
".SPX",2015-10-23,7.24040307735426e-05,2075.33
".SPX",2015-10-26,1.46098665834048e-05,2070.94
".SPX",2015-10-27,3.43666418070479e-05,2066.01
".SPX",2015-10-28,8.85454041166133e-05,2090.15
".SPX",2015-10-29,2.31746362667008e-05,2089.38
".SPX",2015-10-30,2.85440391854092e-05,2079.51
".SPX",2015-11-02,1.76791811862374e-05,2103.92
".SPX",2015-11-03,2.33850374354008e-05,2109.87
".SPX",2015-11-04,3.77466262598025e-05,2102.64
".SPX",2015-11-05,3.4096903895837e-05,2100.12
".SPX",2015-11-06,3.64143064660928e-05,2099.25
".SPX",2015-11-09,5.79864534776168e-05,2078.8
".SPX",2015-11-10,3.02472190638969e-05,2082.06
".SPX",2015-11-11,2.23847666322842e-05,2074.9
".SPX",2015-11-12,7.6276749665368e-05,2046.03
".SPX",2015-11-13,4.45080006400442e-05,2023.15
".SPX",2015-11-16,5.11743684165466e-05,2053.07
".SPX",2015-11-17,5.6615601220179e-05,2050.49
".SPX",2015-11-18,5.04069611646925e-05,2083.46
".SPX",2015-11-19,2.15734121413106e-05,2081.19
".SPX",2015-11-20,3.23940304871099e-05,2089.18
".SPX",2015-11-23,1.880805872806e-05,2086.64
".SPX",2015-11-24,4.27095623836737e-05,2089.36
".SPX",2015-11-25,1.02446848047534e-05,2089.01
".SPX",2015-11-27,6.17151843010999e-06,2090.11
".SPX",2015-11-30,1.95749599281409e-05,2081.34
".SPX",2015-12-01,3.87252247079611e-05,2102.37
".SPX",2015-12-02,2.70308028699215e-05,2079.78
".SPX",2015-12-03,7.10581645355481e-05,2050.03
".SPX",2015-12-04,7.14316777294948e-05,2091.14
".SPX",2015-12-07,6.56739315163611e-05,2077.18
".SPX",2015-12-08,0.00016432453338825,2063.785
".SPX",2015-12-09,0.00011001298238863,2047.81
".SPX",2015-12-10,6.10050419033481e-05,2052.31
".SPX",2015-12-11,0.00013469403746658,2012.32
".SPX",2015-12-14,0.00015360914132001,2022.32
".SPX",2015-12-15,0.00011256882622755,2043.47
".SPX",2015-12-16,9.66674257417317e-05,2072.85
".SPX",2015-12-17,8.19265735825253e-05,2042.04
".SPX",2015-12-18,9.51357847561858e-05,2005.48
".SPX",2015-12-21,7.86601826649533e-05,2021.09
".SPX",2015-12-22,4.09653205922243e-05,2039.11
".SPX",2015-12-23,3.4114824881033e-05,2064.28
".SPX",2015-12-24,7.84666718444164e-06,2060.99
".SPX",2015-12-28,2.96854803836388e-05,2056.6
".SPX",2015-12-29,4.03057347327269e-05,2078.15
".SPX",2015-12-30,1.90777017486438e-05,2063.24
".SPX",2015-12-31,4.8229062995825e-05,2043.65
".SPX",2016-01-04,0.0003475967057265,2012.98
".SPX",2016-01-05,6.25965396602594e-05,2016.93
".SPX",2016-01-06,0.00019865460049806,1990.615
".SPX",2016-01-07,0.00039113651686108,1943.15
".SPX",2016-01-08,0.00017627805022505,1921.74
".SPX",2016-01-11,0.0001621050475013,1923.42
".SPX",2016-01-12,0.00017849059901474,1938.84
".SPX",2016-01-13,0.00020539962932012,1890.28
".SPX",2016-01-14,0.00016290299166173,1921.31
".SPX",2016-01-15,0.00050903964585089,1880.1
".SPX",2016-01-19,0.00019995102921123,1881.34
".SPX",2016-01-20,0.00043693416919679,1859.48
".SPX",2016-01-21,0.00029723094811297,1868.72
".SPX",2016-01-22,0.00018230744856026,1906.82
".SPX",2016-01-25,7.11033448933896e-05,1877.38
".SPX",2016-01-26,0.00012834795434952,1903.61
".SPX",2016-01-27,0.00020117733820343,1883.12
".SPX",2016-01-28,0.00025758981765998,1893.06
".SPX",2016-01-29,7.43939875891361e-05,1938.25
".SPX",2016-02-01,0.00012292596950344,1938.85
".SPX",2016-02-02,0.00012006619040257,1903.01
".SPX",2016-02-03,0.00027596218650318,1912.58
".SPX",2016-02-04,0.00018410017556387,1915.38
".SPX",2016-02-05,0.00014204766963248,1879.91
".SPX",2016-02-08,0.00029348812691093,1853.62
".SPX",2016-02-09,0.00029718053055163,1852.52
".SPX",2016-02-10,0.00016502591484645,1851.68
".SPX",2016-02-11,0.00030504856907083,1828.64
".SPX",2016-02-12,9.69795333483814e-05,1864.41
".SPX",2016-02-16,9.25312312017207e-05,1895.08
".SPX",2016-02-17,7.34501760789151e-05,1926.54
".SPX",2016-02-18,4.34582702389213e-05,1917.61
".SPX",2016-02-19,7.00592863974795e-05,1917.57
".SPX",2016-02-22,6.73823027239936e-05,1945.23
".SPX",2016-02-23,4.97155611520499e-05,1921.27
".SPX",2016-02-24,0.0001864575596965,1929.57
".SPX",2016-02-25,6.79098782657836e-05,1951.75
".SPX",2016-02-26,5.54074260363875e-05,1947.89
".SPX",2016-02-29,4.79405652302817e-05,1931.82
".SPX",2016-03-01,6.45145136445179e-05,1977.97
".SPX",2016-03-02,4.25960601945721e-05,1986.15
".SPX",2016-03-03,2.81302209349599e-05,1993.36
".SPX",2016-03-04,4.06700568224433e-05,1999.61
".SPX",2016-03-07,5.02982820512186e-05,2001.57
".SPX",2016-03-08,7.1520641838569e-05,1979.44
".SPX",2016-03-09,5.71139419400591e-05,1988.96
".SPX",2016-03-10,0.00011085926603548,1989.65
".SPX",2016-03-11,6.08845280321044e-05,2021.92
".SPX",2016-03-14,1.95232871537627e-05,2019.46
".SPX",2016-03-15,3.28054457171037e-05,2015.84
".SPX",2016-03-16,7.3819074681146e-05,2027.61
".SPX",2016-03-17,2.33346894875235e-05,2040.6
".SPX",2016-03-18,2.60333928504822e-05,2049.14
".SPX",2016-03-21,1.74689890820012e-05,2051.49
".SPX",2016-03-22,2.66999071555144e-05,2050.04
".SPX",2016-03-23,2.19251055815186e-05,2036.72
".SPX",2016-03-24,3.58510813660797e-05,2035.98
".SPX",2016-03-28,1.57435619677565e-05,2037.06
".SPX",2016-03-29,3.0987738871922e-05,2055.21
".SPX",2016-03-30,3.05363084275036e-05,2064.03
".SPX",2016-03-31,1.39368124667874e-05,2059.73
".SPX",2016-04-01,5.14710275943278e-05,2072.89
".SPX",2016-04-04,1.79947307146888e-05,2066
".SPX",2016-04-05,6.33846850371379e-05,2045.31
".SPX",2016-04-06,3.06986088948023e-05,2066.79
".SPX",2016-04-07,5.97537259497036e-05,2042.06
".SPX",2016-04-08,4.6378862681126e-05,2047.6
".SPX",2016-04-11,3.77391093335267e-05,2042.11
".SPX",2016-04-12,3.76950547602051e-05,2061.78
".SPX",2016-04-13,3.36753925375967e-05,2082.45
".SPX",2016-04-14,1.63295338308578e-05,2082.53
".SPX",2016-04-15,6.10715294576629e-06,2080.45
".SPX",2016-04-18,2.09456996905634e-05,2094.36
".SPX",2016-04-19,1.9993444718169e-05,2100.79
".SPX",2016-04-20,1.53992762807787e-05,2102.41
".SPX",2016-04-21,2.38737350203518e-05,2091.61
".SPX",2016-04-22,2.22583391396089e-05,2091.67
".SPX",2016-04-25,2.17464574385512e-05,2087.92
".SPX",2016-04-26,1.71901828300159e-05,2091.48
".SPX",2016-04-27,3.06316931210419e-05,2095.51
".SPX",2016-04-28,3.65130169531963e-05,2076.205
".SPX",2016-04-29,5.22540448482298e-05,2065.51
".SPX",2016-05-02,2.31346198554331e-05,2081.4
".SPX",2016-05-03,5.19100582752542e-05,2063.4
".SPX",2016-05-04,3.55215307331608e-05,2051.17
".SPX",2016-05-05,3.40978566814991e-05,2050.5
".SPX",2016-05-06,4.29750103538936e-05,2057.2
".SPX",2016-05-09,2.1910622007383e-05,2058.89
".SPX",2016-05-10,2.06340517379037e-05,2084.39
".SPX",2016-05-11,2.23795488153894e-05,2064.62
".SPX",2016-05-12,4.73501567410197e-05,2064.46
".SPX",2016-05-13,3.36212524111762e-05,2046.55
".SPX",2016-05-16,2.0067795461911e-05,2066.61
".SPX",2016-05-17,3.56292949996516e-05,2046.93
".SPX",2016-05-18,9.16463168028948e-05,2047.42
".SPX",2016-05-19,6.46807872767922e-05,2039.94
".SPX",2016-05-20,2.62322810071063e-05,2052.15
".SPX",2016-05-23,1.12192589475059e-05,2048.43
".SPX",2016-05-24,2.78923071282546e-05,2075.97
".SPX",2016-05-25,2.24231902130034e-05,2090.18
".SPX",2016-05-26,1.16791477651129e-05,2090.08
".SPX",2016-05-27,8.9048949007337e-06,2098.71
".SPX",2016-05-31,1.72826344450241e-05,2096.7
".SPX",2016-06-01,2.95650877897559e-05,2099.22
".SPX",2016-06-02,1.80114035470886e-05,2104.91
".SPX",2016-06-03,3.52940633115763e-05,2099.07
".SPX",2016-06-06,1.55258501341052e-05,2109.35
".SPX",2016-06-07,6.75328977171467e-06,2112.42
".SPX",2016-06-08,1.02330056942941e-05,2119.15
".SPX",2016-06-09,1.98808902235397e-05,2115.57
".SPX",2016-06-10,3.83418498167672e-05,2096.22
".SPX",2016-06-13,2.73850149883538e-05,2079.17
".SPX",2016-06-14,3.88585861765766e-05,2075.39
".SPX",2016-06-15,2.43081653077811e-05,2072.04
".SPX",2016-06-16,5.50877434472976e-05,2078.09
".SPX",2016-06-17,2.96009134809907e-05,2071.22
".SPX",2016-06-20,7.53481422816147e-05,2083.45
".SPX",2016-06-21,2.3581708539553e-05,2088.82
".SPX",2016-06-22,2.57953547565157e-05,2085.48
".SPX",2016-06-23,3.41668581982604e-05,2112.95
".SPX",2016-06-24,0.00062841840508622,2037.28
".SPX",2016-06-27,0.00012866709926056,2000.6
".SPX",2016-06-28,8.35830269289874e-05,2035.91
".SPX",2016-06-29,6.32987999732841e-05,2070.5
".SPX",2016-06-30,3.43887679926506e-05,2098.93
".SPX",2016-07-01,1.51398251712554e-05,2102.62
".SPX",2016-07-05,2.77844542866352e-05,2088.23
".SPX",2016-07-06,4.77397963307738e-05,2099.61
".SPX",2016-07-07,2.95023061456965e-05,2097.7
".SPX",2016-07-08,1.53417470072877e-05,2129.38
".SPX",2016-07-11,1.85634772197884e-05,2136.94
".SPX",2016-07-12,3.13565384550528e-05,2152.05
".SPX",2016-07-13,1.31503362279774e-05,2152.21
".SPX",2016-07-14,2.72104358584826e-05,2163.5
".SPX",2016-07-15,1.11517895835423e-05,2161.39
".SPX",2016-07-18,6.39357299568951e-06,2166.77
".SPX",2016-07-19,6.9502811618176e-06,2163.79
".SPX",2016-07-20,5.11832053312063e-06,2173.11
".SPX",2016-07-21,1.1359397135156e-05,2164.99
".SPX",2016-07-22,6.99811848855187e-06,2174.75
".SPX",2016-07-25,1.07223590488891e-05,2168.54
".SPX",2016-07-26,2.02914911615098e-05,2169.15
".SPX",2016-07-27,2.29724602833503e-05,2166.98
".SPX",2016-07-28,2.39651808626999e-05,2169.94
".SPX",2016-07-29,1.60594170387896e-05,2173.28
".SPX",2016-08-01,2.21300773459579e-05,2170.68
".SPX",2016-08-02,2.48729388482683e-05,2157.09
".SPX",2016-08-03,1.18049447413069e-05,2163.42
".SPX",2016-08-04,1.12439688372893e-05,2164.37
".SPX",2016-08-05,9.66706532064255e-06,2182.36
".SPX",2016-08-08,5.62300589865101e-06,2180.77
".SPX",2016-08-09,5.1507033654786e-06,2181.67
".SPX",2016-08-10,1.05645646370761e-05,2175.52
".SPX",2016-08-11,1.16554394477797e-05,2185.75
".SPX",2016-08-12,5.26446070691709e-06,2183.78
".SPX",2016-08-15,3.90249045169211e-06,2190.16
".SPX",2016-08-16,1.15430036867738e-05,2178.26
".SPX",2016-08-17,1.64344429261987e-05,2181.93
".SPX",2016-08-18,6.15909491401115e-06,2186.82
".SPX",2016-08-19,1.41036734722501e-05,2183.65
".SPX",2016-08-22,2.25911047388693e-05,2182.7
".SPX",2016-08-23,6.62796213685207e-06,2186.91
".SPX",2016-08-24,1.07138055379238e-05,2175.76
".SPX",2016-08-25,1.53753721563706e-05,2172.73
".SPX",2016-08-26,3.75842664553188e-05,2169.36
".SPX",2016-08-29,8.59985202844815e-06,2180.42
".SPX",2016-08-30,1.4056886819698e-05,2176.14
".SPX",2016-08-31,1.26924698803353e-05,2170.76
".SPX",2016-09-01,2.43791864216122e-05,2170.61
".SPX",2016-09-02,1.4669019832484e-05,2179.93
".SPX",2016-09-06,1.04850617456156e-05,2186.5
".SPX",2016-09-07,7.12813414680022e-06,2186.14
".SPX",2016-09-08,8.7164287313989e-06,2181.14
".SPX",2016-09-09,4.4102584875997e-05,2128.19
".SPX",2016-09-12,5.66226369991626e-05,2159.06
".SPX",2016-09-13,9.4032171732375e-05,2127.02
".SPX",2016-09-14,4.68286472291113e-05,2125.85
".SPX",2016-09-15,3.72505578899092e-05,2147.27
".SPX",2016-09-16,4.27438605178257e-05,2138.93
".SPX",2016-09-19,2.4312303839184e-05,2139.15
".SPX",2016-09-20,1.95140124325118e-05,2139.58
".SPX",2016-09-21,3.3468099134789e-05,2163.04
".SPX",2016-09-22,2.32059623939488e-05,2176.91
".SPX",2016-09-23,1.16960054937215e-05,2164.92
".SPX",2016-09-26,2.10680779007596e-05,2146.51
".SPX",2016-09-27,2.46405942537676e-05,2159.89
".SPX",2016-09-28,2.30151812429341e-05,2171.12
".SPX",2016-09-29,4.62991972704782e-05,2151.12
".SPX",2016-09-30,3.08294152665387e-05,2168
".SPX",2016-10-03,1.71035246274689e-05,2160.97
".SPX",2016-10-04,4.33087818082493e-05,2150.54
".SPX",2016-10-05,1.22802112703179e-05,2159.625
".SPX",2016-10-06,1.77402565654717e-05,2160.8
".SPX",2016-10-07,2.74157941623287e-05,2153.74
".SPX",2016-10-10,1.12262951799108e-05,2163.64
".SPX",2016-10-11,3.42251625339862e-05,2136.96
".SPX",2016-10-12,1.83056287484611e-05,2139.4
".SPX",2016-10-13,3.79360593623836e-05,2132.74
".SPX",2016-10-14,2.64760637965257e-05,2133.19
".SPX",2016-10-17,1.50850686653938e-05,2126.44
".SPX",2016-10-18,1.66563765747428e-05,2139.42
".SPX",2016-10-19,7.41900893743734e-06,2144.38
".SPX",2016-10-20,2.93364696042531e-05,2141.18
".SPX",2016-10-21,2.03147906405378e-05,2141
".SPX",2016-10-24,1.15368792130067e-05,2150.88
".SPX",2016-10-25,1.04369571011812e-05,2143.36
".SPX",2016-10-26,2.29196284532042e-05,2139.53
".SPX",2016-10-27,2.28152517915849e-05,2133.36
".SPX",2016-10-28,5.8803994148998e-05,2126.48
".SPX",2016-10-31,1.40538575531464e-05,2126.26
".SPX",2016-11-01,3.53807680548944e-05,2111.74
".SPX",2016-11-02,4.39832712357001e-05,2098.06
".SPX",2016-11-03,1.8256754638402e-05,2088.72
".SPX",2016-11-04,3.16766128668155e-05,2085.38
".SPX",2016-11-07,5.81788346196305e-05,2131.37
".SPX",2016-11-08,3.16148885798905e-05,2139.72
".SPX",2016-11-09,0.00012168531123827,2163.01
".SPX",2016-11-10,0.00011262979262888,2167.67
".SPX",2016-11-11,3.14351589611316e-05,2164.18
".SPX",2016-11-14,2.73514520362047e-05,2164.41
".SPX",2016-11-15,1.11279623108643e-05,2180.43
".SPX",2016-11-16,1.45366162043135e-05,2176.95
".SPX",2016-11-17,6.82571814776008e-06,2187.08
".SPX",2016-11-18,9.49305284320707e-06,2182.03
".SPX",2016-11-21,9.25721261093341e-06,2198.195
".SPX",2016-11-22,8.50623113178578e-06,2202.78
".SPX",2016-11-23,7.50306564092706e-06,2204.53
".SPX",2016-11-25,1.99304538815462e-06,2213.35
".SPX",2016-11-28,9.72092895238111e-06,2201.93
".SPX",2016-11-29,9.15017403996087e-06,2204.775
".SPX",2016-11-30,2.80172228218619e-05,2199.28
".SPX",2016-12-01,2.13067475193529e-05,2191.06
".SPX",2016-12-02,1.46235933978398e-05,2192.08
".SPX",2016-12-05,8.43231556667906e-06,2204.71
".SPX",2016-12-06,8.86121555012915e-06,2212.27
".SPX",2016-12-07,2.26866704776071e-05,2240.77
".SPX",2016-12-08,1.61559614440613e-05,2245.99
".SPX",2016-12-09,8.39749733269622e-06,2259.54
".SPX",2016-12-12,1.45268689520102e-05,2256.96
".SPX",2016-12-13,1.52072224112215e-05,2271.63
".SPX",2016-12-14,7.82849558983664e-05,2253.38
".SPX",2016-12-15,2.86901410827981e-05,2261.98
".SPX",2016-12-16,2.10168332612767e-05,2257.99
".SPX",2016-12-19,9.53705355249728e-06,2262.61
".SPX",2016-12-20,8.15550050881473e-06,2270.66
".SPX",2016-12-21,3.81966704921707e-06,2265.28
".SPX",2016-12-22,6.42492546357013e-06,2260.99
".SPX",2016-12-23,2.6094732866449e-06,2263.56
".SPX",2016-12-27,5.58982660618436e-06,2268.83
".SPX",2016-12-28,1.23911444926593e-05,2249.99
".SPX",2016-12-29,1.15619268812364e-05,2249.43
".SPX",2016-12-30,2.20356933289637e-05,2239.79
".SPX",2017-01-03,3.53008255488137e-05,2257.47
".SPX",2017-01-04,1.32580260972845e-05,2270.64
".SPX",2017-01-05,1.17848283074081e-05,2269.02
".SPX",2017-01-06,1.49696573922085e-05,2277.18
".SPX",2017-01-09,8.06335903343707e-06,2269.23
".SPX",2017-01-10,1.25630801787206e-05,2268.97
".SPX",2017-01-11,2.88205223831535e-05,2275.12
".SPX",2017-01-12,2.37474777311964e-05,2270.3
".SPX",2017-01-13,8.45934307625983e-06,2274.56
".SPX",2017-01-17,9.54127288301873e-06,2267.81
".SPX",2017-01-18,1.11552978509264e-05,2271.81
".SPX",2017-01-19,1.54012379706751e-05,2263.62
".SPX",2017-01-20,2.06242919350112e-05,2271.12
".SPX",2017-01-23,1.83128857541632e-05,2265.42
".SPX",2017-01-24,7.74226707335039e-06,2279.99
".SPX",2017-01-25,8.63956706797913e-06,2298.44
".SPX",2017-01-26,8.71692105475355e-06,2296.68
".SPX",2017-01-27,6.59914618168421e-06,2294.47
".SPX",2017-01-30,2.00774360456761e-05,2280.49
".SPX",2017-01-31,1.711788225242e-05,2278.95
".SPX",2017-02-01,2.0580797756777e-05,2279.32
".SPX",2017-02-02,1.61565602551208e-05,2280.82
".SPX",2017-02-03,8.04652559173343e-06,2297.09
".SPX",2017-02-06,6.24749500737074e-06,2292.54
".SPX",2017-02-07,7.59637212517135e-06,2292.82
".SPX",2017-02-08,1.21768398724034e-05,2294.59
".SPX",2017-02-09,6.33012518011421e-06,2307.67
".SPX",2017-02-10,4.69083859603842e-06,2316.25
".SPX",2017-02-13,4.91730547802962e-06,2328.18
".SPX",2017-02-14,1.07919232712535e-05,2337.39
".SPX",2017-02-15,9.0879428334082e-06,2349.05
".SPX",2017-02-16,2.2197313332101e-05,2347.13
".SPX",2017-02-17,8.14978238996161e-06,2350.86
".SPX",2017-02-21,1.11522743565852e-05,2364.92
".SPX",2017-02-22,6.90503581557645e-06,2362.52
".SPX",2017-02-23,1.06760834688183e-05,2363.71
".SPX",2017-02-24,1.48482082538624e-05,2366.94
".SPX",2017-02-27,8.36414956972068e-06,2369.71
".SPX",2017-02-28,8.16060437345663e-06,2363.91
".SPX",2017-03-01,1.42316528125223e-05,2395.8
".SPX",2017-03-02,1.49720725558176e-05,2381.58
".SPX",2017-03-03,9.85452672855138e-06,2382.63
".SPX",2017-03-06,9.35407102851145e-06,2375.46
".SPX",2017-03-07,9.59480276521889e-06,2368.17
".SPX",2017-03-08,1.13179882770868e-05,2363.11
".SPX",2017-03-09,1.21861806668895e-05,2365.01
".SPX",2017-03-10,1.38589253185775e-05,2372.96
".SPX",2017-03-13,5.46183006986813e-06,2373.64
".SPX",2017-03-14,1.44287286947241e-05,2365.37
".SPX",2017-03-15,1.84594016326465e-05,2384.63
".SPX",2017-03-16,1.04123758876415e-05,2381.19
".SPX",2017-03-17,6.38608751687801e-06,2377.94
".SPX",2017-03-20,1.20386930082861e-05,2373.46
".SPX",2017-03-21,4.19847980193843e-05,2343.93
".SPX",2017-03-22,2.87398672329579e-05,2348.53
".SPX",2017-03-23,2.60849690898961e-05,2346.04
".SPX",2017-03-24,2.56331242596275e-05,2344.34
".SPX",2017-03-27,2.29238786424498e-05,2341.61
".SPX",2017-03-28,2.17307349420683e-05,2358.55
".SPX",2017-03-29,1.04472684451511e-05,2361.22
".SPX",2017-03-30,8.98985543259254e-06,2368.07
".SPX",2017-03-31,1.17465019184805e-05,2362.65
".SPX",2017-04-03,2.43682914445755e-05,2358.95
".SPX",2017-04-04,1.31009500986038e-05,2360
".SPX",2017-04-05,3.86042713030848e-05,2352.8
".SPX",2017-04-06,2.62064275015907e-05,2357.61
".SPX",2017-04-07,2.02096712330506e-05,2355.68
".SPX",2017-04-10,2.32821287033044e-05,2357.12
".SPX",2017-04-11,3.17327633539668e-05,2353.96
".SPX",2017-04-12,2.28445345503225e-05,2344.74
".SPX",2017-04-13,2.38872774601896e-05,2329.13
".SPX",2017-04-17,1.26679341200793e-05,2349.1
".SPX",2017-04-18,1.84106097957356e-05,2342.16
".SPX",2017-04-19,1.30645257171488e-05,2337.94
".SPX",2017-04-20,1.26278903976383e-05,2356.03
".SPX",2017-04-21,1.44733970030877e-05,2348.93
".SPX",2017-04-24,8.46222456604551e-06,2374.08
".SPX",2017-04-25,7.22729171321402e-06,2388.59
".SPX",2017-04-26,2.22413040353103e-05,2387.55
".SPX",2017-04-27,1.07626100166163e-05,2388.89
".SPX",2017-04-28,8.86155140590613e-06,2384.05
".SPX",2017-05-01,7.53195609577822e-06,2389
".SPX",2017-05-02,5.83767722686587e-06,2390.84
".SPX",2017-05-03,8.21891678266208e-06,2387.84
".SPX",2017-05-04,1.36752189954925e-05,2389.49
".SPX",2017-05-05,5.58194984793176e-06,2399.22
".SPX",2017-05-08,6.94900584755341e-06,2398.91
".SPX",2017-05-09,6.50405943562989e-06,2396.83
".SPX",2017-05-10,4.80245328119096e-06,2399.45
".SPX",2017-05-11,1.15895221616595e-05,2394.59
".SPX",2017-05-12,5.47486598058047e-06,2390.61
".SPX",2017-05-15,5.4898712757677e-06,2402.32
".SPX",2017-05-16,7.58680305096994e-06,2400.57
".SPX",2017-05-17,3.25246304486023e-05,2357.45
".SPX",2017-05-18,4.33362427491846e-05,2365.73
".SPX",2017-05-19,1.34413636319256e-05,2381.57
".SPX",2017-05-22,6.39058697919769e-06,2393.89
".SPX",2017-05-23,5.31722571660151e-06,2398.6
".SPX",2017-05-24,4.92410754708502e-06,2404.28
".SPX",2017-05-25,8.54100687487039e-06,2414.99
".SPX",2017-05-26,3.64249177361896e-06,2415.53
".SPX",2017-05-30,4.35926925418446e-06,2412.86
".SPX",2017-05-31,1.4444833948179e-05,2411.71
".SPX",2017-06-01,8.02530049182378e-06,2429.91
".SPX",2017-06-02,7.17037721505592e-06,2438.16
".SPX",2017-06-05,4.82770834314217e-06,2436.27
".SPX",2017-06-06,8.52534134740281e-06,2429.44
".SPX",2017-06-07,8.59076198260955e-06,2433.1
".SPX",2017-06-08,1.29697025529963e-05,2433.82
".SPX",2017-06-09,3.59725041132985e-05,2431.23
".SPX",2017-06-12,1.99361860861238e-05,2429.5
".SPX",2017-06-13,8.01960836787584e-06,2440.34
".SPX",2017-06-14,2.04363352563908e-05,2437.86
".SPX",2017-06-15,1.66488529991754e-05,2432.53
".SPX",2017-06-16,1.12024719283353e-05,2433.05
".SPX",2017-06-19,5.87577505875681e-06,2453.06
".SPX",2017-06-20,1.02246991315748e-05,2437.18
".SPX",2017-06-21,1.29215427665389e-05,2435.93
".SPX",2017-06-22,7.23362791028745e-06,2434.66
".SPX",2017-06-23,8.25680019504135e-06,2438.13
".SPX",2017-06-26,1.41693865076346e-05,2439.02
".SPX",2017-06-27,1.95340781800501e-05,2419.73
".SPX",2017-06-28,1.63278371531977e-05,2440.46
".SPX",2017-06-29,4.77911613738665e-05,2419.78
".SPX",2017-06-30,1.92183510740479e-05,2423.51
".SPX",2017-07-03,1.1611653434359e-05,2429.01
".SPX",2017-07-05,1.20795551984219e-05,2432.57
".SPX",2017-07-06,1.99970304634151e-05,2410.09
".SPX",2017-07-07,9.21966144169057e-06,2425.04
".SPX",2017-07-10,6.29213084236922e-06,2427.63
".SPX",2017-07-11,2.0418843030773e-05,2425.72
".SPX",2017-07-12,9.83628646607013e-06,2443.48
".SPX",2017-07-13,4.75323231069055e-06,2448.04
".SPX",2017-07-14,4.7387125243628e-06,2459.22
".SPX",2017-07-17,3.13462876798346e-06,2459.02
".SPX",2017-07-18,8.86622546325954e-06,2460.68
".SPX",2017-07-19,3.93093626362117e-06,2473.5
".SPX",2017-07-20,8.15589261092088e-06,2474.03
".SPX",2017-07-21,4.65047105253961e-06,2472.32
".SPX",2017-07-24,3.53370769291398e-06,2470.93
".SPX",2017-07-25,3.9393554550736e-06,2477.23
".SPX",2017-07-26,5.84398318051174e-06,2477.84
".SPX",2017-07-27,2.62645424083504e-05,2475.45
".SPX",2017-07-28,7.67575612441452e-06,2472.1
".SPX",2017-07-31,7.64059440512919e-06,2470.87
".SPX",2017-08-01,6.85295962595433e-06,2476.18
".SPX",2017-08-02,1.32432150867099e-05,2477.16
".SPX",2017-08-03,7.12495778669556e-06,2472.05
".SPX",2017-08-04,7.71897736824554e-06,2476.36
".SPX",2017-08-07,1.94966111597326e-06,2480.75
".SPX",2017-08-08,1.06571665523507e-05,2474.92
".SPX",2017-08-09,1.82626279453644e-05,2473.92
".SPX",2017-08-10,3.06841915535771e-05,2438.29
".SPX",2017-08-11,1.62354905243152e-05,2441.42
".SPX",2017-08-14,1.02217983430292e-05,2465.28
".SPX",2017-08-15,7.59702738742806e-06,2464.76
".SPX",2017-08-16,9.60256694244737e-06,2468.18
".SPX",2017-08-17,3.21140013636011e-05,2430.26
".SPX",2017-08-18,2.91262216803267e-05,2425.52
".SPX",2017-08-21,1.44618988654941e-05,2428.22
".SPX",2017-08-22,1.10594482130684e-05,2452.49
".SPX",2017-08-23,1.12107456656748e-05,2444.04
".SPX",2017-08-24,1.66578402099255e-05,2438.94
".SPX",2017-08-25,1.24053073509481e-05,2443.49
".SPX",2017-08-28,7.44204210125008e-06,2444.05
".SPX",2017-08-29,9.14134822030488e-06,2446.42
".SPX",2017-08-30,7.94708805665742e-06,2457.42
".SPX",2017-08-31,8.27995494714268e-06,2471.6
".SPX",2017-09-01,6.81299540846173e-06,2476.34
".SPX",2017-09-05,3.4489106485887e-05,2457.92
".SPX",2017-09-06,7.19497645470786e-06,2465.8
".SPX",2017-09-07,1.21684376089196e-05,2465.16
".SPX",2017-09-08,6.87205701694177e-06,2461.68
".SPX",2017-09-11,7.79178380001387e-06,2487.98
".SPX",2017-09-12,4.60442830569007e-06,2496.77
".SPX",2017-09-13,3.45593747485278e-06,2498.14
".SPX",2017-09-14,4.19888245867114e-06,2496.21
".SPX",2017-09-15,3.56081000120036e-06,2499.81
".SPX",2017-09-18,5.1495368830404e-06,2504.12
".SPX",2017-09-19,4.38681803663934e-06,2506.73
".SPX",2017-09-20,1.02019513514766e-05,2508.08
".SPX",2017-09-21,7.74397311285088e-06,2500.88
".SPX",2017-09-22,3.4819222660088e-06,2501.73
".SPX",2017-09-25,1.35189618579601e-05,2496.65
".SPX",2017-09-26,6.5591977228965e-06,2497.2
".SPX",2017-09-27,1.10018765702157e-05,2507.17
".SPX",2017-09-28,5.15129493590292e-06,2509.86
".SPX",2017-09-29,4.89671204831464e-06,2518.95
".SPX",2017-10-02,5.46980898384971e-06,2529.16
".SPX",2017-10-03,4.27470458051908e-06,2534.68
".SPX",2017-10-04,5.11584352848858e-06,2537.73
".SPX",2017-10-05,4.01230779974002e-06,2552.18
".SPX",2017-10-06,4.67029447640729e-06,2548.93
".SPX",2017-10-09,3.77524097377641e-06,2544.61
".SPX",2017-10-10,7.18057416940143e-06,2550.8
".SPX",2017-10-11,3.46457314064859e-06,2555.04
".SPX",2017-10-12,3.94728725845301e-06,2550.52
".SPX",2017-10-13,3.5662985470993e-06,2553.61
".SPX",2017-10-16,3.87914200625151e-06,2557.5
".SPX",2017-10-17,2.34290338309015e-06,2559.4
".SPX",2017-10-18,3.08667778095575e-06,2561.21
".SPX",2017-10-19,5.4727273194873e-06,2562.35
".SPX",2017-10-20,4.2824984948167e-06,2574.92
".SPX",2017-10-23,4.96061289352494e-06,2565.38
".SPX",2017-10-24,6.354013627901e-06,2569.32
".SPX",2017-10-25,2.20536964975328e-05,2557.2
".SPX",2017-10-26,1.24394279698277e-05,2560.4
".SPX",2017-10-27,1.28523358987702e-05,2581.09
".SPX",2017-10-30,1.01904737706796e-05,2572.72
".SPX",2017-10-31,3.84407556573786e-06,2575.15
".SPX",2017-11-01,9.89368395522742e-06,2579.35
".SPX",2017-11-02,1.61029954339895e-05,2579.82
".SPX",2017-11-03,4.47108657474417e-06,2587.84
".SPX",2017-11-06,3.08508695023499e-06,2591.19
".SPX",2017-11-07,8.32593985406281e-06,2589.63
".SPX",2017-11-08,5.65237108566319e-06,2594.36
".SPX",2017-11-09,2.76744358352449e-05,2584.72
".SPX",2017-11-10,6.87645667915611e-06,2582.42
".SPX",2017-11-13,4.78906319464456e-06,2584.92
".SPX",2017-11-14,1.9274928979575e-05,2578.84
".SPX",2017-11-15,2.23254192006828e-05,2564.85
".SPX",2017-11-16,8.05141163213728e-06,2585.67
".SPX",2017-11-17,5.44559408804123e-06,2578.77
".SPX",2017-11-20,4.59728292843435e-06,2582.26
".SPX",2017-11-21,4.81348321037763e-06,2599.24
".SPX",2017-11-22,2.81874248292714e-06,2597.09
".SPX",2017-11-24,1.21805926802506e-06,2602.42
".SPX",2017-11-27,4.6620195125725e-06,2601.5
".SPX",2017-11-28,1.10490632562378e-05,2627.27
".SPX",2017-11-29,1.61482501392257e-05,2626
".SPX",2017-11-30,2.73231651464512e-05,2647.2
".SPX",2017-12-01,8.87852615360357e-05,2641.78
".SPX",2017-12-04,2.26591161981281e-05,2639.04
".SPX",2017-12-05,1.63616489085878e-05,2629.45
".SPX",2017-12-06,1.3038106015239e-05,2629.39
".SPX",2017-12-07,8.91226299235285e-06,2637.11
".SPX",2017-12-08,7.15795292358858e-06,2651.52
".SPX",2017-12-11,6.28610596713131e-06,2659.97
".SPX",2017-12-12,6.53659793570706e-06,2664.39
".SPX",2017-12-13,1.21495633916901e-05,2663.43
".SPX",2017-12-14,1.16518274153733e-05,2652.49
".SPX",2017-12-15,1.25456118477027e-05,2675.3
".SPX",2017-12-18,8.44638380368257e-06,2690.63
".SPX",2017-12-19,8.49925696555759e-06,2681.53
".SPX",2017-12-20,1.34966206602013e-05,2679.37
".SPX",2017-12-21,8.02799761982686e-06,2684.89
".SPX",2017-12-22,4.40157794917856e-06,2683.65
".SPX",2017-12-26,3.03089904188751e-06,2680.42
".SPX",2017-12-27,2.70999545851127e-06,2682.41
".SPX",2017-12-28,1.60050028350271e-06,2687.32
".SPX",2017-12-29,6.70357086621927e-06,2675.92
".SPX",2018-01-02,6.61495162495854e-06,2695.81
".SPX",2018-01-03,5.71847519323922e-06,2712.71
".SPX",2018-01-04,7.30854784272764e-06,2723.91
".SPX",2018-01-05,7.88858623572655e-06,2742.43
".SPX",2018-01-08,6.09844119244572e-06,2747.44
".SPX",2018-01-09,1.05875003045705e-05,2751.69
".SPX",2018-01-10,1.16679783542413e-05,2748.18
".SPX",2018-01-11,6.97726838532345e-06,2767.51
".SPX",2018-01-12,1.03053501532889e-05,2786.05
".SPX",2018-01-16,3.17110348418436e-05,2776.52
".SPX",2018-01-17,1.74734712344247e-05,2802.7
".SPX",2018-01-18,2.14127936226122e-05,2798.31
".SPX",2018-01-19,1.29278453719889e-05,2810.3
".SPX",2018-01-22,1.23617646893238e-05,2833.03
".SPX",2018-01-23,1.05162141253138e-05,2839.32
".SPX",2018-01-24,3.7617881610727e-05,2838.01
".SPX",2018-01-25,3.03969287067787e-05,2839.4
".SPX",2018-01-26,9.10211442542082e-06,2872.46
".SPX",2018-01-29,2.23493718692953e-05,2853.3
".SPX",2018-01-30,3.49297764978391e-05,2822.56
".SPX",2018-01-31,3.27167814952772e-05,2824.54
".SPX",2018-02-01,3.34190319459624e-05,2821.84
".SPX",2018-02-02,7.01557315172572e-05,2761.09
".SPX",2018-02-05,0.00045517992332956,2648.49
".SPX",2018-02-06,0.0006652118347677,2695.39
".SPX",2018-02-07,0.00019721644022892,2681.41
".SPX",2018-02-08,0.00036402829780603,2581.12
".SPX",2018-02-09,0.00063932058428268,2619.74
".SPX",2018-02-12,0.00016588251813957,2655.74
".SPX",2018-02-13,7.1136368978799e-05,2663.11
".SPX",2018-02-14,9.89923055024988e-05,2698.96
".SPX",2018-02-15,7.35512666272774e-05,2731.38
".SPX",2018-02-16,7.21120653077842e-05,2732.36
".SPX",2018-02-20,5.78667557699836e-05,2715.96
".SPX",2018-02-21,7.73794621059401e-05,2701.51
".SPX",2018-02-22,9.65209093211777e-05,2704.02
".SPX",2018-02-23,4.30592984360934e-05,2747.62
".SPX",2018-02-26,3.11986754276991e-05,2779.63
".SPX",2018-02-27,8.01862142592719e-05,2744.25
".SPX",2018-02-28,7.68488211559115e-05,2713.54
".SPX",2018-03-01,0.00023558399384781,2676.49
".SPX",2018-03-02,0.00011902836609684,2691.02
".SPX",2018-03-05,5.8839391575838e-05,2721.02
".SPX",2018-03-06,4.59901179604127e-05,2728.22
".SPX",2018-03-07,4.69711400569799e-05,2727.03
".SPX",2018-03-08,4.34246218225417e-05,2738.94
".SPX",2018-03-09,1.43197101970337e-05,2786.33
".SPX",2018-03-12,2.83998771766072e-05,2783.24
".SPX",2018-03-13,4.91133894695723e-05,2765.16
".SPX",2018-03-14,6.59632001165574e-05,2749.78
".SPX",2018-03-15,2.94795479091539e-05,2747.35
".SPX",2018-03-16,1.86570547763952e-05,2750.86
".SPX",2018-03-19,6.32718404727625e-05,2712.96
".SPX",2018-03-20,3.35957209880123e-05,2717.09
".SPX",2018-03-21,6.19700709927422e-05,2712.07
".SPX",2018-03-22,0.00011473128588842,2643.72
".SPX",2018-03-23,0.00015441694880969,2588.16
".SPX",2018-03-26,0.00013004378234626,2658.74
".SPX",2018-03-27,0.00017655634936501,2612.56
".SPX",2018-03-28,0.00026886926309933,2604.99
".SPX",2018-03-29,9.62181181491729e-05,2641.6
".SPX",2018-04-02,0.00017486296498612,2581.49
".SPX",2018-04-03,0.00017884620023335,2614.41
".SPX",2018-04-04,0.00013083916348714,2644.76
".SPX",2018-04-05,8.62224947600719e-05,2662.73
".SPX",2018-04-06,0.000134196094826,2604.12
".SPX",2018-04-09,7.60365575721216e-05,2613.43
".SPX",2018-04-10,0.00011067990236187,2656.77
".SPX",2018-04-11,7.53530025334777e-05,2642.3
".SPX",2018-04-12,4.99659832183894e-05,2664.06
".SPX",2018-04-13,6.22519132825969e-05,2656.45
".SPX",2018-04-16,3.18181358354922e-05,2677.97
".SPX",2018-04-17,1.65001042384708e-05,2706.27
".SPX",2018-04-18,2.25878657466797e-05,2708.63
".SPX",2018-04-19,3.6060309584774e-05,2693.19
".SPX",2018-04-20,5.21658224458481e-05,2670.29
".SPX",2018-04-23,3.64997469218315e-05,2670.18
".SPX",2018-04-24,0.00014075340827412,2634.47
".SPX",2018-04-25,0.00010056322907137,2639.2
".SPX",2018-04-26,3.78414671423296e-05,2667.33
".SPX",2018-04-27,3.34960670461164e-05,2669.96
".SPX",2018-04-30,4.64527459047965e-05,2648.21
".SPX",2018-05-01,4.74724802262981e-05,2654.46
".SPX",2018-05-02,4.78796371316123e-05,2635.62
".SPX",2018-05-03,0.00010100277034016,2629.69
".SPX",2018-05-04,4.46366345120578e-05,2663.48
".SPX",2018-05-07,2.75077025072889e-05,2672.95
".SPX",2018-05-08,4.52445580351608e-05,2672.03
".SPX",2018-05-09,2.96592797932361e-05,2697.77
".SPX",2018-05-10,2.01084952928079e-05,2722.86
".SPX",2018-05-11,2.06174472048915e-05,2727.72
".SPX",2018-05-14,1.91745535625393e-05,2730.54
".SPX",2018-05-15,3.93917472728143e-05,2711.44
".SPX",2018-05-16,1.61998087489785e-05,2722.57
".SPX",2018-05-17,1.98060905651474e-05,2720.05
".SPX",2018-05-18,2.12736318594077e-05,2713.01
".SPX",2018-05-21,2.6649688880993e-05,2732.98
".SPX",2018-05-22,1.42169774296439e-05,2724.76
".SPX",2018-05-23,2.85224185713911e-05,2733.12
".SPX",2018-05-24,3.27555181126543e-05,2727.67
".SPX",2018-05-25,1.61970098736008e-05,2721.16
".SPX",2018-05-29,5.77435090204442e-05,2689.88
".SPX",2018-05-30,2.12253927934087e-05,2724.08
".SPX",2018-05-31,4.00302515257826e-05,2705.29
".SPX",2018-06-01,2.00944330840091e-05,2734.33
".SPX",2018-06-04,9.65523715216594e-06,2746.83
".SPX",2018-06-05,1.61259560495302e-05,2749.05
".SPX",2018-06-06,1.50986674683906e-05,2772.19
".SPX",2018-06-07,2.95268207588437e-05,2770.05
".SPX",2018-06-08,1.30729539720517e-05,2778.75
".SPX",2018-06-11,7.51832281095754e-06,2782.26
".SPX",2018-06-12,8.46977957688622e-06,2786.79
".SPX",2018-06-13,1.69293248755346e-05,2775.78
".SPX",2018-06-14,1.12119657799492e-05,2782.79
".SPX",2018-06-15,2.55131476563987e-05,2779.41
".SPX",2018-06-18,2.08005629795219e-05,2773.87
".SPX",2018-06-19,2.15680925699306e-05,2762.63
".SPX",2018-06-20,8.01094335261901e-06,2767.51
".SPX",2018-06-21,3.03629295541097e-05,2749.71
".SPX",2018-06-22,1.52653611013151e-05,2754.69
".SPX",2018-06-25,8.24357176649821e-05,2717.06
".SPX",2018-06-26,2.89890520007265e-05,2722.97
".SPX",2018-06-27,7.4225724226149e-05,2699.82
".SPX",2018-06-28,5.7879804320857e-05,2716.45
".SPX",2018-06-29,2.47569189273325e-05,2718.72
".SPX",2018-07-02,3.87190440064495e-05,2726.25
".SPX",2018-07-03,1.4196731639339e-05,2713.22
".SPX",2018-07-05,2.84275386130138e-05,2736.82
".SPX",2018-07-06,2.27713670195047e-05,2759.68
".SPX",2018-07-09,1.1029734733983e-05,2784.32
".SPX",2018-07-10,1.1413431824407e-05,2793.79
".SPX",2018-07-11,1.9422701079708e-05,2774.07
".SPX",2018-07-12,1.65347614578445e-05,2798.28
".SPX",2018-07-13,9.40749198761021e-06,2801.17
".SPX",2018-07-16,9.42559707773481e-06,2798.41
".SPX",2018-07-17,1.22646688321164e-05,2809.75
".SPX",2018-07-18,5.99140237098777e-06,2815.67
".SPX",2018-07-19,1.53930125763909e-05,2804.55
".SPX",2018-07-20,9.52488443691656e-06,2801.95
".SPX",2018-07-24,2.11469407034549e-05,2820.19
".SPX",2018-07-25,2.17891487662842e-05,2846.05
".SPX",2018-07-26,1.19343125345989e-05,2837.48
".SPX",2018-07-27,3.06778378148683e-05,2818.96
".SPX",2018-07-30,2.6027244035954e-05,2802.75
".SPX",2018-07-31,1.92381940250866e-05,2816.2
".SPX",2018-08-01,1.18625216799343e-05,2813.64
".SPX",2018-08-02,1.42048322950209e-05,2827.34
".SPX",2018-08-03,9.04314486816118e-06,2840.23
".SPX",2018-08-06,6.91003704967988e-06,2850.36
".SPX",2018-08-07,8.97527927269658e-06,2858.58
".SPX",2018-08-08,7.62660447268581e-06,2857.77
".SPX",2018-08-09,7.52904727246485e-06,2853.58
".SPX",2018-08-10,2.28748475933433e-05,2833.18
".SPX",2018-08-13,2.5696664502457e-05,2821.95
".SPX",2018-08-14,1.77853727366276e-05,2840.04
".SPX",2018-08-15,4.49349782865133e-05,2818.49
".SPX",2018-08-16,1.63706686474104e-05,2840.77
".SPX",2018-08-17,1.75047989470199e-05,2850.12
".SPX",2018-08-20,8.40461663113924e-06,2857.03
".SPX",2018-08-21,8.95560697788771e-06,2862.78
".SPX",2018-08-22,9.84714331336852e-06,2861.88
".SPX",2018-08-23,1.28494756041546e-05,2857.18
".SPX",2018-08-24,8.7786075056183e-06,2874.83
".SPX",2018-08-27,8.58899856186097e-06,2896.66
".SPX",2018-08-28,9.34311557593449e-06,2897.71
".SPX",2018-08-29,6.73140698085361e-06,2914.11
".SPX",2018-08-30,2.0100691969824e-05,2901.13
".SPX",2018-08-31,1.48929962448595e-05,2901.01
".SPX",2018-09-04,2.31066582642517e-05,2896.74
".SPX",2018-09-05,3.5053643854095e-05,2888.71
".SPX",2018-09-06,3.48915033754283e-05,2878.17
".SPX",2018-09-07,3.81418332176899e-05,2871.9
".SPX",2018-09-10,1.02761274324085e-05,2877.34
".SPX",2018-09-11,1.4721106116145e-05,2887.97
".SPX",2018-09-12,2.48845674114496e-05,2888.84
".SPX",2018-09-13,1.27262043877816e-05,2904.25
".SPX",2018-09-14,1.27576776081149e-05,2905.05
".SPX",2018-09-17,8.42248878089529e-06,2888.95
".SPX",2018-09-18,1.42450414040836e-05,2904.49
".SPX",2018-09-19,1.06345761073733e-05,2908
".SPX",2018-09-20,8.3116738901795e-06,2930.97
".SPX",2018-09-21,6.77764272615214e-06,2929.13
".SPX",2018-09-24,1.12033821430723e-05,2919.39
".SPX",2018-09-25,8.02142531225398e-06,2915.67
".SPX",2018-09-26,2.37408206530485e-05,2906.48
".SPX",2018-09-27,9.74386359942428e-06,2914.21
".SPX",2018-09-28,1.16564504808534e-05,2914.01
".SPX",2018-10-01,1.24215181500125e-05,2924.9
".SPX",2018-10-02,1.57891606759918e-05,2923.52
".SPX",2018-10-03,1.61084509482065e-05,2925.63
".SPX",2018-10-04,4.41303778664696e-05,2901.65
".SPX",2018-10-05,4.23501970503771e-05,2885.72
".SPX",2018-10-08,4.39135457856024e-05,2884.82
".SPX",2018-10-09,4.21250837917848e-05,2880.47
".SPX",2018-10-10,0.00014830151687578,2786.46
".SPX",2018-10-11,0.00038193836687238,2728.35
".SPX",2018-10-12,0.00019813967883244,2766.55
".SPX",2018-10-15,7.85039612958352e-05,2750.68
".SPX",2018-10-16,4.62291226383541e-05,2809.78
".SPX",2018-10-17,0.00010597402388448,2809.24
".SPX",2018-10-18,0.00012568188324334,2769.34
".SPX",2018-10-19,8.80717567564226e-05,2767.53
".SPX",2018-10-22,8.86127696204996e-05,2755.79
".SPX",2018-10-23,0.00012864787086516,2740.6
".SPX",2018-10-24,0.00017764569075569,2656.29
".SPX",2018-10-25,0.00010105157230941,2705.73
".SPX",2018-10-26,0.00032214445677713,2658.23
".SPX",2018-10-29,0.00030207647293688,2641.18
".SPX",2018-10-30,0.00023692909283854,2682.65
".SPX",2018-10-31,8.26775308895612e-05,2711.59
".SPX",2018-11-01,6.92635142422078e-05,2740.21
".SPX",2018-11-02,0.00016257990954526,2722.59
".SPX",2018-11-05,3.5260377278856e-05,2738.22
".SPX",2018-11-06,3.69990625546228e-05,2755.37
".SPX",2018-11-07,4.0816685612373e-05,2813.61
".SPX",2018-11-08,4.46357166229663e-05,2806.86
".SPX",2018-11-09,5.51813469725036e-05,2780.81
".SPX",2018-11-12,9.25563006527285e-05,2726.49
".SPX",2018-11-13,0.00016786281064964,2722.12
".SPX",2018-11-14,0.00012793132870466,2701.9
".SPX",2018-11-15,0.00018641175269165,2730.44
".SPX",2018-11-16,8.18173872137005e-05,2736.54
".SPX",2018-11-19,0.00011501697347216,2690.82
".SPX",2018-11-20,0.00018558809343006,2641.69
".SPX",2018-11-21,3.72241554176866e-05,2649.93
".SPX",2018-11-23,2.59334519617236e-05,2632.56
".SPX",2018-11-26,5.43786705775901e-05,2673.6
".SPX",2018-11-27,6.37269029749502e-05,2682.25
".SPX",2018-11-28,8.90097778816523e-05,2743.9
".SPX",2018-11-29,4.5647213646759e-05,2737.92
".SPX",2018-11-30,2.7678879351844e-05,2758.88
".SPX",2018-12-03,6.64394099969495e-05,2790.33
".SPX",2018-12-04,0.00013923764080758,2700.82
".SPX",2018-12-06,0.00024038458472436,2695.93
".SPX",2018-12-07,0.0002527775982023,2632.95
".SPX",2018-12-10,0.00030184281123795,2637.45
".SPX",2018-12-11,0.00016438735440864,2636.94
".SPX",2018-12-12,9.28215836071783e-05,2651.42
".SPX",2018-12-13,0.00010915344936431,2650.16
".SPX",2018-12-14,0.0001096802923251,2600.21
".SPX",2018-12-17,0.00015121700865185,2546.07
".SPX",2018-12-18,0.0001686396469448,2546.04
".SPX",2018-12-19,0.00065390190299237,2506.87
".SPX",2018-12-20,0.00040188142085976,2466.82
".SPX",2018-12-21,0.00035247987416461,2416.27
".SPX",2018-12-24,0.00022605032332982,2351.1
".SPX",2018-12-26,0.00041781368872761,2467.68
".SPX",2018-12-27,0.00046439615190029,2488.12
".SPX",2018-12-28,0.00021056753089747,2485.59
".SPX",2018-12-31,0.00012582571441797,2507.2
".SPX",2019-01-02,0.00016682534797661,2509.91
".SPX",2019-01-03,0.00025871133210855,2447.95
".SPX",2019-01-04,0.00016452851738021,2531.73
".SPX",2019-01-07,8.03098097478539e-05,2549.94
".SPX",2019-01-08,0.00010526446502673,2574.48
".SPX",2019-01-09,7.80178847384002e-05,2584.93
".SPX",2019-01-10,6.49244038404816e-05,2596.34
".SPX",2019-01-11,3.46839430125379e-05,2596.02
".SPX",2019-01-14,4.09595854650613e-05,2582.12
".SPX",2019-01-15,5.3400431972289e-05,2610.22
".SPX",2019-01-16,2.77019518822737e-05,2615.7
".SPX",2019-01-17,5.89376247804713e-05,2635.95
".SPX",2019-01-18,4.01441728805989e-05,2670.57
".SPX",2019-01-22,8.78051406510803e-05,2633.25
".SPX",2019-01-23,6.59325402352363e-05,2638.87
".SPX",2019-01-24,3.2706566708394e-05,2642.36
".SPX",2019-01-25,2.25039919335892e-05,2664.69
".SPX",2019-01-28,6.21389847128058e-05,2643.78
".SPX",2019-01-29,3.66290701783694e-05,2640.02
".SPX",2019-01-30,7.50975002311214e-05,2681.38
".SPX",2019-01-31,4.15008606663689e-05,2704.35
".SPX",2019-02-01,4.19937277182083e-05,2706.1
".SPX",2019-02-04,2.50743713347059e-05,2724.83
".SPX",2019-02-05,1.77272782976504e-05,2737.43
".SPX",2019-02-06,2.10274833847943e-05,2731.78
".SPX",2019-02-07,6.59911040673115e-05,2706.08
".SPX",2019-02-08,3.29142849125995e-05,2707.8
".SPX",2019-02-11,2.55321739498213e-05,2709.6
".SPX",2019-02-12,2.05706229767638e-05,2744.43
".SPX",2019-02-13,1.97558699591537e-05,2751.71
".SPX",2019-02-14,4.4287950660434e-05,2745.56
".SPX",2019-02-15,2.07140240568792e-05,2775.63
".SPX",2019-02-19,1.19505756137384e-05,2779.93
".SPX",2019-02-20,2.51454262126815e-05,2785.19
".SPX",2019-02-21,2.27226558240051e-05,2775.09
".SPX",2019-02-22,1.44734396479158e-05,2792.62
".SPX",2019-02-25,1.52399569080939e-05,2796.23
".SPX",2019-02-26,2.64404003931871e-05,2793.76
".SPX",2019-02-27,2.3039010436822e-05,2792.33
".SPX",2019-02-28,1.55115551387408e-05,2784.8
".SPX",2019-03-01,2.41358304317956e-05,2803.86
".SPX",2019-03-04,5.94018659365003e-05,2793.07
".SPX",2019-03-05,2.42357848201754e-05,2789.68
".SPX",2019-03-06,2.61677805691109e-05,2771.56
".SPX",2019-03-07,4.80275434342112e-05,2748.87
".SPX",2019-03-08,5.22740408234749e-05,2742.97
".SPX",2019-03-11,1.89644189298144e-05,2783.22
".SPX",2019-03-12,2.12678707410962e-05,2792.07
".SPX",2019-03-13,1.7641207956351e-05,2811.08
".SPX",2019-03-14,1.32651161820268e-05,2808.62
".SPX",2019-03-15,1.78216911524038e-05,2822.47
".SPX",2019-03-18,1.79324450340552e-05,2833.07
".SPX",2019-03-19,4.90817616743848e-05,2833.18
".SPX",2019-03-20,6.29743945965309e-05,2824.12
".SPX",2019-03-21,2.69064503385027e-05,2855.05
".SPX",2019-03-22,8.70143017837112e-05,2800.85
".SPX",2019-03-25,7.52379995629494e-05,2798.44
".SPX",2019-03-26,4.53780708102654e-05,2818.43
".SPX",2019-03-27,5.56340566904846e-05,2805.33
".SPX",2019-03-28,2.73822331609321e-05,2815.4
".SPX",2019-03-29,2.36209429760596e-05,2834.31
".SPX",2019-04-01,2.00264158021934e-05,2867.05
".SPX",2019-04-02,1.31050254093604e-05,2867.24
".SPX",2019-04-03,1.68646784040659e-05,2873.26
".SPX",2019-04-04,1.9754980087787e-05,2879.43
".SPX",2019-04-05,9.35930464116955e-06,2892.63
".SPX",2019-04-08,9.9933257488695e-06,2895.67
".SPX",2019-04-09,2.2462168515747e-05,2878.66
".SPX",2019-04-10,1.0028182177472e-05,2888.53
".SPX",2019-04-11,1.25157134361842e-05,2888.39
".SPX",2019-04-12,1.18174809917674e-05,2907.52
".SPX",2019-04-15,7.01539308310144e-06,2905.54
".SPX",2019-04-16,1.05267277042824e-05,2907.15
".SPX",2019-04-17,1.73053293148105e-05,2900.4
".SPX",2019-04-18,1.31179694247605e-05,2905.12
".SPX",2019-04-22,6.71409746388073e-06,2907.97
".SPX",2019-04-23,1.35762405008514e-05,2933.64
".SPX",2019-04-24,1.08002349749151e-05,2927.32
".SPX",2019-04-25,2.90232872228536e-05,2926.34
".SPX",2019-04-26,1.5472267730121e-05,2939.72
".SPX",2019-04-29,5.48607991379719e-06,2942.99
".SPX",2019-04-30,1.75670964849398e-05,2945.23
".SPX",2019-05-01,3.397951059731e-05,2923.56
".SPX",2019-05-02,4.40206705474332e-05,2917.56
".SPX",2019-05-03,1.25969886644578e-05,2945.3
".SPX",2019-05-06,2.6958113245408e-05,2932.64
".SPX",2019-05-07,0.00010321991777626,2884.16
".SPX",2019-05-08,4.72431188439349e-05,2879.71
".SPX",2019-05-09,0.00010048861891598,2870.58
".SPX",2019-05-10,0.00010645461890214,2881.79
".SPX",2019-05-13,9.9387880486053e-05,2811.8
".SPX",2019-05-14,5.25965406213154e-05,2834.65
".SPX",2019-05-15,5.08286884350159e-05,2851.22
".SPX",2019-05-16,2.94500127201504e-05,2876.43
".SPX",2019-05-17,5.31438290111553e-05,2859.28
".SPX",2019-05-20,4.60309815171674e-05,2839.88
".SPX",2019-05-21,1.72852228068342e-05,2864.53
".SPX",2019-05-22,1.94547128098719e-05,2856.25
".SPX",2019-05-23,6.03697480253754e-05,2822.31
".SPX",2019-05-24,2.78612881578674e-05,2826.67
".SPX",2019-05-28,2.90065233151861e-05,2801.88
".SPX",2019-05-29,7.08534397775126e-05,2782.65
".SPX",2019-05-30,3.57195886928809e-05,2788.93
".SPX",2019-05-31,4.60766889648562e-05,2752
".SPX",2019-06-03,9.33145105028557e-05,2744.02
".SPX",2019-06-04,4.27827357054135e-05,2803.19
".SPX",2019-06-05,4.04002124703871e-05,2826.28
".SPX",2019-06-06,3.63149568622719e-05,2843.84
".SPX",2019-06-07,3.42355999474676e-05,2873.08
".SPX",2019-06-10,2.94914232391778e-05,2886.38
".SPX",2019-06-11,3.49002424974283e-05,2885.71
".SPX",2019-06-12,1.81403360768451e-05,2880.08
".SPX",2019-06-13,2.68315833435536e-05,2891.83
".SPX",2019-06-14,1.91229230138612e-05,2887.08
".SPX",2019-06-17,7.39825506006467e-06,2889.54
".SPX",2019-06-18,3.68100139739364e-05,2917.93
".SPX",2019-06-19,3.21078105099889e-05,2926.39
".SPX",2019-06-20,2.71409909138133e-05,2954.15
".SPX",2019-06-21,1.72029743500331e-05,2950.65
".SPX",2019-06-25,2.87353707350006e-05,2917.46
".SPX",2019-06-26,2.10266376089473e-05,2913.89
".SPX",2019-06-27,1.31047020283666e-05,2924.7
".SPX",2019-06-28,9.94358079837368e-06,2940.48
".SPX",2019-07-01,2.42802567093152e-05,2964.45
".SPX",2019-07-02,2.34780028594295e-05,2973.11
".SPX",2019-07-03,4.69704725017281e-06,2995.82
".SPX",2019-07-05,2.18167886169935e-05,2990.6
".SPX",2019-07-08,1.42046275987793e-05,2976.07
".SPX",2019-07-09,7.44974746757305e-06,2979.71
".SPX",2019-07-10,2.07908372817478e-05,2992.97
".SPX",2019-07-11,1.00465606240897e-05,2999.86
".SPX",2019-07-12,5.16252601471309e-06,3013.58
".SPX",2019-07-15,7.80188550513609e-06,3014.24
".SPX",2019-07-16,1.1211932110586e-05,3003.85
".SPX",2019-07-17,1.48283459510587e-05,2984.49
".SPX",2019-07-18,1.5622261777766e-05,2995.03
".SPX",2019-07-19,2.51212816871393e-05,2976.86
".SPX",2019-07-22,1.62045052643822e-05,2985.09
".SPX",2019-07-23,1.43357768875649e-05,3005.56
".SPX",2019-07-24,8.75369212827021e-06,3019.51
".SPX",2019-07-25,2.31728489522085e-05,3004.07
".SPX",2019-07-26,6.09336684232057e-06,3025.82
".SPX",2019-07-29,7.79321858032104e-06,3020.78
".SPX",2019-07-30,1.69222861426586e-05,3013.26
".SPX",2019-07-31,7.34535452194155e-05,2980.02
".SPX",2019-08-01,0.00019966199292465,2953.55
".SPX",2019-08-02,7.49710655848318e-05,2932.19
".SPX",2019-08-05,0.00014794427760907,2844.69
".SPX",2019-08-06,0.0001019194984869,2881.88
".SPX",2019-08-07,0.00017969034126156,2884.06
".SPX",2019-08-08,3.60632817011897e-05,2938.53
".SPX",2019-08-09,7.88365008805832e-05,2918.84
".SPX",2019-08-12,5.22720685774535e-05,2882.3
".SPX",2019-08-13,0.00020959389274502,2917.02
".SPX",2019-08-14,0.00012984350580532,2840.46
".SPX",2019-08-15,9.47146618374338e-05,2847.66
".SPX",2019-08-16,4.69852579993008e-05,2888.87
".SPX",2019-08-19,2.23236340942479e-05,2923.45
".SPX",2019-08-20,3.38533218427456e-05,2900.89
".SPX",2019-08-21,1.33207214318423e-05,2924.46
".SPX",2019-08-22,5.16652251586303e-05,2923.21
".SPX",2019-08-23,0.0002320061666315,2847.67
".SPX",2019-08-26,5.664759097934e-05,2878.87
".SPX",2019-08-27,5.54909357148397e-05,2868.7
".SPX",2019-08-28,3.8985771563813e-05,2887.97
".SPX",2019-08-29,4.2825722812424e-05,2924.59
".SPX",2019-08-30,3.16054851550032e-05,2925.19
".SPX",2019-09-03,6.17841191795399e-05,2906.39
".SPX",2019-09-04,1.26597984142009e-05,2937.84
".SPX",2019-09-05,2.14693838500372e-05,2975.95
".SPX",2019-09-06,1.52987277937504e-05,2978.73
".SPX",2019-09-09,1.33711146871826e-05,2978.58
".SPX",2019-09-10,3.92545648696762e-05,2979.01
".SPX",2019-09-11,1.51247747242561e-05,3000.55
".SPX",2019-09-12,3.3003247142837e-05,3009.78
".SPX",2019-09-13,1.48887190889275e-05,3007.07
".SPX",2019-09-16,1.44274747637793e-05,2997.81
".SPX",2019-09-17,9.76180490878249e-06,3005.37
".SPX",2019-09-18,3.53777220692871e-05,3006.74
".SPX",2019-09-19,1.82252928475575e-05,3006.41
".SPX",2019-09-20,5.86743102676893e-05,2991.53
".SPX",2019-09-23,1.40631056923931e-05,2991.83
".SPX",2019-09-24,9.25119932530509e-05,2967.11
".SPX",2019-09-25,2.48411785245902e-05,2984.92
".SPX",2019-09-26,3.91884931024431e-05,2978.08
".SPX",2019-09-27,7.10985548823998e-05,2961.99
".SPX",2019-09-30,1.54455967166854e-05,2976.71
".SPX",2019-10-01,6.85133858087569e-05,2940.11
".SPX",2019-10-02,7.32263377995843e-05,2888
".SPX",2019-10-03,0.0001380329002744,2910.93
".SPX",2019-10-04,2.44852441042481e-05,2951.69
".SPX",2019-10-07,3.87589820092374e-05,2938.57
".SPX",2019-10-08,7.09820670331905e-05,2892.91
".SPX",2019-10-09,3.79213738896454e-05,2919.52
".SPX",2019-10-10,5.04302501978512e-05,2938.41
".SPX",2019-10-11,4.91241161320298e-05,2969.88
".SPX",2019-10-14,1.57183693004432e-05,2966.16
".SPX",2019-10-15,1.65892615588682e-05,2995.56
".SPX",2019-10-16,1.11882974570033e-05,2990.09
".SPX",2019-10-17,1.7743857845377e-05,2998.14
".SPX",2019-10-18,2.42083599446448e-05,2986.17
".SPX",2019-10-21,7.9642470893184e-06,3006.71
".SPX",2019-10-22,1.50033446371248e-05,2996.21
".SPX",2019-10-23,1.05079254261349e-05,3004.51
".SPX",2019-10-24,1.56283552869573e-05,3010.18
".SPX",2019-10-25,1.34690114520153e-05,3022.16
".SPX",2019-10-28,1.16722545468167e-05,3039.27
".SPX",2019-10-29,1.24912251929434e-05,3036.71
".SPX",2019-10-30,1.77167501421297e-05,3046.98
".SPX",2019-10-31,3.3698428573605e-05,3037.66
".SPX",2019-11-01,1.12008194875191e-05,3066.87
".SPX",2019-11-04,9.06552806399188e-06,3078.42
".SPX",2019-11-05,9.43377339333328e-06,3074.78
".SPX",2019-11-06,1.3665168588465e-05,3076.74
".SPX",2019-11-07,2.08206912256205e-05,3085.41
".SPX",2019-11-08,1.11274803268483e-05,3092.94
".SPX",2019-11-11,4.36836926766004e-06,3087
".SPX",2019-11-12,1.11384767671066e-05,3091.93
".SPX",2019-11-13,1.55460548244338e-05,3093.86
".SPX",2019-11-14,1.01733735971894e-05,3096.92
".SPX",2019-11-15,6.25742890230733e-06,3120.3
".SPX",2019-11-19,1.15792853984367e-05,3120.14
".SPX",2019-11-20,2.81103598915551e-05,3108.39
".SPX",2019-11-21,1.88141172732471e-05,3103.44
".SPX",2019-11-22,9.50420055593388e-06,3110.09
".SPX",2019-11-25,8.4030497455458e-06,3133.53
".SPX",2019-11-26,5.83869572370458e-06,3140.22
".SPX",2019-11-27,3.01977420621513e-06,3153.75
".SPX",2019-11-29,4.06468381785897e-06,3140.98
".SPX",2019-12-02,3.7741710520913e-05,3114.47
".SPX",2019-12-03,4.46957099954776e-05,3093.32
".SPX",2019-12-04,1.35288326532765e-05,3112.97
".SPX",2019-12-05,1.6677415594692e-05,3117.77
".SPX",2019-12-06,9.87769750331843e-06,3145.86
".SPX",2019-12-09,5.98351779419785e-06,3135.99
".SPX",2019-12-10,2.03267645003373e-05,3132.51
".SPX",2019-12-11,8.38974237112389e-06,3141.42
".SPX",2019-12-12,8.2321129927465e-05,3168.47
".SPX",2019-12-13,4.51314612402877e-05,3168.77
".SPX",2019-12-17,5.53684074662906e-06,3192.15
".SPX",2019-12-18,7.43625962404664e-06,3191.38
".SPX",2019-12-19,7.71555991199918e-06,3205.23
".SPX",2019-12-20,4.71074751314502e-06,3221.16
".SPX",2019-12-23,2.00767753594758e-06,3224.06
".SPX",2019-12-24,1.970807466103e-06,3223.38
".SPX",2019-12-26,4.04339439463868e-06,3240.07
".SPX",2019-12-27,8.0487387269336e-06,3239.96
".SPX",2019-12-30,2.19344318840348e-05,3221.53
".SPX",2019-12-31,1.00540460996276e-05,3230.22
".SPX",2020-01-02,1.53581832119711e-05,3258.04
".SPX",2020-01-03,3.33860409960035e-05,3234.43
".SPX",2020-01-06,1.05816951003882e-05,3246.29
".SPX",2020-01-07,1.18866311036449e-05,3237.17
".SPX",2020-01-08,2.44947259555109e-05,3253.11
".SPX",2020-01-09,1.37311233460316e-05,3274.64
".SPX",2020-01-10,1.60468297188275e-05,3265.35
".SPX",2020-01-13,5.59857397796647e-06,3287.98
".SPX",2020-01-14,1.51277895927506e-05,3282.68
".SPX",2020-01-15,1.64296040558868e-05,3289.53
".SPX",2020-01-16,6.98913886095453e-06,3316.95
".SPX",2020-01-17,9.29130579431084e-06,3329.23
".SPX",2020-01-21,1.16406021234731e-05,3320.95
".SPX",2020-01-22,1.23996982359899e-05,3321.76
".SPX",2020-01-23,2.46649206073785e-05,3325.45
".SPX",2020-01-24,5.41480926806421e-05,3295.42
".SPX",2020-01-27,4.17371602584684e-05,3243.23
".SPX",2020-01-28,2.04891104832873e-05,3276.27
".SPX",2020-01-29,2.55378872913462e-05,3273.49
".SPX",2020-01-30,5.30269633115187e-05,3283.52
".SPX",2020-01-31,8.6012762835645e-05,3224.9
".SPX",2020-02-03,4.46751365611468e-05,3248.74
".SPX",2020-02-04,2.09378639703901e-05,3297.69
".SPX",2020-02-05,2.60181546059135e-05,3334.73
".SPX",2020-02-06,1.94018476336282e-05,3345.74
".SPX",2020-02-07,2.79833503620916e-05,3327.66
".SPX",2020-02-10,1.79298053669343e-05,3352.16
".SPX",2020-02-11,2.31841997987115e-05,3357.81
".SPX",2020-02-12,1.4289737838048e-05,3379.35
".SPX",2020-02-13,2.51314775334367e-05,3374.32
".SPX",2020-02-14,1.30832518272358e-05,3379.94
".SPX",2020-02-18,2.30070813843885e-05,3370.44
".SPX",2020-02-19,6.09833942162999e-06,3386.08
".SPX",2020-02-20,8.94488999226194e-05,3372.92
".SPX",2020-02-21,5.54956557316734e-05,3337.76
".SPX",2020-02-24,0.00011872946603055,3226
".SPX",2020-02-25,0.0002460975593633,3128.51
".SPX",2020-02-26,0.00027596333877677,3116.53
".SPX",2020-02-27,0.00071925856844117,2978.3
".SPX",2020-02-28,0.00140466531256291,2955.42
".SPX",2020-03-02,0.00062740426908062,3090.54
".SPX",2020-03-03,0.00184389455076967,3002.91
".SPX",2020-03-04,0.00026720304433054,3130.08
".SPX",2020-03-05,0.00036606145976557,3024
".SPX",2020-03-06,0.00055553045344988,2972.49
".SPX",2020-03-09,0.00230044651496589,2745.33
".SPX",2020-03-10,0.00109314497201944,2881.84
".SPX",2020-03-11,0.00052317153423118,2741.3
".SPX",2020-03-12,0.00415303891143158,2480.98
".SPX",2020-03-13,0.00262863933070866,2708.47
".SPX",2020-03-16,0.00412105772848223,2386.15
".SPX",2020-03-17,0.00227203113680014,2528.82
".SPX",2020-03-18,0.00248780114554513,2398.3
".SPX",2020-03-19,0.00208766517940654,2409.46
".SPX",2020-03-20,0.00153865724699394,2304.22
".SPX",2020-03-23,0.00286037955710045,2236.7
".SPX",2020-03-24,0.00092387188394283,2446.39
".SPX",2020-03-25,0.00132430620828319,2475
".SPX",2020-03-26,0.0010927357746016,2627.3
".SPX",2020-03-27,0.00056989623515706,2541.45
".SPX",2020-03-30,0.00034610650003986,2626.49
".SPX",2020-03-31,0.00040279036332302,2584.47
".SPX",2020-04-01,0.00032211236332605,2470.72
".SPX",2020-04-02,0.00075772938807552,2526.59
".SPX",2020-04-03,0.00036364405260634,2488.56
".SPX",2020-04-06,0.00023774351729416,2661.51
".SPX",2020-04-07,0.00064603166429283,2658.85
".SPX",2020-04-08,0.00022209158633077,2749.27
".SPX",2020-04-09,0.00035476302179783,2789.47
".SPX",2020-04-13,0.00027972937380479,2761.75
".SPX",2020-04-14,0.00016096950031677,2845.75
".SPX",2020-04-15,0.00020340951163189,2783.82
".SPX",2020-04-16,0.00018539097168791,2799.36
".SPX",2020-04-17,0.00013714318976989,2874.06
".SPX",2020-04-20,0.00016622809243084,2822.89
".SPX",2020-04-21,0.00028071148596116,2736.49
".SPX",2020-04-22,8.38545983872318e-05,2798.7
".SPX",2020-04-23,0.00019383508587309,2797.66
".SPX",2020-04-24,8.82535196946374e-05,2836.6
".SPX",2020-04-27,5.24385532314568e-05,2877.88
".SPX",2020-04-28,0.00014830987778943,2863.57
".SPX",2020-04-29,6.87489117021479e-05,2939.56
".SPX",2020-04-30,0.00016406635263791,2912.09
".SPX",2020-05-01,0.00013838461303574,2831.3
".SPX",2020-05-05,8.73759532585928e-05,2868
".SPX",2020-05-06,0.00010762824268513,2848.62
".SPX",2020-05-07,6.92824151669166e-05,2881.13
".SPX",2020-05-08,3.49305232105539e-05,2929.22
".SPX",2020-05-11,6.16706363286429e-05,2929.94
".SPX",2020-05-12,9.25497888427252e-05,2870.1
".SPX",2020-05-13,0.00030559763364897,2819.97
".SPX",2020-05-14,0.00025274749323412,2852.69
".SPX",2020-05-15,0.00015387201515982,2864.19
".SPX",2020-05-18,0.00010628196744251,2952.95
".SPX",2020-05-19,0.00013746637117387,2922.45
".SPX",2020-05-20,5.18428956116032e-05,2971.55
".SPX",2020-05-21,9.94515166862375e-05,2948.91
".SPX",2020-05-22,4.7964911100726e-05,2955.52
".SPX",2020-05-26,5.43413945406869e-05,2992
".SPX",2020-05-27,0.00013112938404199,3036.09
".SPX",2020-05-28,0.00010398601346382,3029.8
".SPX",2020-05-29,0.0002140245318283,3043.32
".SPX",2020-06-01,3.26376001638267e-05,3055.63
".SPX",2020-06-02,4.46397414331744e-05,3080.84
".SPX",2020-06-03,3.36426719251223e-05,3122.79
".SPX",2020-06-04,6.5886587264467e-05,3112.25
".SPX",2020-06-05,7.77212123610886e-05,3193.33
".SPX",2020-06-08,4.01867310624124e-05,3232.46
".SPX",2020-06-09,7.12606002799758e-05,3207.33
".SPX",2020-06-10,0.00016529649003329,3189.84
".SPX",2020-06-11,0.00029471316311391,3002.59
".SPX",2020-06-12,0.00053709092936075,3040.85
".SPX",2020-06-15,0.00037221719738504,3067.11
".SPX",2020-06-16,0.00029845004040814,3125.99
".SPX",2020-06-17,7.83650606032663e-05,3113.33
".SPX",2020-06-18,7.43535162008483e-05,3115.25
".SPX",2020-06-19,0.0001845770727339,3097.98
".SPX",2020-06-23,4.4991544069682e-05,3131.25
".SPX",2020-06-24,0.00023259841316217,3050.77
".SPX",2020-06-25,0.00015858363178163,3083.39
".SPX",2020-06-26,0.00014174477759851,3009.05
".SPX",2020-06-29,7.85635263843156e-05,3053.53
".SPX",2020-06-30,8.13426907486154e-05,3099.31
".SPX",2020-07-01,7.67450415783662e-05,3115.96
".SPX",2020-07-02,8.369163388354e-05,3130.14
".SPX",2020-07-06,6.71783610856995e-05,3179.68
".SPX",2020-07-07,4.93221957373857e-05,3145.61
".SPX",2020-07-08,7.27105166849768e-05,3170.15
".SPX",2020-07-09,0.00014947096824025,3152.33
".SPX",2020-07-10,8.04182304696924e-05,3184.91
".SPX",2020-07-13,0.00014703371444546,3155.51
".SPX",2020-07-14,0.00019805373050653,3197.59
".SPX",2020-07-15,0.00011999379705876,3226.62
".SPX",2020-07-16,5.57501866271113e-05,3215.65
".SPX",2020-07-17,2.62771620660459e-05,3224.76
".SPX",2020-07-21,4.48217927999477e-05,3257.35
".SPX",2020-07-22,4.15051510373879e-05,3276.14
".SPX",2020-07-23,8.21017576199751e-05,3235.82
".SPX",2020-07-24,7.72170529573794e-05,3215.72
".SPX",2020-07-27,2.23248145642318e-05,3239.47
".SPX",2020-07-28,3.35969364516121e-05,3218.75
".SPX",2020-07-29,3.42115276223901e-05,3258.62
".SPX",2020-07-30,6.62792792520081e-05,3246.6
".SPX",2020-07-31,9.38256784281398e-05,3271.23
".SPX",2020-08-03,2.52588295299703e-05,3294.63
".SPX",2020-08-04,2.68849134841157e-05,3306.64
".SPX",2020-08-05,1.78796989553586e-05,3327.74
".SPX",2020-08-06,2.56011581781386e-05,3349.22
".SPX",2020-08-07,5.11789850149717e-05,3351.39
".SPX",2020-08-10,3.24225277592538e-05,3360.75
".SPX",2020-08-11,9.28155914461042e-05,3334.33
".SPX",2020-08-12,3.10441076091678e-05,3380.19
".SPX",2020-08-13,2.6530685235218e-05,3373.45
".SPX",2020-08-14,3.33628287409946e-05,3372.87
".SPX",2020-08-17,8.450335805928e-06,3382.36
".SPX",2020-08-18,3.30415423636031e-05,3389.78
".SPX",2020-08-19,3.01152784299246e-05,3374.99
".SPX",2020-08-20,1.80735768147463e-05,3385.63
".SPX",2020-08-21,1.94743269404847e-05,3397.24
".SPX",2020-08-25,1.89256137901381e-05,3443.66
".SPX",2020-08-26,2.67965790951605e-05,3478.86
".SPX",2020-08-27,6.75363053655215e-05,3484.91
".SPX",2020-08-28,1.98981774932745e-05,3507.9
".SPX",2020-09-01,3.02891088010831e-05,3526.8
".SPX",2020-09-02,4.58483213946459e-05,3579.95
".SPX",2020-09-03,0.00044660290723138,3455.12
".SPX",2020-09-04,0.00052824084304704,3426.38
".SPX",2020-09-08,0.00028234762549275,3332.01
".SPX",2020-09-09,0.00011279654039191,3398.81
".SPX",2020-09-10,0.00027735622902036,3338.75
".SPX",2020-09-11,0.00016834764698917,3340.82
".SPX",2020-09-14,6.72213857688098e-05,3383.26
".SPX",2020-09-15,3.77410437370702e-05,3400.95
".SPX",2020-09-16,6.61531465793089e-05,3385.67
".SPX",2020-09-17,0.00013235792933372,3357.1
".SPX",2020-09-18,0.00010849477782827,3318.47
".SPX",2020-09-21,0.00017437277611705,3281.47
".SPX",2020-09-22,7.78176695152405e-05,3315.49
".SPX",2020-09-23,0.00012275655399864,3237.01
".SPX",2020-09-24,0.00021530430144505,3246.54
".SPX",2020-09-25,0.00011685533063607,3298.76
".SPX",2020-09-28,7.04154412429226e-05,3352.24
".SPX",2020-09-29,5.25890668497202e-05,3335.33
".SPX",2020-09-30,0.00012786507230933,3361.92
".SPX",2020-10-01,7.32804808241248e-05,3380.86
".SPX",2020-10-02,0.00015211862950563,3348.69
".SPX",2020-10-05,3.20616136061822e-05,3408.42
".SPX",2020-10-06,0.00019553879746321,3360.48
".SPX",2020-10-07,5.38930081262907e-05,3419.04
".SPX",2020-10-08,3.2762718373893e-05,3446.95
".SPX",2020-10-09,2.95110990468651e-05,3477.06
".SPX",2020-10-12,2.64829247798764e-05,3534
".SPX",2020-10-13,5.94927588925143e-05,3511.62
".SPX",2020-10-14,6.66838247228369e-05,3488.68
".SPX",2020-10-15,4.95187723947994e-05,3483.45
".SPX",2020-10-16,4.0807713141678e-05,3483.89
".SPX",2020-10-19,9.04048549953661e-05,3427.37
".SPX",2020-10-20,0.00010515438087224,3443
".SPX",2020-10-21,9.11667588006882e-05,3435.31
".SPX",2020-10-22,7.43369580091683e-05,3453.9
".SPX",2020-10-23,3.42334763837394e-05,3465.73
".SPX",2020-10-26,0.00011357920933408,3401.48
".SPX",2020-10-27,5.8344797429633e-05,3390.44
".SPX",2020-10-28,0.00019986261753305,3271.87
".SPX",2020-10-29,0.0001575475974957,3310.07
".SPX",2020-10-30,0.00027628421511401,3270.6
".SPX",2020-11-02,0.00011645844308332,3310.16
".SPX",2020-11-03,0.00012141160550378,3368.1
".SPX",2020-11-04,0.00019320860725113,3443.46
".SPX",2020-11-05,9.501223434864e-05,3510.29
".SPX",2020-11-06,9.12139043281151e-05,3509.64
".SPX",2020-11-09,0.00043201552706326,3550.72
".SPX",2020-11-10,0.00015498413288757,3545.58
".SPX",2020-11-11,3.78690665305541e-05,3572.73
".SPX",2020-11-12,7.36133016692876e-05,3537.16
".SPX",2020-11-13,3.68682676926694e-05,3585.21
".SPX",2020-11-16,5.33369885231938e-05,3627.66
".SPX",2020-11-17,3.31173670861665e-05,3609.73
".SPX",2020-11-18,4.76774161828668e-05,3567.53
".SPX",2020-11-19,5.64231053996325e-05,3581.5
".SPX",2020-11-20,3.23446927972299e-05,3557.77
".SPX",2020-11-23,6.28620068780008e-05,3577.8
".SPX",2020-11-24,2.45767875080218e-05,3635.39
".SPX",2020-11-25,2.80049501831369e-05,3629.78
".SPX",2020-11-27,7.58107424451727e-06,3638.35
".SPX",2020-11-30,5.34397449602607e-05,3622.74
".SPX",2020-12-01,4.12746027825699e-05,3662.31
".SPX",2020-12-02,2.49331507678239e-05,3668.96
".SPX",2020-12-03,4.27984662331262e-05,3666.74
".SPX",2020-12-04,1.85115571983775e-05,3699.12
".SPX",2020-12-07,1.99602115920683e-05,3692.06
".SPX",2020-12-08,1.36534347450046e-05,3702.16
".SPX",2020-12-09,6.15872362503202e-05,3671.72
".SPX",2020-12-10,6.56243956007134e-05,3667.66
".SPX",2020-12-11,3.77083001688865e-05,3663.72
".SPX",2020-12-14,5.69145548009081e-05,3647.18
".SPX",2020-12-15,2.85064691885621e-05,3695.12
".SPX",2020-12-16,2.12078873855195e-05,3701.23
".SPX",2020-12-17,2.11631294142471e-05,3722.49
".SPX",2020-12-18,4.31658699801916e-05,3709.15
